date,symbol,delta_w,adv
2019-12-31,A,0.0034611799062452793,143334773.2383728
2019-12-31,ABBV,0.01746409704360906,535774950.5783081
2019-12-31,ABT,0.019615086095536218,333221439.9784088
2019-12-31,ACN,0.017468027079778573,339208999.56588745
2019-12-31,ADBE,0.0205201601821092,691377263.4628296
2019-12-31,ADI,0.005584242458223144,213877815.24009705
2019-12-31,AKAM,0.0017953268444710726,89063207.10296631
2019-12-31,ALGN,0.0028401857580192644,149897088.4475708
2019-12-31,ALLE,0.001520610295505072,66173876.17378235
2019-12-31,AMAT,0.007133573320609613,361268716.62425995
2019-12-31,AME,0.0028899053104351246,82559689.70718384
2019-12-31,AMGN,0.019364443680341608,434953546.3157654
2019-12-31,AMT,0.01293250430184332,292706618.8446045
2019-12-31,AZO,0.003875502752934727,275082408.96606445
2019-12-31,BIIB,0.007465613587321013,451611300.2319336
2019-12-31,BMY,0.013406431573084469,962368375.6668091
2019-12-31,CBOE,0.0017086387619973922,62350484.46159363
2019-12-31,CDNS,0.0024779213010817924,113291953.4614563
2019-12-31,CHD,0.0022501711415967456,100041736.3899231
2019-12-31,CL,0.007578877193686402,242557482.39707947
2019-12-31,CME,0.008802662631187142,241621936.06033325
2019-12-31,CPAY,0.0031512577227339063,167836399.55444336
2019-12-31,CPRT,0.0006665361768394659,136182553.8105011
2019-12-31,CRL,0.0009395824178373794,40886887.30773926
2019-12-31,CRM,0.01597773498431432,733025836.9491577
2019-12-31,CSCO,0.02600550073068226,916574461.3418579
2019-12-31,CTSH,0.004565671938633529,147142548.50120544
2019-12-31,DHR,0.012177762034187672,3162189379.0749207
2019-12-31,EBAY,0.004215467196403367,255199510.5243683
2019-12-31,EW,0.002060670268433533,292806315.91186523
2019-12-31,FDS,0.001304806345051164,87493751.60064697
2019-12-31,FFIV,0.00107556742111874,95851431.80236816
2019-12-31,FICO,0.0013836179157793247,61364628.230285645
2019-12-31,FIS,0.005891570835438316,355279847.23205566
2019-12-31,FISV,0.006103137584613311,252509186.4337921
2019-12-31,FTV,0.002055847632184154,131673599.27215767
2019-12-31,GDDY,0.0015147594535349436,97758767.12303162
2019-12-31,GEN,0.0020512488545786378,195294120.26252747
2019-12-31,GPN,0.0036792162935126247,244297418.5180664
2019-12-31,HON,0.01628617681358292,393343451.68302155
2019-12-31,HST,0.0017522958419941511,140072583.82463455
2019-12-31,HSY,0.003932906683663135,90844201.31378174
2019-12-31,ICE,0.006718708948648954,222461909.8968506
2019-12-31,IEX,0.0017020807877579042,64902690.58532715
2019-12-31,ILMN,0.006052282493383065,255559417.34039307
2019-12-31,INTC,0.0344838066367384,1075578607.685852
2019-12-31,INTU,0.008694733285976449,323643953.46832275
2019-12-31,IR,0.0009273934974998161,29745359.160232544
2019-12-31,ISRG,0.0028785849924489603,260722314.59884644
2019-12-31,ITW,0.0075193835220547425,164503343.4616089
2019-12-31,IVZ,0.00091093352918204,94566420.90950012
2019-12-31,JKHY,0.0014375094644515471,43746317.72232056
2019-12-31,JNJ,0.05078306201748085,761406961.8492126
2019-12-31,KDP,0.005192948448267925,49439549.670410156
2019-12-31,KEYS,0.0025009488457382757,132718734.86022949
2019-12-31,KO,0.030358630939881674,514885155.5580139
2019-12-31,LITE,0.0007755364121934275,114448825.86975098
2019-12-31,LULU,0.003594185554995632,427354718.5523987
2019-12-31,LUV,0.003953137251868474,180448841.47605896
2019-12-31,MCD,0.01980648997820337,483228603.250885
2019-12-31,MCO,0.005794435180695209,148754378.6102295
2019-12-31,MDT,0.01940583985673615,403173907.0491791
2019-12-31,META,0.07649126566046024,2228324916.2338257
2019-12-31,MMM,0.010850998373033027,415027502.91171265
2019-12-31,MNST,0.0011020285467846747,157131071.9335556
2019-12-31,MPWR,0.0009653970155443641,43132294.96765137
2019-12-31,MRK,0.029662738323171838,633455196.5938034
2019-12-31,MSCI,0.0027726712934263687,97409417.81768799
2019-12-31,MSFT,0.10000000000000002,2878700243.197632
2019-12-31,MTD,0.002522353156030721,132466486.90185547
2019-12-31,MU,0.007588798810869163,954546559.6393585
2019-12-31,NDSN,0.0011966873263811028,41867136.3861084
2019-12-31,NOW,0.0012979685127424638,438046056.85424805
2019-12-31,NSC,0.006640245382292718,262972913.05541992
2019-12-31,NTAP,0.0019061089551736553,101382850.4781723
2019-12-31,NXPI,0.005336940327744494,290041874.3160248
2019-12-31,ORCL,0.022704873067751333,628185015.1227951
2019-12-31,OXY,0.004706293950011029,385337193.3879852
2019-12-31,PAYX,0.003899237668694986,102942438.07525635
2019-12-31,PFE,0.02834681095908863,566625420.7593689
2019-12-31,PG,0.03987419641832319,806594165.290451
2019-12-31,PHM,0.0013717667346616602,103848536.30981445
2019-12-31,PTC,0.0010978353231560762,37931552.50701904
2019-12-31,QCOM,0.012888990591909802,661149427.8774261
2019-12-31,REGN,0.005499533276581957,296600364.6057129
2019-12-31,RMD,0.002840305097633512,70926817.93365479
2019-12-31,ROK,0.002991713125249446,173774185.5567932
2019-12-31,ROL,0.0009231121094757152,46981057.041835785
2019-12-31,ROP,0.004673077844717541,140356634.75494385
2019-12-31,SNPS,0.0026698379157218534,144440805.16357422
2019-12-31,SPGI,0.008186832267677887,332265572.61402893
2019-12-31,SWKS,0.0026233478406803732,221372538.42163086
2019-12-31,SYK,0.010186351249173584,310190311.0839844
2019-12-31,TECH,0.00026559538817351057,26229328.466033936
2019-12-31,TER,0.0015270363987611659,90293828.93333435
2019-12-31,TMO,0.016828009934792346,302743638.30718994
2019-12-31,TRMB,0.0013345340724657323,30455467.765426636
2019-12-31,TROW,0.0037007508643466577,97794476.73072815
2019-12-31,TTWO,0.0017522831383157704,116456359.18617249
2019-12-31,TXN,0.01620410696193087,452024825.687027
2019-12-31,TYL,0.0015358213934739387,81165175.16326904
2019-12-31,UNP,0.016724127774946793,402647213.5131836
2019-12-31,VEEV,0.002801676231806725,167748114.5729065
2019-12-31,VRSK,0.003124199389555216,99077975.32272339
2019-12-31,VRSN,0.0029508618539393866,100834239.23492432
2019-12-31,VRTX,0.007128130524505086,234709629.17022705
2019-12-31,ZBRA,0.0017696376920429211,93820813.98925781
2019-12-31,ZTS,0.008097783247844452,237054666.54968262
2020-01-31,A,-0.00010884409375141318,145943448.44970703
2020-01-31,ABBV,-0.0014702685149481538,761042903.5930634
2020-01-31,ABT,7.925902144014299e-05,472599033.2496643
2020-01-31,ACN,-0.00043077772357443325,462889788.54599
2020-01-31,ADBE,0.0011061997479962296,737814282.1777344
2020-01-31,ADI,-0.00042293457546864564,238797825.42800903
2020-01-31,AKAM,0.0001464452472804095,98486866.47605896
2020-01-31,ALGN,-0.00022118299472605575,247401614.05944824
2020-01-31,ALLE,5.964910853837723e-05,85636104.67758179
2020-01-31,AMAT,-0.00035092467818557873,390388729.4692993
2020-01-31,AME,-7.275077365616377e-05,112964104.60624695
2020-01-31,AMGN,-0.0019956474015521697,482905239.1532898
2020-01-31,AMT,0.00011866463251932954,331134556.39038086
2020-01-31,AZO,-0.00043100366694244973,255594830.46875
2020-01-31,BIIB,-0.0006959406612259498,403462786.0183716
2020-01-31,BMY,-0.0002482721405522824,862875226.5148163
2020-01-31,CBOE,4.727756931512464e-05,74928924.64523315
2020-01-31,CDNS,0.00010034350772326114,92139665.52391052
2020-01-31,CHD,0.0001257171441898428,119036179.10842896
2020-01-31,CL,0.0005504813037459774,259887205.02738953
2020-01-31,CME,0.0007265460129338239,258608079.88204956
2020-01-31,CPAY,0.0003041160105932408,280113273.49853516
2020-01-31,CPRT,7.771104050016393e-05,122434634.79270935
2020-01-31,CRL,1.1968771168578002e-05,47172883.28857422
2020-01-31,CRM,0.0019469666596010071,818937645.8892822
2020-01-31,CSCO,-0.0010587394925743662,839692844.7162628
2020-01-31,CTSH,-4.3433782904428626e-05,185746131.3621521
2020-01-31,DHR,0.0005967513884658129,369076932.6501694
2020-01-31,EBAY,-0.0008044354387812956,286065579.4868469
2020-01-31,EW,-0.00011704654281054694,297456766.5527344
2020-01-31,FDS,8.774758422804636e-05,78855550.37841797
2020-01-31,FFIV,-0.00013424777204021257,84163252.0111084
2020-01-31,FICO,0.0001035008920219696,81607948.74420166
2020-01-31,FIS,0.00019853278507274592,449029184.4314575
2020-01-31,FISV,0.00016238867049231734,285990020.26519775
2020-01-31,FTV,-3.764979366451676e-05,119133544.0223751
2020-01-31,GDDY,-1.4613563667746285e-05,73012690.2633667
2020-01-31,GEN,0.00023495708843835608,241063210.1688385
2020-01-31,GPN,0.00026298655559132186,254258837.6312256
2020-01-31,HLT,0.004058077957273268,201658901.85127258
2020-01-31,HON,-0.0003348241804502425,434736339.7200775
2020-01-31,HST,-0.00020750675948664793,133428079.11605835
2020-01-31,HSY,0.0002225309389297745,125704163.59863281
2020-01-31,ICE,0.0005278586218765806,224167692.41752625
2020-01-31,IEX,-7.933016104054902e-05,59131173.51837158
2020-01-31,ILMN,-0.0007559194747362163,348417852.67004395
2020-01-31,INTC,0.0005359177569893916,1281912153.2079697
2020-01-31,INTU,0.0006200267986680233,311764875.0
2020-01-31,IR,-3.391099645103394e-05,30531223.323249817
2020-01-31,ISRG,-0.00015053486715657215,419346845.32928467
2020-01-31,ITW,-0.00018868503716046748,210886361.37695312
2020-01-31,IVZ,-3.373742099099179e-05,77120542.38586426
2020-01-31,JKHY,3.939211750378737e-05,51501559.13543701
2020-01-31,JNJ,0.001086632489828425,1050753670.262146
2020-01-31,KDP,-7.11696884765408e-05,84431105.87759018
2020-01-31,KEYS,-0.00023306749286606566,139082558.51249695
2020-01-31,KO,0.0016989707624433144,776639303.0912399
2020-01-31,LITE,-3.3919102213770635e-05,94723060.8707428
2020-01-31,LULU,0.00012279512486552133,305941371.14715576
2020-01-31,LUV,7.651295994411372e-05,250107738.94557953
2020-01-31,MCD,0.0016572347109614846,735734707.3440552
2020-01-31,MCO,0.00047811027060633976,178517566.9418335
2020-01-31,MDT,0.00035647811626488696,499467112.5545502
2020-01-31,META,-0.0023436067361482654,2916228906.7489624
2020-01-31,MMM,-0.0010844092427604295,484248962.6534653
2020-01-31,MNST,5.383113470410991e-05,176502989.8513794
2020-01-31,MPWR,-3.639128765406082e-05,55630382.20825195
2020-01-31,MRK,-0.0017743511623053883,834147625.5597382
2020-01-31,MSCI,0.00029911931791908476,119012557.2479248
2020-01-31,MTD,-0.00011282446501252293,118159954.89807129
2020-01-31,MU,-9.126248317724382e-05,1324362224.7737885
2020-01-31,NDSN,4.525090109455004e-05,41302654.97589111
2020-01-31,NOW,0.00025831335228852326,507068081.5296173
2020-01-31,NSC,0.00048740948180722027,298008212.44659424
2020-01-31,NTAP,-0.0002696570866994614,120057297.5769043
2020-01-31,NXPI,-1.2441560127498391e-05,304488887.903595
2020-01-31,ORCL,-0.0002088251791822482,513936030.0842285
2020-01-31,OXY,-0.00016646700217874157,481535678.39126587
2020-01-31,PAYX,3.574963504131322e-05,122083338.45405579
2020-01-31,PFE,-0.0013816475927577142,847710733.5738316
2020-01-31,PG,-5.698349306589717e-05,874599282.9814911
2020-01-31,PHM,-0.0013717667346616602,147052988.63010406
2020-01-31,PTC,0.00012163861414160463,56967631.03103638
2020-01-31,QCOM,-0.00041641509660564346,807555765.498352
2020-01-31,REGN,-0.0005458045979492019,259913074.8779297
2020-01-31,RMD,7.568560716496395e-05,72756137.93029785
2020-01-31,ROK,-0.0001602195781300825,144790842.7345276
2020-01-31,ROL,0.0001342050883111688,52223931.42457008
2020-01-31,ROP,0.0003659634111275517,160368341.21704102
2020-01-31,SNPS,0.00016168915727222347,126746710.02731323
2020-01-31,SPGI,0.0006272203716456443,278506301.1574402
2020-01-31,SWKS,-0.00016575686895168923,273174672.86987305
2020-01-31,SYK,4.520226032354857e-05,325046403.2897949
2020-01-31,TECH,-1.1335950358842795e-05,28687913.235473633
2020-01-31,TER,-4.806287875584346e-05,149689605.41687012
2020-01-31,TMO,-0.0005918003440238372,364620093.31359863
2020-01-31,TRMB,2.7677755801888996e-05,42348154.50439453
2020-01-31,TROW,0.00035837406426956434,140720222.98583984
2020-01-31,TTWO,3.30837269896158e-05,142156118.6405182
2020-01-31,TXN,-0.0009525826455389005,645732840.7096863
2020-01-31,TYL,0.00012246668489990947,67531177.24609375
2020-01-31,UNP,-0.0001132134924250773,575146764.995575
2020-01-31,VEEV,0.00012089104864073438,183337952.444458
2020-01-31,VRSK,0.00027744876992510156,104773855.0125122
2020-01-31,VRSN,0.00023936382885687574,100337516.0522461
2020-01-31,VRTX,0.0002697244461454945,252723620.34606934
2020-01-31,ZBRA,-0.0001124057290459988,96066452.20565796
2020-01-31,ZTS,0.00012049197319025443,255717826.76391602
2020-02-12,A,1.5184064649014124e-05,144262424.49111938
2020-02-12,ABBV,7.244242222374103e-05,889855493.3654785
2020-02-12,ABT,8.920353634074216e-05,404322062.08496094
2020-02-12,ACN,7.71684909076989e-05,387104089.8780823
2020-02-12,ADBE,9.795440124994378e-05,811354283.039856
2020-02-12,ADI,2.337761994879433e-05,254410869.30465698
2020-02-12,AKAM,8.79505951191452e-06,92608918.56918335
2020-02-12,ALGN,1.1862507069125474e-05,257700447.8363037
2020-02-12,ALLE,7.157624502826445e-06,86455399.88174438
2020-02-12,AMAT,3.072131828031274e-05,398768555.70602417
2020-02-12,AME,1.276001540576402e-05,123679782.6095581
2020-02-12,AMGN,7.867019902654121e-05,541359625.8644104
2020-02-12,AMT,5.911394440437888e-05,325644126.0192871
2020-02-12,AZO,1.5601508837584984e-05,269402105.5969238
2020-02-12,BIIB,3.066254609082261e-05,517859397.82714844
2020-02-12,BMY,5.9598547001464205e-05,855810447.9103088
2020-02-12,CBOE,7.953244717770133e-06,69318728.70025635
2020-02-12,CDNS,1.1677988641016143e-05,96116122.82600403
2020-02-12,CHD,1.0761344730372477e-05,122907779.42199707
2020-02-12,CL,3.682110381662482e-05,271119711.48643494
2020-02-12,CME,4.316158290796138e-05,265019254.01000977
2020-02-12,CPAY,1.565076444842023e-05,221359658.39233398
2020-02-12,CPRT,3.3709921961925463e-06,106237510.15739441
2020-02-12,CRL,4.309954485127846e-06,45835495.21179199
2020-02-12,CRM,8.118811592834965e-05,766099577.9670715
2020-02-12,CSCO,0.00011299382180365858,813936547.7584839
2020-02-12,CTSH,2.0483018514707955e-05,207571680.15155792
2020-02-12,DHR,5.786086135713478e-05,347332410.09877014
2020-02-12,EBAY,1.5449921972179436e-05,429989782.4295044
2020-02-12,EW,8.803446299510955e-06,313145532.82585144
2020-02-12,FDS,6.307431615475449e-06,81306173.55651855
2020-02-12,FFIV,4.263611763990604e-06,93065347.62115479
2020-02-12,FICO,6.735753630129557e-06,81607948.74420166
2020-02-12,FIS,2.7584505928194072e-05,429321660.47058105
2020-02-12,FISV,2.8379064938259882e-05,347331712.58239746
2020-02-12,FTV,9.141222171232203e-06,117961000.91967964
2020-02-12,GDDY,6.7947584755094666e-06,71336600.51994324
2020-02-12,GEN,1.0355137665610768e-05,216441923.7625122
2020-02-12,GPN,1.7855807493162394e-05,290375639.96429443
2020-02-12,HLT,-0.004058077957273268,224187826.4152527
2020-02-12,HON,7.22500319681671e-05,473953145.7020111
2020-02-12,HST,6.9969652832708486e-06,117544363.72013092
2020-02-12,HSY,1.8821632746707923e-05,123847432.46154785
2020-02-12,ICE,3.282259195639889e-05,234495369.713974
2020-02-12,IEX,7.350084181147231e-06,62525980.10559082
2020-02-12,ILMN,2.398933847261482e-05,356959050.1671753
2020-02-12,INTC,0.0001586182855557866,1336115577.7656555
2020-02-12,INTU,4.219025993403881e-05,301039525.8453369
2020-02-12,IR,4.046938259623595e-06,35470873.39553833
2020-02-12,ISRG,1.2356426022062505e-05,350906251.6456604
2020-02-12,ITW,3.320365438994055e-05,210886361.37695312
2020-02-12,IVZ,3.973170696979769e-06,83547450.49676895
2020-02-12,JKHY,6.68947574317103e-06,64173681.16455078
2020-02-12,JNJ,0.00023493851415132272,966331300.0930786
2020-02-12,KDP,2.31985768003257e-05,71873079.14085388
2020-02-12,KEYS,1.0272138295324383e-05,162275948.62747192
2020-02-12,KO,0.00014520165161447524,731959987.2192383
2020-02-12,LITE,3.3590802978600287e-06,124294817.1043396
2020-02-12,LULU,1.683568654781099e-05,288181122.1343994
2020-02-12,LUV,1.825189144268914e-05,237753226.64337158
2020-02-12,MCD,9.721776144093128e-05,708157550.9918213
2020-02-12,MCO,2.8410857674663476e-05,196901394.3939209
2020-02-12,MDT,8.95114124897893e-05,482148380.65605164
2020-02-12,META,0.0003358442917573562,2916383374.030304
2020-02-12,MMM,4.423677371512974e-05,531125649.90921783
2020-02-12,MNST,5.23534905527809e-06,171284642.16957092
2020-02-12,MPWR,4.207837108388245e-06,59916072.048187256
2020-02-12,MRK,0.00012631761771274286,872548302.5453758
2020-02-12,MSCI,1.3913363648436396e-05,117278040.15197754
2020-02-12,MTD,1.0913715529846726e-05,115901758.0444336
2020-02-12,MU,3.395932945730613e-05,1324362224.7737885
2020-02-12,NDSN,5.625233088460847e-06,36392871.31347656
2020-02-12,NOW,7.049020674673853e-06,591489107.8586578
2020-02-12,NSC,3.228398892766125e-05,311457368.66760254
2020-02-12,NTAP,7.412142564389157e-06,128738429.94041443
2020-02-12,NXPI,2.4116776490524898e-05,329904630.2139282
2020-02-12,ORCL,0.00010189356454514895,463421875.9431839
2020-02-12,OXY,2.056268516248145e-05,367111328.76968384
2020-02-12,PAYX,1.7823125413123607e-05,121042705.65719604
2020-02-12,PFE,0.00012213596928435655,905215341.1428642
2020-02-12,PG,0.00018034802269732003,783646877.7645111
2020-02-12,PTC,5.523483367241098e-06,53374131.05392456
2020-02-12,QCOM,5.6493264175559374e-05,835265487.1356964
2020-02-12,REGN,2.2437411022399427e-05,337354143.2067871
2020-02-12,RMD,1.320768379246785e-05,86490111.15188599
2020-02-12,ROK,1.2824962497042826e-05,144517114.06555176
2020-02-12,ROL,4.789010881868592e-06,49535982.08756447
2020-02-12,ROP,2.282382567779951e-05,156846693.56689453
2020-02-12,SNPS,1.2825114349088087e-05,129899967.27218628
2020-02-12,SPGI,3.9922356404905116e-05,318410841.205246
2020-02-12,SWKS,1.1131408749830152e-05,253576263.57269287
2020-02-12,SYK,4.6342782655918804e-05,312223812.5579834
2020-02-12,TECH,1.1516423047510695e-06,31206843.830108643
2020-02-12,TER,6.698860376172944e-06,139614341.82662964
2020-02-12,TMO,7.354026263191663e-05,528874709.76104736
2020-02-12,TRMB,6.170000150038839e-06,41504984.91706848
2020-02-12,TROW,1.8385394179433988e-05,153741505.11016846
2020-02-12,TTWO,8.086637920930086e-06,183769112.6197815
2020-02-12,TXN,6.90802306717083e-05,676437952.0622253
2020-02-12,TYL,7.511047459766778e-06,70962015.64025879
2020-02-12,UNP,7.52374494837442e-05,543717635.4309082
2020-02-12,VEEV,1.3237471724049724e-05,150658556.72302246
2020-02-12,VRSK,1.5407419917256183e-05,100862774.61242676
2020-02-12,VRSN,1.4449803278057498e-05,105240778.99169922
2020-02-12,VRTX,3.3507832872752864e-05,336984896.08306885
2020-02-12,ZBRA,7.50626389241075e-06,83291471.77734375
2020-02-12,ZTS,3.7223843087113434e-05,273152957.5012207
2020-02-21,A,2.898737419154175e-05,153823723.695755
2020-02-21,ABBV,0.00013829733005499972,884736167.7360535
2020-02-21,ABT,0.0001702953950005609,381735010.3252411
2020-02-21,ACN,0.00014731970479875747,366823768.76831055
2020-02-21,ADBE,0.0001870013694208611,849546147.5601196
2020-02-21,ADI,4.462940805559194e-05,294759404.95643616
2020-02-21,AKAM,1.679034481227035e-05,102743337.68005371
2020-02-21,ALGN,2.264630316131319e-05,203779356.83898926
2020-02-21,ALLE,1.3664374104166085e-05,86455399.88174438
2020-02-21,AMAT,5.864900928926817e-05,534118180.66921234
2020-02-21,AME,2.435970537577629e-05,126088070.18661499
2020-02-21,AMGN,0.00015018656398130617,480394269.18411255
2020-02-21,AMT,0.00011285239268912957,350021182.4645996
2020-02-21,AZO,2.978430249617626e-05,236726007.1044922
2020-02-21,BIIB,5.8536809329099056e-05,467337872.8897095
2020-02-21,BMY,0.00011377753079546901,783353289.2944336
2020-02-21,CBOE,1.5183265219163898e-05,68064517.03491211
2020-02-21,CDNS,2.229404539341685e-05,103559437.20741272
2020-02-21,CHD,2.0544112114520736e-05,110660411.20605469
2020-02-21,CL,7.029389950255656e-05,271119711.48643494
2020-02-21,CME,8.23982894813044e-05,317600158.2221985
2020-02-21,CPAY,2.9878334684216648e-05,221405054.3838501
2020-02-21,CPRT,6.43544495143773e-06,122513030.36384583
2020-02-21,CRL,8.227985476670619e-06,45835495.21179199
2020-02-21,CRM,0.0001549934323069463,765288833.1169128
2020-02-21,CSCO,0.0002157126085581898,893342723.6646652
2020-02-21,CTSH,3.910342427952424e-05,214202190.64712524
2020-02-21,DHR,0.00011046017505682293,318365029.5126648
2020-02-21,EBAY,2.949491323897763e-05,474609025.9689331
2020-02-21,EW,1.6806355739248024e-05,311211546.51031494
2020-02-21,FDS,1.2041300182241872e-05,84654158.58764648
2020-02-21,FFIV,8.13951418589861e-06,87935888.26751709
2020-02-21,FICO,1.2858994969524445e-05,85096129.24804688
2020-02-21,FIS,-0.006117688126439256,422791560.8947754
2020-02-21,FISV,5.4177494207707615e-05,389175098.6053467
2020-02-21,FTV,1.7451192007584236e-05,120615523.30788994
2020-02-21,GDDY,1.2971639085027813e-05,88768995.66421509
2020-02-21,GEN,1.976863621543307e-05,191907564.51339722
2020-02-21,GPN,3.408790631894646e-05,301448777.1003723
2020-02-21,HON,0.00013793004445275883,447882760.0998306
2020-02-21,HST,1.3357665128524605e-05,145461224.58171844
2020-02-21,HSY,3.593173000353538e-05,122988847.16720581
2020-02-21,ICE,6.266047840083454e-05,248006726.63955688
2020-02-21,IEX,1.4031792238982385e-05,61316976.78527832
2020-02-21,ILMN,4.579721879400568e-05,356959050.1671753
2020-02-21,INTC,0.0003028126989254379,1221459606.2194824
2020-02-21,INTU,8.054397028833468e-05,270508993.85375977
2020-02-21,IR,7.725870270803323e-06,47474768.27545166
2020-02-21,ISRG,2.358922680132866e-05,389002028.1967163
2020-02-21,ITW,6.3387951551583e-05,199291558.92944336
2020-02-21,IVZ,7.585043160870551e-06,81587934.35277939
2020-02-21,JKHY,1.2770647451446895e-05,74757155.51223755
2020-02-21,JNJ,0.0004485130153968134,949378015.1046753
2020-02-21,KDP,4.4287602955241784e-05,49222570.9025383
2020-02-21,KEYS,1.9610184979894016e-05,156268727.41470337
2020-02-21,KO,0.00027719946574726595,598619070.6518173
2020-02-21,LITE,6.412704357118765e-06,125526017.1043396
2020-02-21,LULU,3.214042860154613e-05,273313385.307312
2020-02-21,LUV,3.484405652783972e-05,178951961.3515854
2020-02-21,MCD,0.00018559507576486334,619519097.9377747
2020-02-21,MCO,5.42381886243868e-05,207902589.99023438
2020-02-21,MDT,0.00017088315073944538,492062434.96513367
2020-02-21,META,0.0006411487556394063,2941655461.36322
2020-02-21,MMM,8.445089917278985e-05,532352276.1154785
2020-02-21,MNST,9.99462433786064e-06,183668914.08348083
2020-02-21,MPWR,8.033036714304729e-06,58028199.922943115
2020-02-21,MRK,0.00024114860785060324,878433327.6598549
2020-02-21,MSCI,2.6561522732084213e-05,141287797.23815918
2020-02-21,MTD,2.0834997953215247e-05,115901758.0444336
2020-02-21,MU,6.483058476286843e-05,1306537911.5642548
2020-02-21,NDSN,1.0738938500267888e-05,36790397.983551025
2020-02-21,NOW,-0.0015633308857056609,591489107.8586578
2020-02-21,NSC,6.163224993265947e-05,290882227.77557373
2020-02-21,NTAP,1.4150265758316278e-05,130779199.80697632
2020-02-21,NXPI,4.60405063192346e-05,317781328.6437988
2020-02-21,ORCL,0.0001945214902237674,432766916.62921906
2020-02-21,OXY,3.925551312944451e-05,349426307.8845978
2020-02-21,PAYX,3.402551408700303e-05,104628295.58486938
2020-02-21,PFE,0.0002331655670421602,943916737.6716137
2020-02-21,PG,0.0003442961907417358,774108219.102478
2020-02-21,PTC,1.0544691616376067e-05,44558852.83279419
2020-02-21,QCOM,0.00010784934243973296,814886578.4080505
2020-02-21,REGN,4.283448761777716e-05,290729949.22943115
2020-02-21,RMD,2.521433365476871e-05,87096074.02954102
2020-02-21,ROK,2.448369362800405e-05,146212019.83642578
2020-02-21,ROL,9.142535523194327e-06,45708481.23335838
2020-02-21,ROP,4.3572178510701415e-05,142873583.82873535
2020-02-21,SNPS,2.448398352350705e-05,132902259.67559814
2020-02-21,SPGI,7.621439387062862e-05,344565316.51594543
2020-02-21,SWKS,2.125058857222915e-05,216590049.95918274
2020-02-21,SYK,8.847140821490254e-05,275078200.1068115
2020-02-21,TECH,2.1985606090524747e-06,32130326.885986328
2020-02-21,TER,1.2788563330677584e-05,146694921.4454651
2020-02-21,TMO,0.00014039317931868744,533386176.6433716
2020-02-21,TRMB,1.1778934510968007e-05,39282630.88607788
2020-02-21,TROW,3.509892199865267e-05,148988572.29537964
2020-02-21,TTWO,1.5437921583186156e-05,187422900.7030487
2020-02-21,TXN,0.00013187868610984102,559173145.5970764
2020-02-21,TYL,1.4339081683298078e-05,81103572.73406982
2020-02-21,UNP,0.0001436332202091918,466186137.92800903
2020-02-21,VEEV,2.5271200767701396e-05,163069666.6770935
2020-02-21,VRSK,2.9413774031627257e-05,96171120.6817627
2020-02-21,VRSN,2.7585621129610962e-05,114670311.4479065
2020-02-21,VRTX,6.396864820337831e-05,325584651.1779785
2020-02-21,ZBRA,1.4329949539821979e-05,89869302.809906
2020-02-21,ZTS,7.106275515518685e-05,261386629.93164062
2020-02-24,A,7.797792818933563e-05,159702824.18441772
2020-02-24,ABBV,-0.016204568280939646,884736167.7360535
2020-02-24,ABT,0.0004581057254300358,387540273.7483978
2020-02-24,ACN,0.0003962996194744571,366823768.76831055
2020-02-24,ADBE,0.0005030458867937744,889796772.064209
2020-02-24,ADI,0.00012005602002774368,306236691.9868469
2020-02-24,AKAM,4.51671232238552e-05,109385565.13557434
2020-02-24,ALGN,6.092003332202733e-05,203779356.83898926
2020-02-24,ALLE,3.675805802920255e-05,86156123.42300415
2020-02-24,AMAT,0.0001577696622162032,546952655.2501678
2020-02-24,AME,6.552919708953386e-05,127974069.00939941
2020-02-24,AMGN,0.00040401165775665743,480394269.18411255
2020-02-24,AMT,0.0003035803006840015,374723210.63842773
2020-02-24,AZO,8.012171733354136e-05,236726007.1044922
2020-02-24,BIIB,0.00015746783700157797,490696552.16674805
2020-02-24,BMY,0.0003060689825613097,764567166.7625427
2020-02-24,CBOE,4.0843974246037836e-05,73821515.72265625
2020-02-24,CDNS,5.9972436939284383e-05,106102544.77043152
2020-02-24,CHD,5.526500222456177e-05,106154677.05192566
2020-02-24,CL,0.00018909517679452717,293790203.51867676
2020-02-24,CME,0.0002216567757272747,338199787.04833984
2020-02-24,CPAY,8.037467005558114e-05,225310089.86663818
2020-02-24,CPRT,1.7311766873871152e-05,135404582.93266296
2020-02-24,CRL,2.2133817861637816e-05,46541582.052612305
2020-02-24,CRM,0.00041694244723195634,765288833.1169128
2020-02-24,CSCO,0.0005802809936676818,924971061.1093521
2020-02-24,CTSH,0.00010519076306385669,218215420.8190918
2020-02-24,DHR,0.00029714507914538335,330890304.6123047
2020-02-24,EBAY,7.934324134715141e-05,531390799.50027466
2020-02-24,EW,4.521019366224288e-05,311211546.51031494
2020-02-24,FDS,3.239188326313049e-05,84654158.58764648
2020-02-24,FFIV,2.1895824316135932e-05,87935888.26751709
2020-02-24,FICO,3.459153560080681e-05,90222246.57440186
2020-02-24,FISV,0.00014574099485145913,395147360.50567627
2020-02-24,FTV,4.694484530381364e-05,121788066.4105854
2020-02-24,GDDY,3.489455562226949e-05,92662971.44851685
2020-02-24,GEN,5.317892145118757e-05,191907564.51339722
2020-02-24,GPN,-0.003994146562916055,328367881.6383362
2020-02-24,HON,0.0003710408204075123,447882760.0998306
2020-02-24,HST,3.593299086997767e-05,145461224.58171844
2020-02-24,HSY,9.665869848783561e-05,124195939.71176147
2020-02-24,ICE,0.000168560775900683,248006726.63955688
2020-02-24,IEX,3.774643678827413e-05,62525980.10559082
2020-02-24,ILMN,0.00012319750712130005,375595366.7872925
2020-02-24,INTC,0.0008145859206011297,1221459606.2194824
2020-02-24,INTU,0.00021666853609184425,270508993.85375977
2020-02-24,IR,2.0783095191582394e-05,48273653.38935852
2020-02-24,ISRG,6.345655944554928e-05,389002028.1967163
2020-02-24,ITW,0.0001705177261485365,199926071.27685547
2020-02-24,IVZ,2.040426107598138e-05,81587934.35277939
2020-02-24,JKHY,3.435387501192987e-05,76541059.39712524
2020-02-24,JNJ,0.0012065292797993551,949378015.1046753
2020-02-24,KDP,0.00011913654200280434,48065704.61616516
2020-02-24,KEYS,5.275267728761541e-05,158575538.82751465
2020-02-24,KO,0.000745684651922332,625879966.1407471
2020-02-24,LITE,1.725059319118206e-05,133614252.24609375
2020-02-24,LULU,8.645985030949089e-05,289034913.2926941
2020-02-24,LUV,9.373278586046873e-05,178951961.3515854
2020-02-24,MCD,0.0004992628650893685,619519097.9377747
2020-02-24,MCO,0.0001459042667930335,214414022.97668457
2020-02-24,MDT,0.0004596868267225003,529717307.0362091
2020-02-24,META,0.0017247319917828297,2964712276.1749268
2020-02-24,MMM,0.000227178429743468,550007717.7174606
2020-02-24,MNST,2.6886191682876657e-05,193528765.35720825
2020-02-24,MPWR,2.1609392969203093e-05,58028199.922943115
2020-02-24,MRK,0.0006487054916281404,878433327.6598549
2020-02-24,MSCI,7.14522294608614e-05,144911307.04193115
2020-02-24,MTD,5.604750411283745e-05,118051899.11499023
2020-02-24,MU,0.00017439850362806555,1306537911.5642548
2020-02-24,NDSN,2.888844535107733e-05,36790397.983551025
2020-02-24,NSC,0.00016579477422271928,298181244.69451904
2020-02-24,NTAP,3.8065138286446634e-05,131299978.67546082
2020-02-24,NXPI,0.00012385196644025282,317781328.6437988
2020-02-24,ORCL,0.0005232755024902266,448006598.8828659
2020-02-24,OXY,0.00010559989199492806,349426307.8845978
2020-02-24,PAYX,9.15308532794144e-05,114880486.61727905
2020-02-24,PFE,0.0006272305909082662,943916737.6716137
2020-02-24,PG,0.0009261792206537514,774108219.102478
2020-02-24,PTC,2.8365908557539347e-05,44558852.83279419
2020-02-24,QCOM,0.00029012176903166036,814886578.4080505
2020-02-24,REGN,0.00011522756691983039,290729949.22943115
2020-02-24,RMD,6.782820293006232e-05,85742696.3104248
2020-02-24,ROK,6.586273357906541e-05,159309754.86450195
2020-02-24,ROL,2.4594017167105372e-05,45708481.23335838
2020-02-24,ROP,0.00011721200356090786,154211455.94177246
2020-02-24,SNPS,6.586351341688517e-05,139275250.96054077
2020-02-24,SPGI,0.00020502169299528236,372502289.60931396
2020-02-24,SWKS,5.716546999796467e-05,216590049.95918274
2020-02-24,SYK,0.00023799386143102258,275078200.1068115
2020-02-24,TECH,5.914271508683901e-06,33202797.007751465
2020-02-24,TER,3.4402069896187146e-05,146694921.4454651
2020-02-24,TMO,0.0003776668139323751,549381418.1396484
2020-02-24,TRMB,3.168610248634272e-05,41754968.14956665
2020-02-24,TROW,9.44183906085817e-05,152892851.16500854
2020-02-24,TTWO,4.1529016483237086e-05,199568090.6692505
2020-02-24,TXN,0.00035476227157469654,559173145.5970764
2020-02-24,TYL,3.8573065446111283e-05,82736142.60864258
2020-02-24,UNP,0.00038638273536150194,466186137.92800903
2020-02-24,VEEV,6.798117917479777e-05,165527437.9020691
2020-02-24,VRSK,7.91249715845193e-05,102927329.40216064
2020-02-24,VRSN,7.420712097926758e-05,118452045.06607056
2020-02-24,VRTX,0.00017207983803608703,333171379.87594604
2020-02-24,ZBRA,3.8548499384228425e-05,95297601.47857666
2020-02-24,ZTS,0.00019116344867291767,258348394.96536255
2020-02-25,A,5.3458557058533133e-05,163191100.16479492
2020-02-25,ABT,0.0003140590117023806,387540273.7483978
2020-02-25,ACN,0.0002716872108798514,374320562.9928589
2020-02-25,ADBE,0.0003448681936884662,889796772.064209
2020-02-25,ADI,8.230561834484881e-05,307759213.0317688
2020-02-25,AKAM,3.096477798396379e-05,116623507.80639648
2020-02-25,ALGN,4.1764344770045536e-05,203779356.83898926
2020-02-25,ALLE,2.519985832072553e-05,86395973.54125977
2020-02-25,AMAT,0.00010816058704729483,557456342.3858643
2020-02-25,AME,4.492420359136643e-05,133753203.72962952
2020-02-25,AMGN,0.0002769742766960369,480394269.18411255
2020-02-25,AMT,0.00020812254445331038,389208485.59646606
2020-02-25,AZO,5.492825338091617e-05,246682729.00390625
2020-02-25,BIIB,0.00010795366771983259,505911681.3293457
2020-02-25,BMY,-0.01363760449289043,764567166.7625427
2020-02-25,CBOE,2.8000999493439432e-05,73821515.72265625
2020-02-25,CDNS,4.11147104892747e-05,111665919.45228577
2020-02-25,CHD,3.7887481026531444e-05,105866808.01048279
2020-02-25,CL,0.00012963611028006354,314110409.90715027
2020-02-25,CME,0.00015195904363931798,338199787.04833984
2020-02-25,CPAY,5.510166767696504e-05,245423742.85888672
2020-02-25,CPRT,1.1868256809334163e-05,137648520.2533722
2020-02-25,CRL,1.517406261687974e-05,50547384.31625366
2020-02-25,CRM,0.00028583911015632457,765288833.1169128
2020-02-25,CSCO,0.00039781750208398026,924971061.1093521
2020-02-25,CTSH,7.211459113950613e-05,224914300.55923462
2020-02-25,DHR,0.00020371081326482285,330890304.6123047
2020-02-25,EBAY,5.43945612977402e-05,555182707.6652527
2020-02-25,EW,3.099430535845977e-05,311211546.51031494
2020-02-25,FDS,2.2206583066055382e-05,88353809.65576172
2020-02-25,FFIV,1.501090373555035e-05,87935888.26751709
2020-02-25,FICO,2.3714576965522434e-05,90222246.57440186
2020-02-25,FISV,9.991421252071066e-05,403455479.5310974
2020-02-25,FTV,3.2183513329366725e-05,126864703.69692993
2020-02-25,GDDY,2.3922315404890796e-05,96525220.97015381
2020-02-25,GEN,3.6457347261225573e-05,187855032.97233582
2020-02-25,HON,0.00025437078580285363,474278961.54839325
2020-02-25,HST,2.463422518795698e-05,145461224.58171844
2020-02-25,HSY,6.62653480067981e-05,124195939.71176147
2020-02-25,ICE,0.00011555854413620569,268642863.8168335
2020-02-25,IEX,2.587745137191521e-05,62525980.10559082
2020-02-25,ILMN,8.445929658353838e-05,399033430.9798126
2020-02-25,INTC,0.000558447613660612,1221459606.2194824
2020-02-25,INTU,0.00014853930552413165,271495917.6635742
2020-02-25,IR,1.4248061034071694e-05,57141830.279159546
2020-02-25,ISRG,4.350328589932924e-05,389002028.1967163
2020-02-25,ITW,0.00011690015116417804,199926071.27685547
2020-02-25,IVZ,1.3988347475955604e-05,81587934.35277939
2020-02-25,JKHY,2.3551646345973398e-05,78148265.97061157
2020-02-25,JNJ,0.0008271483462645376,949378015.1046753
2020-02-25,KDP,8.167526088855709e-05,48065704.61616516
2020-02-25,KEYS,3.616513126538821e-05,164716981.33850098
2020-02-25,KO,0.0005112116522982199,625879966.1407471
2020-02-25,LITE,1.1826318572675989e-05,135209514.87121582
2020-02-25,LULU,5.927342452366133e-05,289034913.2926941
2020-02-25,LUV,6.425945902294866e-05,178951961.3515854
2020-02-25,MCD,0.000342274704911133,619519097.9377747
2020-02-25,MCO,0.00010002614525100179,216344809.61608887
2020-02-25,MDT,0.0003151429516790073,575516233.7745667
2020-02-25,META,0.0011824074547034241,3062983056.3079834
2020-02-25,MMM,0.00015574446937626982,550007717.7174606
2020-02-25,MNST,1.8432100538447876e-05,195316432.44895935
2020-02-25,MPWR,1.4814537829723612e-05,60564460.44769287
2020-02-25,MRK,0.00044472660846007,887475364.616806
2020-02-25,MSCI,4.898479831777795e-05,147219709.45129395
2020-02-25,MTD,3.8423933107448616e-05,121258301.42211914
2020-02-25,MU,0.00011956065740149468,1306537911.5642548
2020-02-25,NDSN,1.980476578427562e-05,36790397.983551025
2020-02-25,NSC,0.00011366228372048336,299834326.1505127
2020-02-25,NTAP,2.609594040618832e-05,132265708.0329895
2020-02-25,NXPI,8.490796778649456e-05,317781328.6437988
2020-02-25,ORCL,0.000358736811258753,463421875.9431839
2020-02-25,OXY,7.239507361466151e-05,349426307.8845978
2020-02-25,PAYX,6.274990187957966e-05,114880486.61727905
2020-02-25,PFE,0.00043000427315164486,943916737.6716137
2020-02-25,PG,0.0006349515287649987,774108219.102478
2020-02-25,PTC,1.9446535402408175e-05,44558852.83279419
2020-02-25,QCOM,0.00019889591200785914,820207059.4184875
2020-02-25,REGN,7.899542349910915e-05,325681596.93603516
2020-02-25,RMD,4.65003102892176e-05,85742696.3104248
2020-02-25,ROK,4.515286290395328e-05,163637842.37213135
2020-02-25,ROL,1.6860677124351216e-05,43921762.06755638
2020-02-25,ROP,8.035587410185497e-05,162243268.68286133
2020-02-25,SNPS,4.515339752965506e-05,145435301.13372803
2020-02-25,SPGI,0.00014055469448499662,390006846.98612976
2020-02-25,SWKS,3.919036592308408e-05,216590049.95918274
2020-02-25,SYK,0.00016315909791805513,275078200.1068115
2020-02-25,TECH,4.054588628450804e-06,34246183.50982666
2020-02-25,TER,2.3584686836145572e-05,146694921.4454651
2020-02-25,TMO,0.00025891330265529616,574785526.4160156
2020-02-25,TRMB,2.1722727918799733e-05,40185754.27646637
2020-02-25,TROW,6.472948228975883e-05,152892851.16500854
2020-02-25,TTWO,2.8470637125204866e-05,215710971.96235657
2020-02-25,TXN,0.00024321086206781709,559173145.5970764
2020-02-25,TYL,2.6444155005845215e-05,83114939.40124512
2020-02-25,UNP,0.00026488859071251494,466186137.92800903
2020-02-25,VEEV,4.6605184700447555e-05,165527437.9020691
2020-02-25,VRSK,5.424492425517213e-05,104110391.7755127
2020-02-25,VRSN,5.087344205128739e-05,118965737.14294434
2020-02-25,VRTX,0.00011797107276226987,341320526.1558533
2020-02-25,ZBRA,2.642731349374863e-05,95297601.47857666
2020-02-25,ZTS,0.00013105403497735459,261386629.93164062
2020-02-26,A,5.467408422489897e-05,171589497.51548767
2020-02-26,ABT,0.00032120000617681665,387540273.7483978
2020-02-26,ACN,0.00027786476605061797,374961132.4684143
2020-02-26,ADBE,0.00035270971956027214,899205919.9645996
2020-02-26,ADI,8.41770627037601e-05,316742604.9938202
2020-02-26,AKAM,3.1668847283829356e-05,120362789.37835693
2020-02-26,ALGN,4.2713971891442104e-05,203779356.83898926
2020-02-26,ALLE,2.577284633354976e-05,91084429.3548584
2020-02-26,AMAT,0.00011061991515340461,577470161.0687256
2020-02-26,AME,4.594567878443744e-05,141664701.1188507
2020-02-26,AMGN,0.0002832720478337762,507041478.6376953
2020-02-26,AMT,-0.01373483811659347,402172975.1716614
2020-02-26,AZO,5.617719813100436e-05,258780202.8930664
2020-02-26,BIIB,0.00011040829094654397,505911681.3293457
2020-02-26,CBOE,2.8637679146659677e-05,74530622.29766846
2020-02-26,CDNS,4.2049566390496736e-05,118433563.51203918
2020-02-26,CHD,3.8748956999451814e-05,105866808.01048279
2020-02-26,CL,0.00013258374340856076,314892013.85383606
2020-02-26,CME,0.00015541424998759962,348004890.5471802
2020-02-26,CPAY,5.635455547751099e-05,256380698.55041504
2020-02-26,CPRT,1.2138114234654476e-05,156372651.86920166
2020-02-26,CRL,1.551908661958073e-05,54797880.33828735
2020-02-26,CRM,0.0002923384476379645,789559434.047699
2020-02-26,CSCO,0.0004068629759546964,928239711.70578
2020-02-26,CTSH,7.375431449615187e-05,238103215.94161987
2020-02-26,DHR,0.0002083427382779668,351937291.6125717
2020-02-26,EBAY,5.563137109205595e-05,537564743.0465698
2020-02-26,EW,3.1699046044307306e-05,311211546.51031494
2020-02-26,FDS,2.2711510742262414e-05,88353809.65576172
2020-02-26,FFIV,1.535221787282281e-05,87024205.5732727
2020-02-26,FICO,2.4253793026085243e-05,90222246.57440186
2020-02-26,FISV,0.00010218603664593085,403455479.5310974
2020-02-26,FTV,3.291529392565433e-05,126864703.69692993
2020-02-26,GDDY,2.4466254969611727e-05,96525220.97015381
2020-02-26,GEN,3.728630521385298e-05,187855032.97233582
2020-02-26,HON,0.00026015460447447597,511418926.5602951
2020-02-26,HST,2.5194351977491508e-05,145461224.58171844
2020-02-26,HSY,6.777207275065512e-05,124526167.22793579
2020-02-26,ICE,0.00011818608512182294,322240815.95840454
2020-02-26,IEX,2.6465846324372384e-05,62525980.10559082
2020-02-26,ILMN,8.637971073420514e-05,399033430.9798126
2020-02-26,INTC,0.0005711454544319872,1221459606.2194824
2020-02-26,INTU,0.00015191675473100012,283010333.28704834
2020-02-26,IR,1.4572029846697835e-05,67209380.80635071
2020-02-26,ISRG,4.449245262485354e-05,389002028.1967163
2020-02-26,ITW,0.00011955819727149739,207060431.21032715
2020-02-26,IVZ,1.4306410987302847e-05,81587934.35277939
2020-02-26,JKHY,2.408715773126631e-05,78148265.97061157
2020-02-26,JNJ,0.0008459558364180483,949378015.1046753
2020-02-26,KDP,8.353237233886014e-05,48065704.61616516
2020-02-26,KEYS,3.698744488451816e-05,171529004.88128662
2020-02-26,KO,0.0005228354537122892,625879966.1407471
2020-02-26,LITE,1.2095222416965107e-05,135209514.87121582
2020-02-26,LULU,6.062116867757046e-05,293544581.51016235
2020-02-26,LUV,6.572057436979306e-05,178951961.3515854
2020-02-26,MCD,0.00035005726069025495,619519097.9377747
2020-02-26,MCO,0.00010230051447436724,232365582.321167
2020-02-26,MDT,0.00032230859250681476,583711851.9145966
2020-02-26,META,0.0012092927367235162,3211338975.7011414
2020-02-26,MMM,0.00015928574777873336,550007717.7174606
2020-02-26,MNST,1.8851204984404735e-05,204318383.36982727
2020-02-26,MPWR,1.5151387048633084e-05,60564460.44769287
2020-02-26,MRK,0.0004548386897419744,910033864.9230537
2020-02-26,MSCI,5.009860228800218e-05,159962560.6765747
2020-02-26,MTD,3.929760679227288e-05,118223231.82983398
2020-02-26,MU,0.00012227919742757547,1385292603.6481857
2020-02-26,NDSN,2.0255081545846737e-05,36790397.983551025
2020-02-26,NSC,0.00011624670801577922,308773572.1511841
2020-02-26,NTAP,2.6689303307114547e-05,131299978.67546082
2020-02-26,NXPI,8.683858370963759e-05,329904630.2139282
2020-02-26,ORCL,0.0003668936782535541,466467762.34874725
2020-02-26,OXY,7.404117451097463e-05,351517167.8367615
2020-02-26,PAYX,6.417669329742293e-05,121042705.65719604
2020-02-26,PFE,0.00043978160169227953,943916737.6716137
2020-02-26,PG,0.0006493888962325542,774108219.102478
2020-02-26,PTC,1.988870581204772e-05,44558852.83279419
2020-02-26,QCOM,0.0002034183570125015,836072527.4093628
2020-02-26,REGN,8.079160148379699e-05,337354143.2067871
2020-02-26,RMD,4.755762259824785e-05,82088087.65640259
2020-02-26,ROK,4.6179537294712986e-05,161711123.19488525
2020-02-26,ROL,1.724405094167148e-05,42064378.38277817
2020-02-26,ROP,8.218298566868912e-05,162243268.68286133
2020-02-26,SNPS,4.6180084076598814e-05,146968397.50442505
2020-02-26,SPGI,0.0001437505916230316,390833674.6558075
2020-02-26,SWKS,4.0081466563663976e-05,216590049.95918274
2020-02-26,SYK,0.0001668689682713092,275078200.1068115
2020-02-26,TECH,4.14678084046516e-06,34726381.76345825
2020-02-26,TER,2.4120949487758036e-05,142269248.46038818
2020-02-26,TMO,0.0002648004079276352,594487062.4511719
2020-02-26,TRMB,2.221665381889424e-05,40218702.99606323
2020-02-26,TROW,6.620128490691154e-05,152892851.16500854
2020-02-26,TTWO,2.911799528026223e-05,228209843.25180054
2020-02-26,TXN,0.0002487409292126312,559173145.5970764
2020-02-26,TYL,2.7045435522376907e-05,83114939.40124512
2020-02-26,UNP,0.00027091156057530014,466186137.92800903
2020-02-26,VEEV,4.766488161734878e-05,175095652.93579102
2020-02-26,VRSK,5.547833164021385e-05,104110391.7755127
2020-02-26,VRSN,5.2030189525638024e-05,120703398.43597412
2020-02-26,VRTX,0.00012065346921436276,351270690.9591675
2020-02-26,ZBRA,2.7028211072232513e-05,98597939.94064331
2020-02-26,ZTS,0.00013403390851944239,261386629.93164062
2020-02-27,A,-0.0035826178208071898,185907114.58625793
2020-02-27,ABT,-0.021047208791626897,393750299.3206024
2020-02-27,ACN,-0.018207589148315523,385904556.79397583
2020-02-27,ADBE,-0.023111939500818746,932438119.9645996
2020-02-27,ADI,-0.005515853611835237,316742604.9938202
2020-02-27,AKAM,-0.0020751582445673153,126005240.11573792
2020-02-27,ALGN,-0.0027989099235071623,203779356.83898926
2020-02-27,ALLE,-0.0016888121653339196,96276604.3548584
2020-02-27,AMAT,-0.007248569134410518,583497790.5342102
2020-02-27,AME,-0.003010673337025839,148687411.7050171
2020-02-27,AMGN,-0.018561911024083756,541359625.8644104
2020-02-27,AZO,-0.0036811120661715004,268559098.1201172
2020-02-27,BIIB,-0.00723470207718294,509172083.9828491
2020-02-27,CBOE,-0.0018765354941355878,82690285.05554199
2020-02-27,CDNS,-0.0027553735566585424,122444889.15557861
2020-02-27,CHD,-0.0025390951828820267,109071148.14987183
2020-02-27,CL,-0.008687788531234713,328403982.52182007
2020-02-27,CME,-0.010183798585864424,355189058.96224976
2020-02-27,CPAY,-0.003692733725669841,269310577.20336914
2020-02-27,CPRT,-0.0007953717924051199,173024062.5
2020-02-27,CRL,-0.0010169160960658541,55269846.14562988
2020-02-27,CRM,-0.01915600319717687,836149314.5370483
2020-02-27,CSCO,-0.0266604291401761,942836496.2694168
2020-02-27,CTSH,-0.004832884267222847,248368098.36730957
2020-02-27,DHR,-0.013652033089755615,388065038.0399399
2020-02-27,EBAY,-0.003645345766570176,537564743.0465698
2020-02-27,EW,-0.002077137072726755,311211546.51031494
2020-02-27,FDS,-0.001488212638148376,84654158.58764648
2020-02-27,FFIV,-0.0010059817209529258,87024205.5732727
2020-02-27,FICO,-0.0015892734619933628,95533674.16381836
2020-02-27,FISV,-0.006695924058269696,415902930.84716797
2020-02-27,FTV,-0.0021568339052572883,134582846.50595856
2020-02-27,GDDY,-0.0016031954134245066,98545155.29136658
2020-02-27,GEN,-0.002443252290824304,191907564.51339722
2020-02-27,HON,-0.017047098920238445,526269877.10487366
2020-02-27,HST,-0.0016509052809547248,145461224.58171844
2020-02-27,HSY,-0.004440887104588441,127088085.0479126
2020-02-27,ICE,-0.00774435604604148,365509796.28601074
2020-02-27,IEX,-0.0017342222376220465,64684335.009765625
2020-02-27,ILMN,-0.005660186090352513,405946952.8457184
2020-02-27,INTC,-0.03742533436690274,1283952640.2633667
2020-02-27,INTU,-0.009954618911213822,294546762.86468506
2020-02-27,IR,-0.000954858495651561,69514175.4940033
2020-02-27,ISRG,-0.0029154480760855113,405562341.71447754
2020-02-27,ITW,-0.00783426616542001,207060431.21032715
2020-02-27,IVZ,-0.0009374533415881384,81587934.35277939
2020-02-27,JKHY,-0.001578354384239122,84299627.27966309
2020-02-27,JNJ,-0.05543277949933935,962494824.1897583
2020-02-27,KDP,-0.005473609114777173,48065704.61616516
2020-02-27,KEYS,-0.00242366892958495,171529004.88128662
2020-02-27,KO,-0.03425973457761957,625879966.1407471
2020-02-27,LITE,-0.0007925612288154588,137214311.84654236
2020-02-27,LULU,-0.003972311238521233,313232895.4948425
2020-02-27,LUV,-0.004306458979036327,178951961.3515854
2020-02-27,MCD,-0.022938132357061405,619519097.9377747
2020-02-27,MCO,-0.006703425424119002,248382502.6412964
2020-02-27,MDT,-0.021119850907138592,592698123.7049103
2020-02-27,META,-0.07924108415491851,3211338975.7011414
2020-02-27,MMM,-0.010437485450058988,550007717.7174606
2020-02-27,MNST,-0.0012352591520876526,215776755.2558899
2020-02-27,MPWR,-0.000992821919560556,60564460.44769287
2020-02-27,MRK,-0.02980412417625998,914696706.0516968
2020-02-27,MSCI,-0.0032828011277926156,173635613.24310303
2020-02-27,MSFT,-0.10000000000000003,6780991520.557404
2020-02-27,MTD,-0.002575046448513819,121258301.42211914
2020-02-27,MU,-0.00801256460036923,1402406664.2633438
2020-02-27,NDSN,-0.0013272506917455813,37272814.38446045
2020-02-27,NSC,-0.007617274868919241,308773572.1511841
2020-02-27,NTAP,-0.001748864658796649,131299978.67546082
2020-02-27,NXPI,-0.00569025456836314,345496010.94589233
2020-02-27,ORCL,-0.024041368935340535,467983672.78232574
2020-02-27,OXY,-0.004851681286244778,358004031.2461853
2020-02-27,PAYX,-0.004205293391692843,121042705.65719604
2020-02-27,PFE,-0.028817481368409625,943916737.6716137
2020-02-27,PG,-0.04255237678434765,797542517.4468994
2020-02-27,PTC,-0.0013032432620532933,44558852.83279419
2020-02-27,QCOM,-0.013329354139971472,861761457.4539185
2020-02-27,REGN,-0.005294015169175668,351732543.48602295
2020-02-27,RMD,-0.0031162988580632402,82088087.65640259
2020-02-27,ROK,-0.003025997337022142,161711123.19488525
2020-02-27,ROL,-0.001129947489425075,42064378.38277817
2020-02-27,ROP,-0.0053851881233650456,164161701.62353516
2020-02-27,SNPS,-0.003026033165889811,149915977.96554565
2020-02-27,SPGI,-0.009419516368702375,399075339.4551697
2020-02-27,SWKS,-0.002626410271535456,231786238.45329285
2020-02-27,SYK,-0.010934389627988341,275078200.1068115
2020-02-27,TECH,-0.0002717252817060712,36300069.048309326
2020-02-27,TER,-0.0015805686499322637,142269248.46038818
2020-02-27,TMO,-0.01735152355723442,598100941.7358398
2020-02-27,TRMB,-0.0014557862471526648,41754968.14956665
2020-02-27,TROW,-0.004337958402599561,152892851.16500854
2020-02-27,TTWO,-0.0019080090736982066,248527909.48371887
2020-02-27,TXN,-0.016299197296028665,559173145.5970764
2020-02-27,TYL,-0.0017722008634912464,84067162.93945312
2020-02-27,UNP,-0.01775196783886397,499006246.7971802
2020-02-27,VEEV,-0.003123327198431805,184498527.3864746
2020-02-27,VRSK,-0.0036353175809091063,118141759.66415405
2020-02-27,VRSN,-0.003409371859760124,125324500.24261475
2020-02-27,VRTX,-0.007906035831739431,359881899.72076416
2020-02-27,ZBRA,-0.0017710722003793646,102277186.75384521
2020-02-27,ZTS,-0.008782813211446722,281618989.27841187
2020-03-02,A,0.003537726382937276,185907114.58625793
2020-03-02,ABT,0.01980320911921356,393750299.3206024
2020-03-02,ACN,0.016949452427331282,443925381.2438965
2020-03-02,ADBE,0.024028920658439742,976698054.4250488
2020-03-02,ADI,0.005797516022339164,327938582.8983307
2020-03-02,AKAM,0.0020229975665563785,139931475.4436493
2020-03-02,ALGN,0.002472087270406784,203779356.83898926
2020-03-02,ALLE,0.0015652493128040295,100356305.88684082
2020-03-02,AMAT,0.0076848046920178804,602970805.32341
2020-03-02,AME,0.0028440374024293093,157495485.99853516
2020-03-02,AMGN,0.017050470829680815,541359625.8644104
2020-03-02,AMT,0.014499422122496716,498395134.32769775
2020-03-02,AOS,0.0009517485654066129,60042241.79267883
2020-03-02,AZO,0.0038002498504160847,268559098.1201172
2020-03-02,BIIB,0.007754614652143478,548285832.3440552
2020-03-02,CBOE,0.0018209376794962183,101334624.99275208
2020-03-02,CDNS,0.002671831220518028,136447726.27105713
2020-03-02,CHD,0.0025298475508722944,109071148.14987183
2020-03-02,CL,0.008336433459315987,337113583.46214294
2020-03-02,CME,0.010281221423990166,370690594.08569336
2020-03-02,CPAY,0.0032935719821427477,275872912.59155273
2020-03-02,CPRT,0.0007005470779250496,191345360.88027954
2020-03-02,CRM,0.018939654976084488,914471143.5699463
2020-03-02,CSCO,0.024496272622621787,1197287310.1984024
2020-03-02,DHR,0.012867909397900314,388065038.0399399
2020-03-02,EBAY,0.003980179940307052,537564743.0465698
2020-03-02,EMR,0.005654298793003211,256412787.4786377
2020-03-02,ETN,0.005412279494436897,260427747.44415283
2020-03-02,EW,0.0020609113007197793,313131716.73431396
2020-03-02,EXPE,0.002133693568593848,347843406.8450928
2020-03-02,FDS,0.0014635425031826813,84654158.58764648
2020-03-02,FFIV,0.0010452293545245947,87024205.5732727
2020-03-02,FICO,0.0015710601249893563,95533674.16381836
2020-03-02,FTV,0.0021152768653044337,142022855.87249565
2020-03-02,GEN,0.0017305777534070332,191907564.51339722
2020-03-02,GILD,0.012675192306393227,1623242570.6947327
2020-03-02,GPN,0.007972719436487866,389138242.5979614
2020-03-02,GRMN,0.002432952907373131,81900167.02194214
2020-03-02,HON,0.016454204169718083,526269877.10487366
2020-03-02,HSY,0.004340460624143328,127088085.0479126
2020-03-02,ICE,0.007134832020450267,454739635.320282
2020-03-02,IEX,0.0016333290664008254,64684335.009765625
2020-03-02,ILMN,0.005483760450351764,405946952.8457184
2020-03-02,INCY,0.0023531622791260988,110112052.2567749
2020-03-02,INTC,0.03438100095041633,1354734939.3585205
2020-03-02,INTU,0.009984408632947033,301039525.8453369
2020-03-02,ISRG,0.002980281006965119,405562341.71447754
2020-03-02,ITW,0.007745160277939711,207060431.21032715
2020-03-02,IVZ,0.0008254183714457967,81587934.35277939
2020-03-02,JKHY,0.001694163544776284,90744355.99365234
2020-03-02,JNJ,0.05210753167106594,971873254.1778564
2020-03-02,KDP,0.005711070476667541,48065704.61616516
2020-03-02,KEYS,0.0026125835754152575,171529004.88128662
2020-03-02,KO,0.03330922402440024,625879966.1407471
2020-03-02,LITE,0.0008610628510295263,138844381.66427612
2020-03-02,LULU,0.0038161449423225148,333091461.71798706
2020-03-02,LUV,0.003593755094304692,178951961.3515854
2020-03-02,MCD,0.021438705110046016,619519097.9377747
2020-03-02,MCO,0.006638543277289086,257673796.1227417
2020-03-02,MDT,0.01948240890144471,592698123.7049103
2020-03-02,META,0.07990311195195247,3211338975.7011414
2020-03-02,MMM,0.010360321884824797,550007717.7174606
2020-03-02,MNST,0.0012087484501211963,225801447.99194336
2020-03-02,MPWR,0.0009987810568816992,61111349.89852905
2020-03-02,MRK,0.02720646510095677,967965579.3335342
2020-03-02,MSCI,0.0036161875560829977,173635613.24310303
2020-03-02,MSFT,0.1,6923889435.664368
2020-03-02,MSI,0.004077614952783143,182278216.38031006
2020-03-02,MTD,0.002443634656319886,126298250.0
2020-03-02,MU,0.008391164943397181,1402406664.2633438
2020-03-02,NDSN,0.0012080916148798646,37272814.38446045
2020-03-02,NEM,0.005205351018901527,379225044.1904068
2020-03-02,NSC,0.006788553314435889,308773572.1511841
2020-03-02,NTAP,0.001618548994506991,132401326.33666992
2020-03-02,NXPI,0.004692074546578706,408493680.87387085
2020-03-02,ORCL,0.02398147388208094,477650769.13547516
2020-03-02,PAYX,0.004018450391128434,124708130.21621704
2020-03-02,PFE,0.025974277539327364,943916737.6716137
2020-03-02,PG,0.04089833794883713,823365086.5478516
2020-03-02,PTC,0.001253032969724796,44558852.83279419
2020-03-02,QCOM,0.012941333488804009,919331929.1770935
2020-03-02,REGN,0.007354218698229112,415576723.4313965
2020-03-02,RMD,0.003296247915230145,82088087.65640259
2020-03-02,ROK,0.0030646521722567854,161711123.19488525
2020-03-02,ROL,0.0011797117864066153,42064378.38277817
2020-03-02,SNPS,0.002993084808615872,166187628.3821106
2020-03-02,SPGI,0.008860561993368779,412009284.37875366
2020-03-02,SWKS,0.0024597847543037592,231786238.45329285
2020-03-02,TECH,0.0002585769656748284,38675300.37918091
2020-03-02,TER,0.001488761388558824,142269248.46038818
2020-03-02,TMO,0.01691652649342744,598100941.7358398
2020-03-02,TRMB,0.0014241481112629009,43362635.17227173
2020-03-02,TROW,0.004006763868983476,152892851.16500854
2020-03-02,TTWO,0.001740438739802324,266034285.3591919
2020-03-02,TXN,0.015685074196466586,559173145.5970764
2020-03-02,TYL,0.001814011313523193,86651611.48529053
2020-03-02,UNP,0.015965589759657103,499006246.7971802
2020-03-02,VEEV,0.0031993263752194486,186618407.63397217
2020-03-02,VRSK,0.0036531661288206605,150780965.06195068
2020-03-02,VRSN,0.003196862395338837,133241833.59146118
2020-03-02,VRTX,0.008375407873220195,364964064.7010803
2020-03-02,ZBH,0.003943961369738948,178723654.37485504
2020-03-02,ZBRA,0.001662572915148966,113479391.61758423
2020-03-02,ZTS,0.00914513378134395,304081749.5361328
2020-03-03,A,-0.003537726382937276,198237602.6287079
2020-03-03,ABT,-0.01980320911921356,393750299.3206024
2020-03-03,ACN,-0.016949452427331282,443925381.2438965
2020-03-03,ADBE,-0.024028920658439742,1005971501.1657715
2020-03-03,ADI,-0.005797516022339164,339027675.7015228
2020-03-03,AKAM,-0.0020229975665563785,148305590.3617859
2020-03-03,ALGN,-0.002472087270406784,203779356.83898926
2020-03-03,ALLE,-0.0015652493128040295,100934048.8494873
2020-03-03,AMAT,-0.0076848046920178804,634877142.2403336
2020-03-03,AME,-0.0028440374024293093,165048701.10931396
2020-03-03,AMGN,-0.017050470829680815,547065193.6012268
2020-03-03,AMT,-0.014499422122496716,518882918.9628601
2020-03-03,AOS,-0.0009517485654066129,60042241.79267883
2020-03-03,AZO,-0.0038002498504160847,277874468.0541992
2020-03-03,BIIB,-0.007754614652143478,579119081.6055298
2020-03-03,CBOE,-0.0018209376794962183,101765967.38433838
2020-03-03,CDNS,-0.002671831220518028,158817458.30459595
2020-03-03,CHD,-0.0025298475508722944,109071148.14987183
2020-03-03,CL,-0.008336433459315987,337113583.46214294
2020-03-03,CME,-0.010281221423990166,392004104.1503906
2020-03-03,CPAY,-0.0032935719821427477,278543426.4266968
2020-03-03,CPRT,-0.0007005470779250496,208220249.96566772
2020-03-03,CRM,-0.018939654976084488,970305530.9234619
2020-03-03,CSCO,-0.024496272622621787,1267571048.9715576
2020-03-03,DHR,-0.012867909397900314,388065038.0399399
2020-03-03,EBAY,-0.003980179940307052,563496684.9952698
2020-03-03,EMR,-0.005654298793003211,256412787.4786377
2020-03-03,ETN,-0.005412279494436897,285565669.4736481
2020-03-03,EW,-0.0020609113007197793,313131716.73431396
2020-03-03,EXPE,-0.002133693568593848,348417044.43359375
2020-03-03,FDS,-0.0014635425031826813,84823324.47052002
2020-03-03,FFIV,-0.0010452293545245947,87024205.5732727
2020-03-03,FICO,-0.0015710601249893563,95533674.16381836
2020-03-03,FTV,-0.0021152768653044337,150056664.39060974
2020-03-03,GEN,-0.0017305777534070332,191907564.51339722
2020-03-03,GILD,-0.012675192306393227,1623242570.6947327
2020-03-03,GPN,-0.007972719436487866,404469073.83117676
2020-03-03,GRMN,-0.002432952907373131,89456211.5310669
2020-03-03,HON,-0.016454204169718083,526269877.10487366
2020-03-03,HSY,-0.004340460624143328,128972263.2446289
2020-03-03,ICE,-0.007134832020450267,489629036.7553711
2020-03-03,IEX,-0.0016333290664008254,70072925.64544678
2020-03-03,ILMN,-0.005483760450351764,405946952.8457184
2020-03-03,INCY,-0.0023531622791260988,113417295.9487915
2020-03-03,INTC,-0.03438100095041633,1426599531.0951233
2020-03-03,INTU,-0.009984408632947033,323382752.6397705
2020-03-03,ISRG,-0.002980281006965119,405562341.71447754
2020-03-03,ITW,-0.007745160277939711,207060431.21032715
2020-03-03,IVZ,-0.0008254183714457967,81587934.35277939
2020-03-03,JKHY,-0.001694163544776284,92810027.27966309
2020-03-03,JNJ,-0.05210753167106594,1035031436.756134
2020-03-03,KDP,-0.005711070476667541,49222570.9025383
2020-03-03,KEYS,-0.0026125835754152575,171529004.88128662
2020-03-03,KO,-0.03330922402440024,625879966.1407471
2020-03-03,LITE,-0.0008610628510295263,137875262.41340637
2020-03-03,LULU,-0.0038161449423225148,333091461.71798706
2020-03-03,LUV,-0.003593755094304692,178951961.3515854
2020-03-03,MCD,-0.021438705110046016,619519097.9377747
2020-03-03,MCO,-0.006638543277289086,260123556.78863525
2020-03-03,MDT,-0.01948240890144471,592698123.7049103
2020-03-03,META,-0.07990311195195247,3270131332.0869446
2020-03-03,MMM,-0.010360321884824797,550007717.7174606
2020-03-03,MNST,-0.0012087484501211963,225801447.99194336
2020-03-03,MPWR,-0.0009987810568816992,61443267.195892334
2020-03-03,MRK,-0.02720646510095677,1037351662.2219276
2020-03-03,MSCI,-0.0036161875560829977,179919299.8184204
2020-03-03,MSFT,-0.1,7862097793.473816
2020-03-03,MSI,-0.004077614952783143,190168725.33493042
2020-03-03,MTD,-0.002443634656319886,130573270.54748535
2020-03-03,MU,-0.008391164943397181,1437617893.1854248
2020-03-03,NDSN,-0.0012080916148798646,38322861.81640625
2020-03-03,NEM,-0.005205351018901527,407081506.82144165
2020-03-03,NSC,-0.006788553314435889,308773572.1511841
2020-03-03,NTAP,-0.001618548994506991,132401326.33666992
2020-03-03,NXPI,-0.004692074546578706,408493680.87387085
2020-03-03,ORCL,-0.02398147388208094,489808281.3423157
2020-03-03,PAYX,-0.004018450391128434,132986409.97390747
2020-03-03,PFE,-0.025974277539327364,1082584486.5838814
2020-03-03,PG,-0.04089833794883713,836738663.9175415
2020-03-03,PTC,-0.001253032969724796,44558852.83279419
2020-03-03,QCOM,-0.012941333488804009,975317219.3256378
2020-03-03,REGN,-0.007354218698229112,442482214.5690918
2020-03-03,RMD,-0.003296247915230145,82088087.65640259
2020-03-03,ROK,-0.0030646521722567854,161711123.19488525
2020-03-03,ROL,-0.0011797117864066153,41644347.43795395
2020-03-03,SNPS,-0.002993084808615872,210285096.2158203
2020-03-03,SPGI,-0.008860561993368779,413565236.96780396
2020-03-03,SWKS,-0.0024597847543037592,244187160.7196808
2020-03-03,TECH,-0.0002585769656748284,38675300.37918091
2020-03-03,TER,-0.001488761388558824,142269248.46038818
2020-03-03,TMO,-0.01691652649342744,598100941.7358398
2020-03-03,TRMB,-0.0014241481112629009,43362635.17227173
2020-03-03,TROW,-0.004006763868983476,152892851.16500854
2020-03-03,TTWO,-0.001740438739802324,266034285.3591919
2020-03-03,TXN,-0.015685074196466586,559173145.5970764
2020-03-03,TYL,-0.001814011313523193,86651611.48529053
2020-03-03,UNP,-0.015965589759657103,520209603.76434326
2020-03-03,VEEV,-0.0031993263752194486,195729027.8366089
2020-03-03,VRSK,-0.0036531661288206605,155246003.88793945
2020-03-03,VRSN,-0.003196862395338837,140450455.36117554
2020-03-03,VRTX,-0.008375407873220195,364964064.7010803
2020-03-03,ZBH,-0.003943961369738948,178723654.37485504
2020-03-03,ZBRA,-0.001662572915148966,119548072.17636108
2020-03-03,ZTS,-0.00914513378134395,304081749.5361328
2020-03-04,A,0.003537726382937276,198237602.6287079
2020-03-04,ABT,0.01980320911921356,396897598.5095978
2020-03-04,ACN,0.016949452427331282,443925381.2438965
2020-03-04,ADBE,0.024028920658439742,1005971501.1657715
2020-03-04,ADI,0.005797516022339164,339027675.7015228
2020-03-04,AKAM,0.0020229975665563785,148305590.3617859
2020-03-04,ALGN,0.002472087270406784,203779356.83898926
2020-03-04,ALLE,0.0015652493128040295,100934048.8494873
2020-03-04,AMAT,0.0076848046920178804,602970805.32341
2020-03-04,AME,0.0028440374024293093,160638090.1107788
2020-03-04,AMGN,0.017050470829680815,547065193.6012268
2020-03-04,AMT,0.014499422122496716,545339225.0892639
2020-03-04,AOS,0.0009517485654066129,63938622.412109375
2020-03-04,AZO,0.0038002498504160847,278614217.6879883
2020-03-04,BIIB,0.007754614652143478,584510375.2838135
2020-03-04,CBOE,0.0018209376794962183,103584153.77082825
2020-03-04,CDNS,0.002671831220518028,167381209.81063843
2020-03-04,CHD,0.0025298475508722944,109071148.14987183
2020-03-04,CL,0.008336433459315987,337113583.46214294
2020-03-04,CME,0.010281221423990166,446109936.42578125
2020-03-04,CPAY,0.0032935719821427477,284951344.07806396
2020-03-04,CPRT,0.0007005470779250496,208220249.96566772
2020-03-04,CRM,0.018939654976084488,1010257205.6365967
2020-03-04,CSCO,0.024496272622621787,1267571048.9715576
2020-03-04,DHR,0.012867909397900314,388065038.0399399
2020-03-04,EBAY,0.003980179940307052,539435059.8896027
2020-03-04,EMR,0.005654298793003211,256412787.4786377
2020-03-04,ETN,0.005412279494436897,285565669.4736481
2020-03-04,EW,0.0020609113007197793,315335495.59936523
2020-03-04,EXPE,0.002133693568593848,379772775.10528564
2020-03-04,FDS,0.0014635425031826813,85311661.44561768
2020-03-04,FFIV,0.0010452293545245947,87676021.68045044
2020-03-04,FICO,0.0015710601249893563,94154007.82775879
2020-03-04,FTV,0.0021152768653044337,150056664.39060974
2020-03-04,GEN,0.0017305777534070332,191907564.51339722
2020-03-04,GILD,0.012675192306393227,1742180668.8526154
2020-03-04,GPN,0.007972719436487866,404469073.83117676
2020-03-04,GRMN,0.002432952907373131,89456211.5310669
2020-03-04,HON,0.016454204169718083,531424915.12888336
2020-03-04,HSY,0.004340460624143328,145401759.18655396
2020-03-04,ICE,0.007134832020450267,489629036.7553711
2020-03-04,IEX,0.0016333290664008254,70072925.64544678
2020-03-04,ILMN,0.005483760450351764,405946952.8457184
2020-03-04,INCY,0.0023531622791260988,119442490.56243896
2020-03-04,INTC,0.03438100095041633,1521345009.1762543
2020-03-04,INTU,0.009984408632947033,323382752.6397705
2020-03-04,ISRG,0.002980281006965119,422684940.2114868
2020-03-04,ITW,0.007745160277939711,207299461.96746826
2020-03-04,IVZ,0.0008254183714457967,84171028.49588394
2020-03-04,JKHY,0.001694163544776284,94854380.078125
2020-03-04,JNJ,0.05210753167106594,1092962048.0690002
2020-03-04,KDP,0.005711070476667541,55772009.448719025
2020-03-04,KEYS,0.0026125835754152575,171529004.88128662
2020-03-04,KO,0.03330922402440024,625879966.1407471
2020-03-04,LITE,0.0008610628510295263,137214311.84654236
2020-03-04,LULU,0.0038161449423225148,350275845.1034546
2020-03-04,LUV,0.003593755094304692,178951961.3515854
2020-03-04,MCD,0.021438705110046016,619519097.9377747
2020-03-04,MCO,0.006638543277289086,262467379.37927246
2020-03-04,MDT,0.01948240890144471,608155977.0771027
2020-03-04,META,0.07990311195195247,3270131332.0869446
2020-03-04,MMM,0.010360321884824797,550007717.7174606
2020-03-04,MNST,0.0012087484501211963,225801447.99194336
2020-03-04,MPWR,0.0009987810568816992,61443267.195892334
2020-03-04,MRK,0.02720646510095677,1037351662.2219276
2020-03-04,MSCI,0.0036161875560829977,212422294.02160645
2020-03-04,MSFT,0.1,8585213264.071655
2020-03-04,MSI,0.004077614952783143,199221436.07177734
2020-03-04,MTD,0.002443634656319886,132159468.86291504
2020-03-04,MU,0.008391164943397181,1501648333.506012
2020-03-04,NDSN,0.0012080916148798646,41721493.11828613
2020-03-04,NEM,0.005205351018901527,407081506.82144165
2020-03-04,NSC,0.006788553314435889,308773572.1511841
2020-03-04,NTAP,0.001618548994506991,132401326.33666992
2020-03-04,NXPI,0.004692074546578706,345775507.24868774
2020-03-04,ORCL,0.02398147388208094,489808281.3423157
2020-03-04,PAYX,0.004018450391128434,146232318.2319641
2020-03-04,PFE,0.025974277539327364,1082584486.5838814
2020-03-04,PG,0.04089833794883713,869829432.0167542
2020-03-04,PTC,0.001253032969724796,45320106.13937378
2020-03-04,QCOM,0.012941333488804009,975317219.3256378
2020-03-04,REGN,0.007354218698229112,485182945.7092285
2020-03-04,RMD,0.003296247915230145,82088087.65640259
2020-03-04,ROK,0.0030646521722567854,161711123.19488525
2020-03-04,ROL,0.0011797117864066153,41653109.13205147
2020-03-04,SNPS,0.002993084808615872,232119791.2322998
2020-03-04,SPGI,0.008860561993368779,415720740.24172974
2020-03-04,SWKS,0.0024597847543037592,255055440.11611938
2020-03-04,TECH,0.0002585769656748284,38675300.37918091
2020-03-04,TER,0.001488761388558824,146694921.4454651
2020-03-04,TMO,0.01691652649342744,598100941.7358398
2020-03-04,TRMB,0.0014241481112629009,45722976.354599
2020-03-04,TROW,0.004006763868983476,156982463.4666443
2020-03-04,TTWO,0.001740438739802324,270442735.181427
2020-03-04,TXN,0.015685074196466586,562207906.6795349
2020-03-04,TYL,0.001814011313523193,92660001.50299072
2020-03-04,UNP,0.015965589759657103,535523486.6592407
2020-03-04,VEEV,0.0031993263752194486,198942172.90344238
2020-03-04,VRSK,0.0036531661288206605,157005661.71569824
2020-03-04,VRSN,0.003196862395338837,149977149.1821289
2020-03-04,VRTX,0.008375407873220195,370001809.35440063
2020-03-04,ZBH,0.003943961369738948,178723654.37485504
2020-03-04,ZBRA,0.001662572915148966,119771296.82922363
2020-03-04,ZTS,0.00914513378134395,317116010.9588623
2020-03-05,A,-0.003537726382937276,192091127.70767212
2020-03-05,ABT,-0.01980320911921356,439445366.0480499
2020-03-05,ACN,-0.016949452427331282,443925381.2438965
2020-03-05,ADBE,-0.024028920658439742,1072936129.788208
2020-03-05,ADI,-0.005797516022339164,339027675.7015228
2020-03-05,AKAM,-0.0020229975665563785,150449169.1482544
2020-03-05,ALGN,-0.002472087270406784,203779356.83898926
2020-03-05,ALLE,-0.0015652493128040295,100934048.8494873
2020-03-05,AMAT,-0.0076848046920178804,602970805.32341
2020-03-05,AME,-0.0028440374024293093,160638090.1107788
2020-03-05,AMGN,-0.017050470829680815,547065193.6012268
2020-03-05,AMT,-0.014499422122496716,545339225.0892639
2020-03-05,AOS,-0.0009517485654066129,70599037.36476898
2020-03-05,AZO,-0.0038002498504160847,278614217.6879883
2020-03-05,BIIB,-0.007754614652143478,570151662.7120972
2020-03-05,CBOE,-0.0018209376794962183,103584153.77082825
2020-03-05,CDNS,-0.002671831220518028,167381209.81063843
2020-03-05,CHD,-0.0025298475508722944,109071148.14987183
2020-03-05,CL,-0.008336433459315987,348832715.435791
2020-03-05,CME,-0.010281221423990166,509096559.00878906
2020-03-05,CPAY,-0.0032935719821427477,298558286.5905762
2020-03-05,CPRT,-0.0007005470779250496,208220249.96566772
2020-03-05,CRM,-0.018939654976084488,988316992.6925659
2020-03-05,CSCO,-0.024496272622621787,1267571048.9715576
2020-03-05,DHR,-0.012867909397900314,411177591.58322906
2020-03-05,EBAY,-0.003980179940307052,494852108.27293396
2020-03-05,EMR,-0.005654298793003211,256412787.4786377
2020-03-05,ETN,-0.005412279494436897,285565669.4736481
2020-03-05,EW,-0.0020609113007197793,315335495.59936523
2020-03-05,EXPE,-0.002133693568593848,386965940.3373718
2020-03-05,FDS,-0.0014635425031826813,85311661.44561768
2020-03-05,FFIV,-0.0010452293545245947,90356997.62878418
2020-03-05,FICO,-0.0015710601249893563,89849255.50079346
2020-03-05,FTV,-0.0021152768653044337,154424357.05886078
2020-03-05,GEN,-0.0017305777534070332,191907564.51339722
2020-03-05,GILD,-0.012675192306393227,1767429396.6472626
2020-03-05,GPN,-0.007972719436487866,415130335.30044556
2020-03-05,GRMN,-0.002432952907373131,95377985.18295288
2020-03-05,HON,-0.016454204169718083,548121815.1894684
2020-03-05,HSY,-0.004340460624143328,158101040.97061157
2020-03-05,ICE,-0.007134832020450267,454739635.320282
2020-03-05,IEX,-0.0016333290664008254,70072925.64544678
2020-03-05,ILMN,-0.005483760450351764,398513436.8577423
2020-03-05,INCY,-0.0023531622791260988,119442490.56243896
2020-03-05,INTC,-0.03438100095041633,1521345009.1762543
2020-03-05,INTU,-0.009984408632947033,344236586.73095703
2020-03-05,ISRG,-0.002980281006965119,438955318.032074
2020-03-05,ITW,-0.007745160277939711,207299461.96746826
2020-03-05,IVZ,-0.0008254183714457967,88372695.687294
2020-03-05,JKHY,-0.001694163544776284,94854380.078125
2020-03-05,JNJ,-0.05210753167106594,1136756534.7961426
2020-03-05,KDP,-0.005711070476667541,67428045.24593353
2020-03-05,KEYS,-0.0026125835754152575,183657961.86294556
2020-03-05,KO,-0.03330922402440024,625879966.1407471
2020-03-05,LITE,-0.0008610628510295263,137214311.84654236
2020-03-05,LULU,-0.0038161449423225148,350275845.1034546
2020-03-05,LUV,-0.003593755094304692,213915600.28915405
2020-03-05,MCD,-0.021438705110046016,619519097.9377747
2020-03-05,MCO,-0.006638543277289086,265947323.13079834
2020-03-05,MDT,-0.01948240890144471,608155977.0771027
2020-03-05,META,-0.07990311195195247,3340657561.1190796
2020-03-05,MMM,-0.010360321884824797,554702728.7066727
2020-03-05,MNST,-0.0012087484501211963,226088849.95422363
2020-03-05,MPWR,-0.0009987810568816992,61443267.195892334
2020-03-05,MRK,-0.02720646510095677,1037351662.2219276
2020-03-05,MSCI,-0.0036161875560829977,236949048.87695312
2020-03-05,MSFT,-0.1,8585213264.071655
2020-03-05,MSI,-0.004077614952783143,199221436.07177734
2020-03-05,MTD,-0.002443634656319886,136443389.1418457
2020-03-05,MU,-0.008391164943397181,1501648333.506012
2020-03-05,NDSN,-0.0012080916148798646,44692496.89178467
2020-03-05,NEM,-0.005205351018901527,476387007.62844086
2020-03-05,NSC,-0.006788553314435889,325735625.83618164
2020-03-05,NTAP,-0.001618548994506991,132401326.33666992
2020-03-05,NXPI,-0.004692074546578706,345775507.24868774
2020-03-05,ORCL,-0.02398147388208094,489808281.3423157
2020-03-05,PAYX,-0.004018450391128434,155902946.56333923
2020-03-05,PFE,-0.025974277539327364,1139822132.4780655
2020-03-05,PG,-0.04089833794883713,911759263.218689
2020-03-05,PTC,-0.001253032969724796,52883739.096832275
2020-03-05,QCOM,-0.012941333488804009,919331929.1770935
2020-03-05,REGN,-0.007354218698229112,503228398.7487793
2020-03-05,RMD,-0.003296247915230145,82088087.65640259
2020-03-05,ROK,-0.0030646521722567854,175092057.47528076
2020-03-05,ROL,-0.0011797117864066153,42183330.27648926
2020-03-05,SNPS,-0.002993084808615872,232119791.2322998
2020-03-05,SPGI,-0.008860561993368779,426000806.68551636
2020-03-05,SWKS,-0.0024597847543037592,274580219.4580078
2020-03-05,TECH,-0.0002585769656748284,38453592.61016846
2020-03-05,TER,-0.001488761388558824,146694921.4454651
2020-03-05,TMO,-0.01691652649342744,606047862.4572754
2020-03-05,TRMB,-0.0014241481112629009,48354007.54451752
2020-03-05,TROW,-0.004006763868983476,161007940.0352478
2020-03-05,TTWO,-0.001740438739802324,269219254.0737152
2020-03-05,TXN,-0.015685074196466586,562207906.6795349
2020-03-05,TYL,-0.001814011313523193,92660001.50299072
2020-03-05,UNP,-0.015965589759657103,560993112.5518799
2020-03-05,VEEV,-0.0031993263752194486,214805455.89675903
2020-03-05,VRSK,-0.0036531661288206605,157005661.71569824
2020-03-05,VRSN,-0.003196862395338837,149977149.1821289
2020-03-05,VRTX,-0.008375407873220195,364964064.7010803
2020-03-05,ZBH,-0.003943961369738948,178723654.37485504
2020-03-05,ZBRA,-0.001662572915148966,119771296.82922363
2020-03-05,ZTS,-0.00914513378134395,336314536.5936279
2020-05-26,A,0.0034039080969930783,179563693.1312561
2020-05-26,ABT,0.02290120031219859,663464339.9734497
2020-05-26,ACN,0.016813170910549194,381683193.6592102
2020-05-26,ADBE,0.02381747120490336,920153774.9328613
2020-05-26,ADI,0.005636336724717419,247220660.54611206
2020-05-26,AKAM,0.0022102334840023684,179179678.22380066
2020-05-26,ALGN,0.002352968252024195,251759359.815979
2020-05-26,ALLE,0.0013238306987714077,71970070.13206482
2020-05-26,AMAT,0.006354171521587148,439203147.1582413
2020-05-26,AME,0.002682956409842186,114728714.59236145
2020-05-26,AMGN,0.0197542560523499,557459322.8431702
2020-05-26,AMT,0.014718200058589901,466558766.4161682
2020-05-26,AOS,0.0009865221071400576,63304661.3035202
2020-05-26,AZO,0.0036326569721041647,264868946.484375
2020-05-26,BIIB,0.007220009905405932,397834593.8796997
2020-05-26,CBOE,0.0015355335817439741,62569657.54394531
2020-05-26,CDNS,0.003170271103226741,170555308.65898132
2020-05-26,CHD,0.002463716296620065,111378479.02183533
2020-05-26,CL,0.008386223083947845,308473181.9213867
2020-05-26,CME,0.008914291279215345,295371426.864624
2020-05-26,CPAY,0.0028748341988502615,148532449.0913391
2020-05-26,CPRT,0.0006425992963437205,152675175.64353943
2020-05-26,CRM,0.02019362436233879,957556054.1564941
2020-05-26,CSCO,0.02514963947044952,930602699.0692139
2020-05-26,DHR,0.014072828538474793,467064429.28663635
2020-05-26,EBAY,0.004426956600427162,464247360.21995544
2020-05-26,EMR,0.004865488415091222,200765133.1319809
2020-05-26,ETN,0.0048187428506914366,178996661.05613708
2020-05-26,EW,0.0021167711592764964,201035455.9261322
2020-05-26,EXPE,0.0014855017253921005,273546142.66052246
2020-05-26,FDS,0.001463668906190861,67935819.06738281
2020-05-26,FFIV,0.0011738371164411827,116684628.7399292
2020-05-26,FICO,0.0014263999145995498,88577168.91479492
2020-05-26,GEN,0.0018710694979718642,109065852.95333862
2020-05-26,GILD,0.01484891981477925,983900127.5871277
2020-05-26,GPN,0.006959691640292645,276909349.47509766
2020-05-26,GRMN,0.0021609401412104345,81323911.9052887
2020-05-26,HON,0.013927040528194509,493730007.7848816
2020-05-26,HSY,0.0038615346363943858,150052252.49176025
2020-05-26,ICE,0.006919456208085552,244913564.28871155
2020-05-26,IEX,0.0016400539211094442,69377440.23742676
2020-05-26,ILMN,0.006369973070231827,332013711.75897217
2020-05-26,INCY,0.002947879721463672,150642015.32096863
2020-05-26,INTC,0.03592904060260731,1221076424.2332458
2020-05-26,INTU,0.009801980126725389,310658448.76708984
2020-05-26,ISRG,0.002758274663317643,314433997.66845703
2020-05-26,ITW,0.00725627435938596,208440917.17529297
2020-05-26,IVZ,0.0005456006127687161,65693990.62066078
2020-05-26,JKHY,0.0017663464936850568,97179373.2673645
2020-05-26,JNJ,0.056236716781693466,1018432581.2698364
2020-05-26,KDP,0.005243058400249276,81385000.5115509
2020-05-26,KEYS,0.0025808095881310273,123846130.23719788
2020-05-26,KO,0.027642674699250556,738968579.0100098
2020-05-26,LITE,0.0008659961395373646,117325510.02845764
2020-05-26,LUV,0.002351909775165388,764883313.3739471
2020-05-26,MCD,0.020032112458460365,690426089.7842407
2020-05-26,MCO,0.006525129939069237,206529842.73605347
2020-05-26,MDT,0.01827662401691111,457653765.60821533
2020-05-26,META,0.08220719399340107,4329698574.264526
2020-05-26,MMM,0.01020171250774481,477727561.23134995
2020-05-26,MNST,0.0011580054653418414,144697717.64793396
2020-05-26,MPWR,0.0012174811099474494,73791837.83569336
2020-05-26,MRK,0.027272973893213558,799389280.9619484
2020-05-26,MSCI,0.0038716804805182326,167623298.47564697
2020-05-26,MSFT,0.09999999999999998,5856999656.11496
2020-05-26,MSI,0.0034236970807384757,227204873.5923767
2020-05-26,MTD,0.0024252203516974416,104562969.73571777
2020-05-26,MU,0.0073957433002199355,984129482.0497513
2020-05-26,NDSN,0.0012941582893836144,43408629.260253906
2020-05-26,NEM,0.00671064380669248,456117167.8085327
2020-05-26,NOW,0.0018599721065882821,840194500.5302429
2020-05-26,NSC,0.00616157278584593,221309913.24005127
2020-05-26,NTAP,0.001466795818303281,75289293.26267242
2020-05-26,NXPI,0.003975037596197813,341126344.06547546
2020-05-26,ORCL,0.02484401924980833,450078291.9517517
2020-05-26,PAYX,0.003437608547310218,147314837.43667603
2020-05-26,PFE,0.028839367592588105,822458308.333561
2020-05-26,PG,0.04118295827423112,943897711.8011475
2020-05-26,PTC,0.001111009818302243,57458488.53607178
2020-05-26,QCOM,0.012577562874842274,640262887.1051788
2020-05-26,REGN,0.008414981125692932,505711351.22680664
2020-05-26,RMD,0.0031155125510579557,97895401.51748657
2020-05-26,ROK,0.003061107599266366,184115089.49890137
2020-05-26,ROL,0.0012191866919875854,57443656.28328323
2020-05-26,SNPS,0.0032980852225810045,148891108.79974365
2020-05-26,SPGI,0.009440313591508804,377685670.97052
2020-05-26,SWKS,0.002467278153941842,222236888.5822296
2020-05-26,TECH,0.0002979432116466173,101331643.35632324
2020-05-26,TER,0.0014531792039110774,126240015.36483765
2020-05-26,TMO,0.018832876881309656,492633661.77368164
2020-05-26,TRMB,0.0012083719387143246,43819616.602134705
2020-05-26,TROW,0.0037976553903189955,128669947.2076416
2020-05-26,TTWO,0.0018961207114642613,198562427.7420044
2020-05-26,TXN,0.015429036341384015,534402782.70111084
2020-05-26,TYL,0.0017958324379370324,98962267.93670654
2020-05-26,UNP,0.015441898963646557,468455848.29711914
2020-05-26,VEEV,0.0042172581711435375,200586932.38449097
2020-05-26,VRSK,0.0034818362961246364,126983863.45977783
2020-05-26,VRSN,0.0034140947816878172,124944226.3748169
2020-05-26,VRTX,0.009084259386598589,492624743.2952881
2020-05-26,ZBH,0.0033541252322079273,178084533.11966705
2020-05-26,ZBRA,0.001750715070830354,82485867.0173645
2020-05-26,ZTS,0.008585987654930051,305039687.73880005
2020-06-01,A,0.0003595578132946967,180858104.7290802
2020-06-01,ABT,-0.00020205714656267373,602830614.970398
2020-06-01,ACN,0.0007892192617497927,389025450.1739502
2020-06-01,ADBE,0.0012206685141582102,920153774.9328613
2020-06-01,ADI,-5.062447305737971e-05,227307949.584198
2020-06-01,AKAM,9.115946448460827e-05,173256721.60224915
2020-06-01,ALGN,0.00023375739167465432,239504968.535614
2020-06-01,ALLE,-6.143745626774463e-05,71970070.13206482
2020-06-01,AMAT,0.0005556214316828493,434465246.5496063
2020-06-01,AME,0.00013821582939461344,114728714.59236145
2020-06-01,AMGN,-0.0015140334977769565,538697296.1479187
2020-06-01,AMT,0.0006346672062539273,485614095.9831238
2020-06-01,AOS,7.675244851576037e-05,65776516.40701294
2020-06-01,AZO,0.0002972553093003546,302437021.3562012
2020-06-01,BIIB,-3.70797537436263e-05,378365743.3502197
2020-06-01,CBOE,4.627071014235047e-05,62474488.42964172
2020-06-01,CDNS,0.00026012369712974034,168847420.9148407
2020-06-01,CHD,7.74148721093622e-05,106178831.75735474
2020-06-01,CL,-8.540478664489926e-05,291495005.74798584
2020-06-01,CME,-0.00013091526852758786,282433233.0696106
2020-06-01,CPAY,-8.121434167804786e-05,169073398.0255127
2020-06-01,CPRT,4.692313328380146e-05,147216725.7862091
2020-06-01,CRM,0.0007646657604397471,1027800211.9216919
2020-06-01,CSCO,0.002139278913135728,960248972.5902557
2020-06-01,DHR,-0.0002792507074270735,495677932.8031769
2020-06-01,EBAY,0.00044040852555039117,440393840.47489166
2020-06-01,EMR,0.00014063140572070573,192880440.0779724
2020-06-01,ETN,-0.00010722406899431325,175362835.57929993
2020-06-01,EW,-1.3659433538557551e-05,208103229.977417
2020-06-01,EXPE,0.00011405989381287865,295355176.2643814
2020-06-01,FDS,0.00011022467142466187,67935819.06738281
2020-06-01,FFIV,8.325035811761975e-07,111877718.24645996
2020-06-01,FICO,0.00013845496959281217,88577168.91479492
2020-06-01,GEN,-0.0018710694979718642,114031351.52740479
2020-06-01,GILD,-0.0016186540045288762,960934915.6600952
2020-06-01,GPN,0.0002759292038193922,269759402.3925781
2020-06-01,GRMN,0.00014776618468837453,81323911.9052887
2020-06-01,HON,-0.0001616402565956885,535602051.2958145
2020-06-01,HSY,-5.705429668148706e-05,149224145.04089355
2020-06-01,ICE,0.0003146886029750202,247900520.91789246
2020-06-01,IEX,-4.011369768191489e-06,69377440.23742676
2020-06-01,ILMN,0.0006007603128601428,360710627.4259033
2020-06-01,INCY,1.0240318665017886e-05,150642015.32096863
2020-06-01,INTC,0.00032052857633994153,1216318106.5158844
2020-06-01,INTU,0.0003403723355470782,355367868.76678467
2020-06-01,ISRG,0.0002531709545448716,314433997.66845703
2020-06-01,ITW,0.0001492306739130306,209900468.42956543
2020-06-01,IVZ,-6.049996741252248e-05,60627578.7238121
2020-06-01,JKHY,0.00011199185402864151,106980432.86819458
2020-06-01,JNJ,-0.0026230082296518215,966407838.2774353
2020-06-01,KDP,-0.005243058400249276,124427695.21141052
2020-06-01,KEYS,0.0001923022358219814,150619793.9842224
2020-06-01,KO,-0.000603164877784737,775466965.1050568
2020-06-01,LITE,-0.00011135210596012316,117160033.25653076
2020-06-01,LUV,-2.8736514898375365e-05,677927361.11269
2020-06-01,MCD,-0.0008960765660536649,689688117.4057007
2020-06-01,MCO,0.0003544350565053969,208938447.86224365
2020-06-01,MDT,-0.0005303380483534306,503124193.8217163
2020-06-01,META,0.00471544420857084,4329698574.264526
2020-06-01,MMM,-9.960768214141262e-05,477727561.23134995
2020-06-01,MNST,0.00013752347748916243,142578930.0754547
2020-06-01,MPWR,1.0907064889742338e-05,66108701.76773071
2020-06-01,MRK,-0.0005904187874072146,799389280.9619484
2020-06-01,MSCI,-0.00012751044226865004,167623298.47564697
2020-06-01,MSI,-0.00032551958953463663,227204873.5923767
2020-06-01,MTD,0.00015008055405255028,107197525.47912598
2020-06-01,MU,-0.00028083806817552886,982292134.5611572
2020-06-01,NDSN,0.00016256124942565773,54183005.532836914
2020-06-01,NEM,-0.00036709497938871,487450824.3112564
2020-06-01,NOW,0.00011377271008899525,778643178.5831451
2020-06-01,NSC,1.2538877905920141e-05,221309913.24005127
2020-06-01,NTAP,-3.147399966534287e-05,79669074.49550629
2020-06-01,NXPI,-0.0002857537637121722,353784197.03712463
2020-06-01,ORCL,-0.0005925604771379253,465845201.9229889
2020-06-01,PAYX,4.948161882712375e-05,148684248.8494873
2020-06-01,PFE,-0.0012295994916178728,822458308.333561
2020-06-01,PG,-0.002235549846416114,898739985.8024597
2020-06-01,PTC,6.73656988883168e-05,53928282.52296448
2020-06-01,QCOM,-0.00014288790051077312,640262887.1051788
2020-06-01,REGN,0.0010147277057070414,568514347.9797363
2020-06-01,RMD,-1.3467266615149309e-05,93670703.49121094
2020-06-01,ROK,0.000297014798366559,184115089.49890137
2020-06-01,ROL,5.9722617269646755e-06,57443656.28328323
2020-06-01,SNPS,0.00035364723948594703,155338340.14434814
2020-06-01,SPGI,0.000633936481131336,374691258.22058105
2020-06-01,SWKS,0.0002401507637254676,226646568.31932068
2020-06-01,TECH,3.924694695215102e-05,92321509.32617188
2020-06-01,TER,4.433739768970905e-05,128468355.74111938
2020-06-01,TMO,6.246136128216714e-05,454287788.4963989
2020-06-01,TRMB,0.0001042900632108035,50076338.40179443
2020-06-01,TROW,2.0708349546792477e-05,124127484.74273682
2020-06-01,TTWO,0.00017921363774440016,271300052.3223877
2020-06-01,TXN,-0.00025078261072633903,497617838.9942169
2020-06-01,TYL,0.00022521486054376955,109531013.2156372
2020-06-01,UNP,0.00034323247226703685,498052073.3856201
2020-06-01,VEEV,0.00043478774237633386,207323016.5863037
2020-06-01,VRSK,0.0003012626870195138,129157061.88964844
2020-06-01,VRSN,1.818081879650154e-05,117074653.1616211
2020-06-01,VRTX,0.0009297501720458012,496520995.8404541
2020-06-01,ZBH,5.020709344807873e-05,178084533.11966705
2020-06-01,ZBRA,0.00016490208438398306,82485867.0173645
2020-06-01,ZTS,0.00031412954171646315,305039687.73880005
2020-06-30,A,5.756722878363929e-06,133237478.10707092
2020-06-30,ABT,-0.0008581470066383393,527145043.31092834
2020-06-30,ACN,0.0011235021931889771,487727502.8625488
2020-06-30,ADBE,0.003124335459591298,1316269778.692627
2020-06-30,ADI,0.000472666963001132,259051469.3927765
2020-06-30,AKAM,2.555131012210157e-05,187190444.32373047
2020-06-30,ALGN,0.00030040238577834933,237191240.8996582
2020-06-30,ALLE,3.0514024069246744e-05,72599259.80377197
2020-06-30,AMAT,0.000517175618533993,437733061.0366821
2020-06-30,AME,-7.49437873908596e-05,111611528.60565186
2020-06-30,AMGN,0.00046898604956624457,558073194.8974609
2020-06-30,AMT,5.442937954435942e-06,516158487.2192383
2020-06-30,AOS,-9.642289206085106e-06,57852290.88745117
2020-06-30,AZO,-7.174356355212855e-05,248158638.62304688
2020-06-30,BIIB,-0.0009315934930589154,480484207.7407837
2020-06-30,CBOE,-0.0001973239244533868,84205949.95040894
2020-06-30,CDNS,0.00017160021547857384,170324638.02108765
2020-06-30,CHD,7.266765713694013e-05,93630864.75067139
2020-06-30,CL,9.767416375030744e-05,288854800.79307556
2020-06-30,CME,-0.0009733423940498868,408110515.171051
2020-06-30,CPAY,8.558920623216856e-05,232614666.86553955
2020-06-30,CPRT,-4.789933250959517e-05,148473681.13594055
2020-06-30,CRM,0.0014794233617130524,1061396773.3894348
2020-06-30,CSCO,-0.000702044962316635,1021494046.8200684
2020-06-30,DHR,0.000830342108475518,440548560.01416016
2020-06-30,EBAY,0.0007325103325276257,534444459.71069336
2020-06-30,EMR,7.737967313958382e-05,186155995.9350586
2020-06-30,ETN,0.00013794810388137024,198115674.5677948
2020-06-30,EW,-0.00016483968390922782,235340142.42401123
2020-06-30,EXPE,5.295896526849109e-05,361038049.1191864
2020-06-30,FDS,0.0001054663913774886,85000154.56848145
2020-06-30,FFIV,-4.5312430648182956e-05,86848683.89129639
2020-06-30,FICO,5.80617038590922e-05,97411893.95904541
2020-06-30,GILD,-0.00016537744372570502,665501570.1004028
2020-06-30,GPN,-0.0004052457301425101,353367164.24102783
2020-06-30,GRMN,0.0001849880521983126,89892175.91362
2020-06-30,HON,-0.00013361730478557085,527637898.3223343
2020-06-30,HSY,-0.00017383763314429484,147174596.33102417
2020-06-30,ICE,-0.00042762625306304834,267115635.17990112
2020-06-30,IEX,-1.5400824388827e-05,74107486.70196533
2020-06-30,ILMN,0.0001325044619771591,287482515.2661743
2020-06-30,INCY,5.6544578669385365e-05,135298189.26315308
2020-06-30,INTC,-0.0018228124944700067,1445129380.5210114
2020-06-30,INTU,0.00019392375423019255,350225829.89349365
2020-06-30,ISRG,-5.614383355492759e-05,366439428.89556885
2020-06-30,ITW,9.454072420977174e-05,206960216.90444946
2020-06-30,IVZ,0.0001691102933113947,94602043.81175041
2020-06-30,JKHY,3.086373187401875e-05,96938934.46655273
2020-06-30,JNJ,-0.0029812699172076657,1128512744.2108154
2020-06-30,KEYS,-0.0001912825673344152,177772620.78781128
2020-06-30,KO,-0.0011863810134972938,803115598.4519958
2020-06-30,LITE,8.25692359096629e-05,107134118.42079163
2020-06-30,LUV,0.00014787159676378286,882978128.5894394
2020-06-30,MCD,-0.0002104116416755432,747092698.4352112
2020-06-30,MCO,0.00018070663549169062,215259350.45013428
2020-06-30,MDT,-0.0012516741188079855,607986879.2236328
2020-06-30,META,0.0006701715217311416,4743506628.058624
2020-06-30,MMM,-3.9907965315522445e-05,463799597.09178925
2020-06-30,MNST,-4.800657983427062e-05,124926173.77471924
2020-06-30,MPWR,0.00015809301503865564,80106218.93310547
2020-06-30,MRK,-0.001148120462503982,802492234.4925194
2020-06-30,MSCI,5.249296343195738e-05,168364558.68225098
2020-06-30,MSI,0.00010643353221407052,250597739.08081055
2020-06-30,MTD,3.136472512595351e-05,101245594.61975098
2020-06-30,MU,0.0005278647110894662,1113382942.573166
2020-06-30,NDSN,8.938062201143543e-06,60439741.56265259
2020-06-30,NEM,0.00034755547073561394,637483469.3805695
2020-06-30,NOW,8.493585288631492e-05,644817437.3435974
2020-06-30,NSC,-0.00010074058759562687,260837146.51107788
2020-06-30,NTAP,-0.00013199499085888395,106289694.07520294
2020-06-30,NXPI,0.0006840021532656488,449880411.20376587
2020-06-30,ORCL,-0.001514988369162553,863491608.229065
2020-06-30,PAYX,0.00016347122375453237,142039052.20794678
2020-06-30,PFE,-0.003994504005600717,1033089696.3162498
2020-06-30,PG,0.00118307633038911,804108545.0958252
2020-06-30,PTC,2.046062457596227e-05,53686575.228500366
2020-06-30,QCOM,0.0015730543078233718,838754812.191391
2020-06-30,REGN,0.00015646639241179323,542483764.9932861
2020-06-30,RMD,0.0005974396497550726,130289298.50463867
2020-06-30,ROK,-5.265586622617193e-05,176591671.1845398
2020-06-30,ROL,1.5954699003134986e-05,41962645.03583908
2020-06-30,SNPS,0.00028017202545408586,196506755.03845215
2020-06-30,SPGI,0.00012724232767821406,373554194.871933
2020-06-30,SWKS,0.0002097214614583333,286816049.2221832
2020-06-30,TECH,-1.291719445878142e-06,56723288.247680664
2020-06-30,TER,0.00038876850217410097,195516970.8114624
2020-06-30,TMO,0.000690453104896311,546115347.9568481
2020-06-30,TRMB,0.00013500690984391008,58469389.26849365
2020-06-30,TROW,7.79141758507954e-05,147437426.10435486
2020-06-30,TTWO,4.952761376610538e-05,284044424.7253418
2020-06-30,TXN,0.0010345406189180353,616293677.0744324
2020-06-30,TYL,-0.00015510766635537954,150741552.02178955
2020-06-30,UNP,-9.033703048323335e-05,587768365.6661987
2020-06-30,VEEV,0.00032514615961488653,283273860.6903076
2020-06-30,VRSK,-5.83482921353482e-05,140360212.4382019
2020-06-30,VRSN,-0.00019437335521146556,128776275.0
2020-06-30,VRTX,7.084919950773629e-05,465871080.12390137
2020-06-30,ZBH,-0.00019154594399739457,210258847.5055771
2020-06-30,ZBRA,-4.1385955603398614e-05,80030261.87438965
2020-06-30,ZTS,-0.00015947351289438,235361546.26617432
2020-07-31,A,0.00015185874749496257,126325198.27423096
2020-07-31,ABT,0.0011020834695045223,456012711.6760254
2020-07-31,ACN,-1.7991838098866536e-05,340843975.4608154
2020-07-31,ADBE,-0.0007299734198393734,1022508893.5455322
2020-07-31,ADI,-0.0006439500842378874,439911144.8589325
2020-07-31,AKAM,4.66240767711245e-06,158172623.5420227
2020-07-31,ALGN,6.270449284894114e-05,220674266.80145264
2020-07-31,ALLE,-9.236539641618836e-05,69384279.77294922
2020-07-31,AMAT,0.00011572049180919378,348227764.799881
2020-07-31,AME,-1.1645530174802295e-05,101736122.15957642
2020-07-31,AMGN,-0.0001875785100984642,535527211.58981323
2020-07-31,AMT,-0.0005398855900881818,368328869.2474365
2020-07-31,AOS,-0.0010536322664497328,45686458.34312439
2020-07-31,AZO,8.260651858026883e-05,179360935.18676758
2020-07-31,BIIB,-0.00012630734685577065,265220778.96118164
2020-07-31,CBOE,-0.00014226981601876383,63846339.15519714
2020-07-31,CDNS,0.0003115621655923116,170512850.05569458
2020-07-31,CHD,0.0004947062560979841,126308568.90411377
2020-07-31,CL,4.7468283764333374e-05,240484642.71011353
2020-07-31,CME,-0.00018979155967498162,264013521.1669922
2020-07-31,CPAY,-5.459624616672813e-05,112873649.81536865
2020-07-31,CPRT,4.408242714989692e-05,108023779.62875366
2020-07-31,CRM,-0.00016520925298893485,829971239.7766113
2020-07-31,CSCO,-0.0009640495909036262,767411291.806221
2020-07-31,DHR,0.0014606467214094265,442394298.58918
2020-07-31,EBAY,3.258640685236368e-05,574736150.6507874
2020-07-31,EMR,-0.00023374116764308776,151606786.27490997
2020-07-31,ETN,7.741513690998243e-05,131779212.49465942
2020-07-31,EW,0.0001603908064225089,192001401.08413696
2020-07-31,EXPE,-9.83056211531514e-05,227639807.07244873
2020-07-31,FDS,1.0294597951572039e-05,66836096.99859619
2020-07-31,FFIV,-7.924379405808003e-05,128300829.99649048
2020-07-31,FICO,4.235554715931178e-06,109564413.40637207
2020-07-31,GILD,-0.001797504384097046,535431190.34080505
2020-07-31,GPN,1.084685343183834e-05,280680807.49282837
2020-07-31,GRMN,-8.728879414448415e-05,78137583.436203
2020-07-31,HON,-0.00019252994140459,450598702.6047592
2020-07-31,HSY,0.0002562554560375562,149451772.53341675
2020-07-31,ICE,5.6458459142873577e-05,232477296.03729248
2020-07-31,IEX,-7.667942779758172e-06,55762905.98449707
2020-07-31,ILMN,-0.00010825553857361954,304265324.7875061
2020-07-31,INCY,-0.0002818547885797833,112530809.0133667
2020-07-31,INTC,-0.008216824944955268,1205213160.618019
2020-07-31,INTU,-0.00013305491099893305,329747122.8027344
2020-07-31,ISRG,0.00043722541838028903,379213612.449646
2020-07-31,ITW,7.253462768078232e-05,171304869.75708008
2020-07-31,IVZ,-7.165638990014008e-05,58501344.94614601
2020-07-31,JKHY,-0.00014392861977492646,71131611.77825928
2020-07-31,JNJ,-0.0005498737737249515,883415557.6156616
2020-07-31,KEYS,-0.00013967807649333192,103412106.08520508
2020-07-31,KO,0.00023285453549506605,731149691.7726517
2020-07-31,LITE,7.361686657308064e-05,88262881.08100891
2020-07-31,LUV,-0.00033984669767987,395243133.9187622
2020-07-31,MCD,9.610170275321794e-05,564778942.1737671
2020-07-31,MCO,-0.00016133135070047887,168909871.86279297
2020-07-31,MDT,6.71850533588425e-05,393590704.39338684
2020-07-31,META,0.005791767073604029,4949204331.442261
2020-07-31,MMM,-0.000799374607012909,405693124.9202728
2020-07-31,MNST,0.00010034192279522141,157260634.00802612
2020-07-31,MPWR,9.305393423258198e-05,72228165.54794312
2020-07-31,MRK,-0.00024922696506683717,611216537.379364
2020-07-31,MSCI,0.00028419806782262365,165455660.32714844
2020-07-31,MSI,-0.00015356519024007677,166939135.39123535
2020-07-31,MTD,0.00028070016150551257,92374278.99780273
2020-07-31,MU,-0.0005557582119725749,862758143.8205719
2020-07-31,NDSN,-3.803864033568075e-05,45210616.45126343
2020-07-31,NEM,0.00046595480401451835,471222315.6036377
2020-07-31,NOW,7.156308998909795e-05,635720092.6837921
2020-07-31,NSC,0.00027193899349230947,265595550.995636
2020-07-31,NTAP,-6.148866753328402e-05,96874378.26919556
2020-07-31,NXPI,-7.201540498083091e-05,288556052.6699066
2020-07-31,ORCL,-0.0009677701199557152,707072594.4858551
2020-07-31,PAYX,-0.00034748004229312544,142659412.32795715
2020-07-31,PFE,0.002904976927695299,1011966050.7915192
2020-07-31,PG,0.0018665345379455037,807334107.5317383
2020-07-31,PTC,5.952175807030259e-05,55864149.769592285
2020-07-31,QCOM,0.001470728939871352,622685077.3635864
2020-07-31,REGN,-0.0003143130329591303,446643982.66296387
2020-07-31,RMD,2.429375270646735e-05,103150285.79864502
2020-07-31,ROK,-7.484685369842179e-05,148788244.67391968
2020-07-31,ROL,0.0002230067690765223,46068516.93878174
2020-07-31,SNPS,-9.837637600802925e-05,139876598.0331421
2020-07-31,SPGI,0.0001477875768295285,309794032.02456665
2020-07-31,SWKS,0.0002525864184451643,232639886.8057251
2020-07-31,TECH,-1.8791245461229132e-06,41164464.43786621
2020-07-31,TER,8.636983057475284e-06,184831740.27290344
2020-07-31,TMO,0.0017677599857593845,490639446.2509155
2020-07-31,TRMB,-2.389509651135979e-05,35289442.64335632
2020-07-31,TROW,0.00026162201429172274,134666508.4060669
2020-07-31,TTWO,0.0002581861219594951,177900849.97940063
2020-07-31,TXN,-0.0006698035755959217,592473449.2797852
2020-07-31,TYL,-3.198779708371764e-05,93523846.73919678
2020-07-31,UNP,-0.00033765641794844536,490656547.8317261
2020-07-31,VEEV,0.0003835846303801866,174002794.32907104
2020-07-31,VRSK,0.0002164627680297888,130446437.17727661
2020-07-31,VRSN,-7.542525267102262e-05,126490908.24356079
2020-07-31,VRTX,-0.0010676090225622062,385770936.69433594
2020-07-31,ZBH,0.00025141850390281726,161575022.42442322
2020-07-31,ZBRA,8.770628591580308e-05,72516954.3838501
2020-07-31,ZTS,0.0004919081046218712,173261723.9578247
2020-08-26,A,3.972285738898344e-06,115147255.12046814
2020-08-26,ABT,2.3242687199560852e-05,324143152.0805359
2020-08-26,ACN,1.895220202166592e-05,330378214.68048096
2020-08-26,ADBE,2.7790735498706837e-05,981325973.4558105
2020-08-26,ADI,5.4851347195024325e-06,361204424.44229126
2020-08-26,AKAM,2.362054497234093e-06,142514941.7591095
2020-08-26,ALGN,2.9883536001996773e-06,176256195.27893066
2020-08-26,ALLE,1.2162194269404406e-06,61965452.700424194
2020-08-26,AMAT,7.641187032768684e-06,431598520.91293335
2020-08-26,AME,2.770293112294448e-06,88857476.30271912
2020-08-26,AMGN,1.8763499132302963e-05,439519555.3855896
2020-08-26,AMT,1.5011934476120287e-05,336009146.4553833
2020-08-26,AZO,3.992236771491707e-06,184442438.86108398
2020-08-26,BIIB,6.205014439483909e-06,287837085.2844238
2020-08-26,CBOE,1.2584322484172558e-06,76230500.72021484
2020-08-26,CDNS,3.964663283149289e-06,140912602.58865356
2020-08-26,CHD,3.1490982225668325e-06,110232013.08059692
2020-08-26,CL,8.556254298472746e-06,239447210.98594666
2020-08-26,CME,7.719752770019711e-06,253599683.4915161
2020-08-26,CPAY,2.861498684307226e-06,160811567.64831543
2020-08-26,CPRT,6.946599702234131e-07,112401761.21063232
2020-08-26,CRM,2.2563354936912944e-05,1073363872.6211548
2020-08-26,CSCO,2.5957425467796474e-05,794623444.2667007
2020-08-26,DHR,1.6294610736392046e-05,301138536.7000427
2020-08-26,EBAY,5.706014685897751e-06,383904532.80448914
2020-08-26,EMR,4.913090029631806e-06,197710427.8125763
2020-08-26,ETN,4.991220863635737e-06,131217689.87960815
2020-08-26,EW,2.1260687278722157e-06,148804616.3105011
2020-08-26,EXPE,1.5745110429048886e-06,228431700.3479004
2020-08-26,FDS,1.711719316268602e-06,52921039.627075195
2020-08-26,FFIV,1.0638265466802067e-06,85623084.39102173
2020-08-26,FICO,1.6484006895678242e-06,74736870.11108398
2020-08-26,GILD,1.141452175128059e-05,627838455.3070068
2020-08-26,GPN,6.9305596644281264e-06,330535328.8909912
2020-08-26,GRMN,2.437830194059864e-06,77270200.95405579
2020-08-26,HON,1.3614752654095633e-05,418673324.3909912
2020-08-26,HSY,3.9376561312962945e-06,120298371.69265747
2020-08-26,ICE,6.952598807572277e-06,338541090.91033936
2020-08-26,IEX,1.6340371795614365e-06,59659885.70404053
2020-08-26,ILMN,7.0863279188707745e-06,255520721.8612671
2020-08-26,INCY,2.7684968665121247e-06,98556670.60165405
2020-08-26,INTC,2.6552200262892206e-05,1521253212.829399
2020-08-26,INTU,1.033646245716252e-05,265978512.3260498
2020-08-26,ISRG,3.4368293125785696e-06,309470625.14190674
2020-08-26,ITW,7.671468697159102e-06,155595196.83914185
2020-08-26,IVZ,5.901619735853344e-07,44374931.890916824
2020-08-26,JKHY,1.788325696134305e-06,101258838.65737915
2020-08-26,JNJ,5.0736579747218125e-05,750570532.5370789
2020-08-26,KEYS,2.4740425824602667e-06,125568944.75326538
2020-08-26,KO,2.642663325771663e-05,522819761.4128113
2020-08-26,LITE,-0.000910830136059985,117338428.65066528
2020-08-26,LUV,2.1590289089410547e-06,389008154.00981903
2020-08-26,MCD,1.9270125610485606e-05,537613786.0565186
2020-08-26,MCO,6.989031705480903e-06,163979598.2208252
2020-08-26,MDT,1.6778073001297994e-05,409561071.005249
2020-08-26,META,9.460406113338815e-05,5696138272.982025
2020-08-26,MMM,9.383782983977962e-06,343684818.24168396
2020-08-26,MNST,1.3654656867948152e-06,137666809.62524414
2020-08-26,MPWR,1.4988559795473932e-06,70886215.75927734
2020-08-26,MRK,2.561540047618313e-05,569063975.1073036
2020-08-26,MSCI,4.134151948176519e-06,156840462.5
2020-08-26,MSI,3.0908886287425025e-06,142079405.85250854
2020-08-26,MTD,2.925071133853558e-06,91122086.42578125
2020-08-26,MU,7.179559131301541e-06,830575206.2080383
2020-08-26,NDSN,1.446261856751993e-06,46776842.53387451
2020-08-26,NEM,7.2505212321688495e-06,410093787.83836365
2020-08-26,NOW,2.1580620458900614e-06,865104613.9831543
2020-08-26,NSC,6.428171785178259e-06,234001760.56365967
2020-08-26,NTAP,1.2580549942917477e-06,123978866.07341766
2020-08-26,NXPI,4.357439728593787e-06,203618136.1152649
2020-08-26,ORCL,2.2052971947281175e-05,487859251.1899948
2020-08-26,PAYX,3.3462154078720864e-06,106827700.14419556
2020-08-26,PFE,2.6866561792786292e-05,824611948.507143
2020-08-26,PG,4.2545447194529407e-05,781899111.7050171
2020-08-26,PTC,1.2747904607657463e-06,48474354.49562073
2020-08-26,QCOM,1.5680587288686987e-05,1101123071.3127136
2020-08-26,REGN,9.392940971693353e-06,384260143.4326172
2020-08-26,RMD,3.7724065217723847e-06,130103629.03137207
2020-08-26,ROK,3.272807480319065e-06,113879651.86157227
2020-08-26,ROL,1.4832399807377956e-06,43813979.889678955
2020-08-26,SNPS,3.883589134909358e-06,140074940.20385742
2020-08-26,SPGI,1.0484428470129009e-05,247040032.6335144
2020-08-26,SWKS,3.2111295468523378e-06,217237088.9656067
2020-08-26,TECH,3.3838118394411906e-07,31273425.26702881
2020-08-26,TER,1.919667370071064e-06,114085950.99945068
2020-08-26,TMO,2.1632401677317004e-05,445742302.91748047
2020-08-26,TRMB,1.442366498604188e-06,54075957.016563416
2020-08-26,TROW,4.212196838658186e-06,110459314.38140869
2020-08-26,TTWO,2.4141676756780917e-06,194839632.95898438
2020-08-26,TXN,1.57459625540618e-05,424899151.02386475
2020-08-26,TYL,1.8579009239882635e-06,79740121.67053223
2020-08-26,UNP,1.5557682765485886e-05,401478898.1781006
2020-08-26,VEEV,5.430781659829589e-06,170467445.68481445
2020-08-26,VRSK,3.992680716729917e-06,110541527.02178955
2020-08-26,VRSN,3.203774938021972e-06,116160574.82910156
2020-08-26,VRTX,9.135003600139677e-06,307752122.315979
2020-08-26,ZBH,3.509443015237406e-06,123103810.22805023
2020-08-26,ZBRA,1.987557905022263e-06,67038810.75134277
2020-08-26,ZTS,9.353117225132518e-06,245573804.66918945
2020-08-31,A,-7.007056009429016e-05,108817699.74899292
2020-08-31,ABT,0.0005697609846979958,343189929.64630127
2020-08-31,ACN,0.00010573116802964702,318298422.9309082
2020-08-31,ADBE,0.0024330822295239203,1076984894.6899414
2020-08-31,ADI,-0.00022330749075363896,357542406.16493225
2020-08-31,AKAM,-5.6998644732645255e-05,151916008.4224701
2020-08-31,ALGN,-0.00014091230311326407,171493121.03271484
2020-08-31,ALLE,-2.478813727079779e-05,59852176.386642456
2020-08-31,AMAT,-0.0007386959279684609,456816714.31503296
2020-08-31,AME,4.767562423841926e-05,83003273.52752686
2020-08-31,AMGN,-0.0004550833939323193,439519555.3855896
2020-08-31,AMT,-0.0015125875445744976,309922303.81469727
2020-08-31,AZO,-0.0002624178444291651,177420170.7763672
2020-08-31,BIIB,-8.238727911091294e-05,297686499.1333008
2020-08-31,CBOE,-1.7303766200233014e-05,72090336.68060303
2020-08-31,CDNS,-0.00017056285057661345,138063518.5935974
2020-08-31,CHD,-0.00019523804580562354,103168790.68756104
2020-08-31,CL,-0.00027657854695762804,233829879.9396515
2020-08-31,CLX,0.003404922530699613,314617234.6862793
2020-08-31,CME,-2.2251748943285035e-05,236950447.28775024
2020-08-31,CPAY,-0.00023693376424840018,179313894.84710693
2020-08-31,CPRT,3.0124549831940365e-05,114920645.30181885
2020-08-31,CRM,0.007097132895946042,1090157259.3978882
2020-08-31,CSCO,-0.0039875907624349165,825181785.3691101
2020-08-31,DHR,-0.0007327619655672808,299210813.86483
2020-08-31,EBAY,-0.00037423629610050437,383904532.80448914
2020-08-31,EMR,-0.004854671416338056,188401676.01623535
2020-08-31,ETN,0.00016221297209343365,129542805.32798767
2020-08-31,EW,6.60113145760791e-05,161979225.33035278
2020-08-31,EXPE,0.00022011963735650672,228431700.3479004
2020-08-31,FDS,-7.898583977199603e-05,52389038.86260986
2020-08-31,FFIV,-8.68308247282644e-05,83489387.78076172
2020-08-31,FICO,-0.00015852369489409977,70332639.27612305
2020-08-31,GILD,-0.0010773903044684376,569208035.6887817
2020-08-31,GPN,-0.00044693293991220507,306260979.6356201
2020-08-31,GRMN,-2.380359013729426e-05,73605089.12658691
2020-08-31,HON,0.0005946290458058653,450392293.6557007
2020-08-31,HSY,-0.0001436730851023917,102861956.20117188
2020-08-31,ICE,0.0002345473414640765,328718844.67048645
2020-08-31,IEX,4.881415430897694e-05,61127308.65402222
2020-08-31,ILMN,-0.0008356198763285515,255520721.8612671
2020-08-31,INCY,-0.00022115721081275618,86744929.17442322
2020-08-31,INTC,0.0001497031290464898,1474145888.9957428
2020-08-31,INTU,0.0006997153969385047,288036921.71936035
2020-08-31,ISRG,1.5448042464774256e-05,309470625.14190674
2020-08-31,ITW,4.634254613474376e-05,144076297.3297119
2020-08-31,IVZ,-2.49817254364276e-05,44374931.890916824
2020-08-31,JKHY,-0.00023074252625249897,98835331.63070679
2020-08-31,JNJ,-0.00042145644427908635,774910768.6264038
2020-08-31,KEYS,-0.00017301975319751473,140830671.87194824
2020-08-31,KO,-0.0003181182002309352,518701829.03862
2020-08-31,LUV,-0.0021333571882598667,416520967.7324295
2020-08-31,MCD,0.0006749844447058763,557254635.6559753
2020-08-31,MCO,-9.098388764642706e-05,160972697.0413208
2020-08-31,MDT,0.0008200681880306364,448804260.05630493
2020-08-31,META,0.006520819141559539,5513274540.9729
2020-08-31,MMM,0.00019217679552166293,356380559.3043747
2020-08-31,MNST,9.083685333454057e-06,132232366.66107178
2020-08-31,MPWR,-7.452128537006148e-05,66747651.59301758
2020-08-31,MRK,3.053154632590843e-05,561878785.197773
2020-08-31,MSCI,-0.00026407376771245186,140285140.574646
2020-08-31,MSI,0.00013101548927241507,164408585.76202393
2020-08-31,MTD,-6.300961914661738e-05,88200067.2088623
2020-08-31,MU,-0.001017920828950027,795305937.5520706
2020-08-31,NDSN,-0.0001323243635195173,46111224.349975586
2020-08-31,NEM,-0.0006017617319808606,370783426.5068054
2020-08-31,NOW,7.250390968238348e-05,802071595.2510834
2020-08-31,NSC,0.00026516947271805567,213129656.16912842
2020-08-31,NTAP,9.773663174544823e-06,130071364.9389267
2020-08-31,NXPI,3.495983197443313e-05,203618136.1152649
2020-08-31,ORCL,-0.0006053473774574811,494895565.29808044
2020-08-31,PAYX,5.788672120422313e-06,103492215.55976868
2020-08-31,PFE,-0.0019843404365136354,801252320.7606926
2020-08-31,PG,0.0018087772921840592,766760127.1240234
2020-08-31,PTC,8.267670223126083e-06,48149476.25770569
2020-08-31,QCOM,0.0009682324880233226,958941498.2261658
2020-08-31,REGN,-0.0007049067148971223,365884489.67285156
2020-08-31,RMD,-0.0005655976298348034,117347269.16046143
2020-08-31,ROK,-1.4040135768670498e-05,107163575.60272217
2020-08-31,ROL,-1.2588241966861053e-05,43813979.889678955
2020-08-31,SNPS,0.00017869383189823536,150179807.12127686
2020-08-31,SPGI,-0.00014874333248116912,233833700.1858673
2020-08-31,SWKS,-0.000198557453092575,212223046.2409973
2020-08-31,TECH,-3.789583821866199e-05,32731263.375854492
2020-08-31,TER,-0.000189894131197958,114085950.99945068
2020-08-31,TMO,-0.000505433467310433,472415143.5058594
2020-08-31,TRMB,0.00015587007851475916,51562083.522605896
2020-08-31,TROW,-0.00020927634707156983,106989559.01641846
2020-08-31,TTWO,-3.976279502101131e-05,188782614.65454102
2020-08-31,TXN,0.0007777605078445292,408923032.93533325
2020-08-31,TYL,-0.00016401550142822663,76993541.94641113
2020-08-31,UNP,0.0007055907722703855,396102360.610199
2020-08-31,VEEV,2.7778294694031334e-05,180078667.46520996
2020-08-31,VRSK,-0.00026842708561272124,114744448.3505249
2020-08-31,VRSN,-0.00013918668844696558,117073791.72897339
2020-08-31,VRTX,-0.000299602779839701,283037089.05181885
2020-08-31,ZBH,-5.4781371381810995e-05,116878454.4768219
2020-08-31,ZBRA,-7.552726586660188e-05,68647047.996521
2020-08-31,ZTS,-5.132776853000384e-05,229755162.39852905
2020-09-30,A,0.00010751503767154414,122105484.9433899
2020-09-30,ABT,0.0003910790768697457,476355261.9918823
2020-09-30,ACN,-0.0006933853863463485,491366088.01345825
2020-09-30,ADBE,-0.0006916810057876165,1890112958.4259033
2020-09-30,ADI,0.00011105004064401475,289654759.26589966
2020-09-30,AKAM,-6.634353842845933e-05,152219356.4414978
2020-09-30,ALGN,0.0003576812247165248,226939304.7607422
2020-09-30,ALLE,-2.555848191263541e-05,67519561.485672
2020-09-30,AMAT,-8.920911403540593e-05,505901025.0
2020-09-30,AME,2.6160655401576225e-05,83815729.34150696
2020-09-30,AMGN,0.00046995514292568277,566694446.9612122
2020-09-30,AMT,-0.00010469594053733912,571469181.4819336
2020-09-30,AZO,2.4434643827737912e-05,236726050.17089844
2020-09-30,BIIB,5.151342888475973e-05,302005415.8859253
2020-09-30,CBOE,-2.7619157656465568e-05,77561664.38598633
2020-09-30,CDNS,-6.320084558990562e-05,164270009.58366394
2020-09-30,CHD,-8.106573819079838e-08,104475037.75405884
2020-09-30,CL,-3.784880501393577e-05,219780933.16078186
2020-09-30,CLX,-0.00013073221935853844,289558042.2531128
2020-09-30,CME,-0.00020670375030389272,277561643.4234619
2020-09-30,CPAY,-8.211244875774284e-05,171706067.67196655
2020-09-30,CPRT,4.7169437249342536e-05,165978219.9371338
2020-09-30,CRM,-0.0016872637006265997,1363217425.0915527
2020-09-30,CSCO,-0.0010585407665283028,966807952.5802612
2020-09-30,DHR,0.0010216083136872743,421339072.79074097
2020-09-30,EBAY,-0.00014440951777094663,439916735.2294922
2020-09-30,ETN,0.00011152737623495307,162089539.3360138
2020-09-30,EW,-0.00010643413217077159,212400390.99235535
2020-09-30,EXPE,-0.0017759091117197305,208753780.00106812
2020-09-30,FDS,-3.6598425652805636e-05,74767606.80236816
2020-09-30,FFIV,-4.945303096740613e-05,76101428.92417908
2020-09-30,FICO,4.962051733896204e-05,89273513.79394531
2020-09-30,GILD,-0.00032587183541215974,554702030.2055359
2020-09-30,GPN,0.00018021249670399989,265552908.2687378
2020-09-30,GRMN,-0.000152081730046653,74504209.13162231
2020-09-30,HON,0.0002358324236678127,456386550.9849472
2020-09-30,HSY,-5.196452015909098e-05,114994264.83001709
2020-09-30,ICE,-0.0002621233903125587,295506701.2226105
2020-09-30,IEX,5.8159199610653646e-05,63648772.050476074
2020-09-30,ILMN,-0.0007104564421643511,489604670.12667847
2020-09-30,INCY,-0.00011958472555395573,98365824.48616028
2020-09-30,INTC,0.0010357398424105276,1444040655.8574677
2020-09-30,INTU,-0.00037314242589458514,429157451.76086426
2020-09-30,ISRG,-2.4590915825779477e-05,449523839.92767334
2020-09-30,ITW,9.846269391983534e-07,193651751.80511475
2020-09-30,IVZ,8.032098528038402e-05,80053296.0369587
2020-09-30,JKHY,7.835325807244988e-06,82596975.15716553
2020-09-30,JNJ,-0.0003778748506463314,952513830.0750732
2020-09-30,KEYS,5.745639613434668e-05,147916967.69638062
2020-09-30,KO,0.0004976038473957466,778846680.6138992
2020-09-30,MCD,0.0010091870727323947,667221547.6043701
2020-09-30,MCO,4.06859795813834e-05,176266414.02893066
2020-09-30,MDT,-0.0001945910863029622,477141505.46417236
2020-09-30,META,-0.007017116300081963,6342949343.460083
2020-09-30,MMM,4.523734099425372e-05,416206385.4102402
2020-09-30,MNST,-2.993144872222406e-05,164291511.6886139
2020-09-30,MPWR,9.897479795955774e-05,82923431.2286377
2020-09-30,MRK,-0.00013247986438010007,703238665.2352333
2020-09-30,MSCI,-8.627902731928733e-05,173826250.0
2020-09-30,MSI,0.0001153252575669954,156927090.44036865
2020-09-30,MTD,4.890090322469051e-05,94488316.28417969
2020-09-30,MU,0.0003352620329691667,955521816.2719727
2020-09-30,NDSN,6.719839208674965e-05,39964696.25701904
2020-09-30,NEM,-0.0002337440756193642,388169006.54792786
2020-09-30,NOW,6.375837772092325e-05,596004757.019043
2020-09-30,NSC,0.0001959892142322948,298300454.4219971
2020-09-30,NTAP,-6.766534839740528e-05,107077756.95056915
2020-09-30,NXPI,6.454367612975052e-05,230072229.18243408
2020-09-30,ORCL,0.001417628916778435,894947903.7467957
2020-09-30,PAYX,0.00022100351220751858,136116498.22998047
2020-09-30,PFE,-0.00016950184631316784,788512859.3759251
2020-09-30,PG,0.0012046726758153312,815624537.2207642
2020-09-30,PTC,-9.461021784925748e-05,71399693.20106506
2020-09-30,QCOM,0.00017124919156348561,884833342.307663
2020-09-30,REGN,-0.000657160309032661,387310698.54125977
2020-09-30,RMD,-9.578937955693643e-05,82515811.7729187
2020-09-30,ROK,-6.793398407131234e-05,120514927.66342163
2020-09-30,ROL,7.230923498029347e-06,55750129.54902649
2020-09-30,SNPS,-4.5101191558147465e-05,153335317.37365723
2020-09-30,SPGI,6.486300457112307e-05,277008384.02760315
2020-09-30,SWKS,8.085386339439123e-05,270501450.0
2020-09-30,TECH,-2.474948454659568e-06,39668573.87084961
2020-09-30,TER,-7.462267906731073e-05,146355055.96237183
2020-09-30,TMO,0.001095393860480319,563540428.6682129
2020-09-30,TRMB,-7.87267688593836e-05,44922660.85014343
2020-09-30,TROW,-0.00022979678420343742,143547485.89630127
2020-09-30,TTWO,-3.065102526304559e-05,178091202.44750977
2020-09-30,TXN,0.00044432984714839335,611442498.4680176
2020-09-30,TYL,5.386367145867265e-05,84739952.2857666
2020-09-30,UNP,0.000741769239768101,489581307.2463989
2020-09-30,VEEV,0.00010077079301654048,184806407.5164795
2020-09-30,VRSK,5.568256768183344e-05,124698331.99310303
2020-09-30,VRSN,-7.497892429381885e-05,146265348.01254272
2020-09-30,VRTX,-2.66243216880558e-05,343977410.8093262
2020-09-30,WM,0.005927655853666556,201241696.01402283
2020-09-30,ZBH,-4.0311144940416346e-05,129660735.9831543
2020-09-30,ZBRA,-0.0001869467125757262,84463018.4928894
2020-09-30,ZTS,0.000517017663820318,233977869.84329224
2020-11-02,A,-0.00024711423894590396,107688614.17274475
2020-11-02,AAPL,0.09999999999999998,13660595308.789825
2020-11-02,ABT,-0.0025031236234087408,461410399.28855896
2020-11-02,ACN,-0.0020582410422238934,387849285.6864929
2020-11-02,ADBE,-0.00452139330858551,1011386232.5836182
2020-11-02,ADI,-0.0003116136787289555,309530130.0315857
2020-11-02,AKAM,-0.00044709790273338287,154931927.84576416
2020-11-02,ALGN,0.0006549866773577283,211717440.4296875
2020-11-02,ALLE,-8.839177668382723e-05,68665665.89508057
2020-11-02,AMAT,-0.0005132975331120018,398507628.85131836
2020-11-02,AME,-0.00023646982574214047,102284599.12185669
2020-11-02,AMGN,-0.0038722805799065556,604600384.0164185
2020-11-02,AMT,-0.0015760801719332113,384371019.6975708
2020-11-02,AZO,-0.0005938460020621355,220750960.13183594
2020-11-02,BIIB,-0.0010750521618462976,291252151.0734558
2020-11-02,CBOE,-0.0001690872281767061,78107486.83166504
2020-11-02,CDNS,-0.00018088281791517943,155124477.30369568
2020-11-02,CHD,-0.0003661637102653505,121030864.35813904
2020-11-02,CL,-0.0004234192994504414,232678202.39257812
2020-11-02,CLX,-0.00028094380624946744,235942378.65447998
2020-11-02,CME,-0.0012197367631253874,238119506.62384033
2020-11-02,CPAY,-0.00035082091487030663,141379394.79370117
2020-11-02,CPRT,-2.0683033540564496e-05,116005025.831604
2020-11-02,CRM,-0.0039672730129804296,1076351393.0725098
2020-11-02,CSCO,-0.003194752331656843,827217568.6279297
2020-11-02,DHR,-0.00019251330113411597,519510667.6210327
2020-11-02,EBAY,-0.0007805480819523614,358497782.4777603
2020-11-02,ETN,-0.00029637309311964476,131060892.48390198
2020-11-02,EW,-0.0003448056905001008,174447407.18536377
2020-11-02,EXPE,0.0016149868606342935,196807686.49406433
2020-11-02,FDS,-0.00024179049962835364,67148661.1618042
2020-11-02,FFIV,3.54213648982968e-06,102531702.55813599
2020-11-02,FICO,-0.0002232309946888886,58421546.00830078
2020-11-02,GILD,-0.0014504022407218105,570828621.0159302
2020-11-02,GPN,-0.0011616360129686467,226281540.41671753
2020-11-02,GRMN,3.7058496772132514e-05,54297036.361312866
2020-11-02,HON,-0.0010142653808823798,396306861.6675339
2020-11-02,HSY,-0.00041000091297424155,89156216.54663086
2020-11-02,ICE,-0.0008572019952489129,246843544.40422058
2020-11-02,IEX,-0.00023071829837922257,68082440.19470215
2020-11-02,ILMN,-0.0006659391249161147,411501383.1045685
2020-11-02,INCY,-0.0002513388932242847,87363416.19606018
2020-11-02,INTC,-0.005681989991576153,1462869512.2358322
2020-11-02,INTU,-0.0011140182840183761,297040964.0625
2020-11-02,ISRG,-0.00043487764428500313,399565872.3724365
2020-11-02,ITW,-0.0004585233579850667,185417038.73291016
2020-11-02,IVZ,4.1630141806429303e-05,80602741.75128937
2020-11-02,JKHY,-0.00023886641387408964,56015131.99157715
2020-11-02,JNJ,-0.007213464964592388,891477942.9046631
2020-11-02,KEYS,-3.672713781894318e-05,102467294.85816956
2020-11-02,KO,-0.00256410470576713,652320962.2226715
2020-11-02,MCD,-0.0020795122818561516,510509718.4829712
2020-11-02,MCO,-0.0010908948109253488,169980503.1097412
2020-11-02,MDT,-0.0017687613768328052,459163734.526062
2020-11-02,META,-0.006382543257415316,4990924842.218018
2020-11-02,MMM,-0.000705599996378271,334618476.5868683
2020-11-02,MNST,-0.00015261295396532806,147930485.89515686
2020-11-02,MPWR,8.982586018880601e-05,88922766.95861816
2020-11-02,MRK,-0.004019048561598425,688358700.5693359
2020-11-02,MSCI,-0.00033969750368499424,153914970.19348145
2020-11-02,MSI,-0.00021629729219212277,149113945.53375244
2020-11-02,MTD,-0.00012095265392538359,94340776.97143555
2020-11-02,MU,-0.006411532494311739,730682023.7277985
2020-11-02,NDSN,-8.885263861140675e-05,31997896.381378174
2020-11-02,NEM,-0.0005179369490600728,276714205.9009552
2020-11-02,NOW,-0.00011093264062729015,520161600.3112793
2020-11-02,NSC,-0.0006405740663608366,234843168.15338135
2020-11-02,NTAP,-8.517820920943579e-05,81186492.58518219
2020-11-02,NXPI,1.6106252490674308e-05,292037673.34594727
2020-11-02,ORCL,-0.0029084224625223996,566001659.8228455
2020-11-02,PAYX,-0.0001558257421160037,117679725.92124939
2020-11-02,PFE,-0.002530642941388498,811164214.5918293
2020-11-02,PG,-0.0038534615992892735,823066695.9068298
2020-11-02,PTC,-7.030911131811592e-05,58156290.269470215
2020-11-02,QCOM,-0.00046871250808734957,873347311.5661621
2020-11-02,REGN,-0.000790239353665706,534677800.2258301
2020-11-02,RMD,0.00011648552392900038,73344243.82476807
2020-11-02,ROK,-1.2169418062838496e-05,139536275.76065063
2020-11-02,ROL,-1.505593607090106e-05,58862990.062236786
2020-11-02,SNPS,-0.00029165099424199436,133627763.60473633
2020-11-02,SPGI,-0.0017498404611969495,293910289.5098877
2020-11-02,SWKS,-0.0003047604491338159,196354965.50445557
2020-11-02,TECH,-1.6290217036105527e-05,37368060.18218994
2020-11-02,TER,4.074680572776807e-05,119984636.35253906
2020-11-02,TMO,-0.00014439099255333585,546665395.0927734
2020-11-02,TRMB,-0.00012586171354535118,42125364.86034393
2020-11-02,TROW,-0.00031349694594911713,158374634.13467407
2020-11-02,TTWO,-0.0003026234983998003,165686813.61083984
2020-11-02,TXN,-0.0010276345084298186,597105219.0696716
2020-11-02,TYL,3.856190996338947e-05,73516565.56396484
2020-11-02,UNP,-0.002785396875832692,666014145.3102112
2020-11-02,VEEV,-0.0006025195496646455,215258196.88568115
2020-11-02,VRSK,-0.00040924960018562167,99172156.18972778
2020-11-02,VRSN,-0.0004042481589162823,107577168.27163696
2020-11-02,VRTX,-0.0025243215137584485,416060254.826355
2020-11-02,WM,-0.0006876939897105024,158495896.06246948
2020-11-02,ZBH,-0.00033873444778582083,143742301.7654419
2020-11-02,ZBRA,7.073419061512398e-05,78649074.62615967
2020-11-02,ZTS,-0.0010790823957594672,249331740.4296875
2020-11-30,A,0.00020726598379587494,189384198.00300598
2020-11-30,ABT,-0.0010859862293925923,485066124.5754242
2020-11-30,ACN,0.0009458463175321744,395698208.3175659
2020-11-30,ADBE,-0.0003277190381306902,1177316296.8597412
2020-11-30,ADI,0.0004264535047681364,370280121.194458
2020-11-30,AKAM,5.918136364948352e-06,150191587.8047943
2020-11-30,ALGN,0.0001587287258461175,291278119.96917725
2020-11-30,ALLE,7.174761420918876e-05,78669088.96141052
2020-11-30,AMAT,0.001763143344324705,612827378.352356
2020-11-30,AME,0.0002907200716389417,116726549.17984009
2020-11-30,AMGN,-0.000826583980774993,559622854.133606
2020-11-30,AMT,-0.0008351515609170915,419122227.8366089
2020-11-30,AZO,-0.00022067733541388662,282703377.9296875
2020-11-30,BIIB,-0.0006105715205177685,386357047.0108032
2020-11-30,CBOE,3.684821715256386e-05,70264178.72314453
2020-11-30,CDNS,-6.847666012519196e-05,172933552.89764404
2020-11-30,CHD,-0.00021533290072308633,131151950.58403015
2020-11-30,CL,7.096829657267205e-06,327932433.2752228
2020-11-30,CLX,-0.0002905147960884061,326277518.61572266
2020-11-30,CME,0.00043715347790878375,288006331.9770813
2020-11-30,CPAY,0.00023070669098615654,199154989.92919922
2020-11-30,CPRT,-2.633642851569706e-05,164257947.96905518
2020-11-30,CRM,-0.0005759199663843348,1512198556.1523438
2020-11-30,CSCO,0.0018259774298598139,971383323.831749
2020-11-30,DHR,-0.0015823661758428628,621779232.8429337
2020-11-30,EBAY,-0.00010313006352181183,517363478.2957077
2020-11-30,EMR,0.004847450642620811,193559142.86727905
2020-11-30,ETN,0.0003725761630983312,233946994.53048706
2020-11-30,EW,0.00013542133217392936,196699601.13372803
2020-11-30,EXPE,-0.0016149868606342935,337510005.5156708
2020-11-30,FDS,5.3810883466848345e-06,56408210.65673828
2020-11-30,FFIV,0.00013123521666308228,113061675.51803589
2020-11-30,FICO,0.0001548779260384845,73650337.2390747
2020-11-30,GILD,-0.00032027261699008047,483796387.5
2020-11-30,GPN,0.0007638295380690751,344616047.7775574
2020-11-30,GRMN,7.93501354328487e-05,87762275.13999939
2020-11-30,HON,0.0018558298333331991,687281009.8170776
2020-11-30,HSY,-2.6316864261172364e-05,127575564.90478516
2020-11-30,ICE,0.00018280499970011084,232576984.6874237
2020-11-30,IEX,6.737164469779525e-05,81953098.46878052
2020-11-30,ILMN,6.998133841903866e-05,305113086.82006836
2020-11-30,INCY,-0.00021503449258098556,87966052.23617554
2020-11-30,INTC,0.00014733671681545907,1522921936.795044
2020-11-30,INTU,0.00029632893499850765,405457959.14611816
2020-11-30,ISRG,1.0439218293365696e-05,371368745.51239014
2020-11-30,ITW,-4.5709952673246394e-05,229193739.6659851
2020-11-30,IVZ,9.620832300151949e-05,74093073.77929688
2020-11-30,JKHY,5.948935192193628e-07,77835017.12341309
2020-11-30,JNJ,-0.0011399875135146495,1017959261.2854004
2020-11-30,KEYS,0.00012700728919349267,139950258.7059021
2020-11-30,KO,-0.000238617179514386,759586889.0125275
2020-11-30,MCD,-0.0010954575038951211,732194135.9619141
2020-11-30,MCO,-5.644933322429026e-05,191133556.90612793
2020-11-30,MDT,0.0006545350516014327,454428408.20236206
2020-11-30,META,-0.002546119881269293,4379812910.688782
2020-11-30,MMM,-3.841426027015836e-05,435787780.11317444
2020-11-30,MNST,2.456273909575194e-05,179038331.46095276
2020-11-30,MPWR,-0.00012273157765785867,139949441.52526855
2020-11-30,MRK,-0.00030656292668979415,655269837.7519302
2020-11-30,MSCI,0.00026839201347332803,181380458.6730957
2020-11-30,MSI,1.8657042118912573e-06,154110308.40454102
2020-11-30,MTD,0.00017245248840929914,161657357.00683594
2020-11-30,NDSN,-3.6330307830094314e-05,36008951.73110962
2020-11-30,NEM,-0.0007958281596827654,446671935.2891922
2020-11-30,NOW,-2.0379328664797258e-05,650910468.2159424
2020-11-30,NSC,0.00027801703349458577,312443280.153656
2020-11-30,NTAP,0.0001319169770314533,85706908.61911774
2020-11-30,NXPI,0.0003582216444449277,268352227.8945923
2020-11-30,ORCL,-0.0010145630258630058,486901109.8033905
2020-11-30,PAYX,0.00014934410894866176,128155959.98001099
2020-11-30,PFE,0.001078567759969628,1580293057.2904587
2020-11-30,PG,-0.002721953172864562,866785391.507721
2020-11-30,PTC,0.0002185695221664488,66570185.07766724
2020-11-30,QCOM,0.0013989452780282623,1188638309.9853516
2020-11-30,REGN,-0.0008887632040800852,478518308.1176758
2020-11-30,RMD,2.1842056683509664e-05,101076947.33886719
2020-11-30,ROK,-6.196889781125928e-06,192818572.6661682
2020-11-30,ROL,-0.00012811578825937904,58627503.62262726
2020-11-30,SNPS,-7.051143358134497e-05,161505361.54785156
2020-11-30,SPGI,4.2833243720334646e-05,378132850.21507263
2020-11-30,SWKS,-0.00028364576137475134,324968380.4916382
2020-11-30,TECH,2.9980562969664085e-05,48628143.39141846
2020-11-30,TER,0.00026446655180307403,149906684.09500122
2020-11-30,TMO,-0.002047540339257352,885514279.9835205
2020-11-30,TRMB,0.00020225241697418433,59030758.6265564
2020-11-30,TROW,0.00014988851210480034,120631553.70483398
2020-11-30,TTWO,0.00014958648226772592,210299041.41311646
2020-11-30,TXN,0.0004452992895965062,547079744.744873
2020-11-30,TYL,4.534496056148138e-05,76001686.23352051
2020-11-30,UNP,0.0008695050956552177,543344013.1629944
2020-11-30,VEEV,-0.00026753511986195994,262272722.70812988
2020-11-30,VRSK,9.107776913602587e-05,122067706.47277832
2020-11-30,VRSN,-7.520728330194255e-05,116745059.66796875
2020-11-30,VRTX,4.837510189165898e-05,428198189.55688477
2020-11-30,WM,9.378099204270136e-05,170078008.2912445
2020-11-30,ZBH,0.00012385772989329186,201931265.30628967
2020-11-30,ZBRA,0.0004078335502925611,137541343.4753418
2020-11-30,ZTS,-0.000580948781001081,257436697.40753174
2020-12-31,A,-0.00018227552877402844,168815801.73492432
2020-12-31,ABT,-0.00022164987274169226,484878892.51556396
2020-12-31,ACN,0.0004290329997045407,458724131.9885254
2020-12-31,ADBE,0.000532470484787096,1218724003.9123535
2020-12-31,ADI,0.00020839709669673648,313525600.7080078
2020-12-31,AKAM,-1.4850692208387894e-05,137503071.76589966
2020-12-31,ALGN,0.00034044882614424257,210732255.34057617
2020-12-31,ALLE,-2.6224757627905763e-06,66298030.3062439
2020-12-31,AMAT,0.00016481599058494265,492850229.0359497
2020-12-31,AME,-7.1449655195802465e-06,88851472.51052856
2020-12-31,AMGN,0.00017076793605416175,489139270.56274414
2020-12-31,AMT,-0.000549658406883086,528852491.7953491
2020-12-31,AZO,5.4075862036088995e-05,335220818.57910156
2020-12-31,BIIB,-1.448073004517176e-05,280968627.2338867
2020-12-31,CBOE,-3.3067138299001497e-06,59037894.89593506
2020-12-31,CDNS,0.000504319254922476,160261445.413208
2020-12-31,CHD,-6.627627509268744e-05,98314758.52661133
2020-12-31,CL,-0.000184250983512756,226467551.33743286
2020-12-31,CLX,-7.400253841810143e-05,207853361.5737915
2020-12-31,CME,0.00011141469781033534,250148911.74545288
2020-12-31,CPAY,1.3656597569666837e-05,157697063.8458252
2020-12-31,CPRT,5.557897102634974e-05,123222043.7866211
2020-12-31,CRM,-0.002661832707413273,2075877018.1503296
2020-12-31,CSCO,0.00032588225446937916,714460358.5191727
2020-12-31,DHR,-0.0004853298888370331,421488665.5229187
2020-12-31,EBAY,-0.00010954119293456535,312259597.7645874
2020-12-31,EMR,0.0001105561829250713,235107038.53149414
2020-12-31,ETN,-0.00015951697482486597,177646111.31134033
2020-12-31,EW,0.0001169212092063728,177898388.8584137
2020-12-31,FDS,-3.490648345363728e-05,71478446.25854492
2020-12-31,FFIV,5.9275919878041703e-05,93518375.0
2020-12-31,FICO,8.236663580685026e-05,80779144.63195801
2020-12-31,GILD,-0.000496062243306606,478250071.14810944
2020-12-31,GPN,0.0004882152393166847,264325484.6382141
2020-12-31,GRMN,4.488638714906894e-06,75735640.32554626
2020-12-31,HON,0.00029829011247477916,527882019.66156006
2020-12-31,HSY,2.2745759192061444e-05,105655596.68655396
2020-12-31,ICE,0.00042095016799052233,241965322.12677002
2020-12-31,IEX,1.2857028396776916e-05,56629379.470825195
2020-12-31,ILMN,0.0005980203583164896,327533755.35624695
2020-12-31,INCY,1.1272549655924396e-05,73902685.15586853
2020-12-31,INTC,0.00016091753671479414,1586439696.9543457
2020-12-31,INTU,0.0005339406367437585,508474260.95581055
2020-12-31,ISRG,0.0003009029817647884,387342430.8631897
2020-12-31,ITW,-0.00039721895396002335,189845828.4324646
2020-12-31,IVZ,3.8747861930150083e-05,105796343.5207367
2020-12-31,JKHY,-2.024569848878906e-05,78626368.17626953
2020-12-31,JNJ,0.002600017492179356,1051575622.9133606
2020-12-31,KEYS,0.00015605201797335008,142268969.8852539
2020-12-31,KO,0.0009164291949130474,652878301.7904282
2020-12-31,MCD,-0.0006182914216799028,581636581.8511963
2020-12-31,MCO,2.8446682226196222e-05,199022156.10961914
2020-12-31,MDT,0.00011596204211616543,386481284.1491699
2020-12-31,META,-0.0030107660493650518,4434700207.141113
2020-12-31,MMM,-9.389472010907542e-05,334220599.36253357
2020-12-31,MNST,7.972660226326532e-05,128222087.86125183
2020-12-31,MPWR,0.00017524561455425198,154877315.75317383
2020-12-31,MRK,-0.0001090930146418756,654035885.3298492
2020-12-31,MSCI,0.0002426652329160818,142502074.38201904
2020-12-31,MSI,-9.489372877423104e-05,135440671.63238525
2020-12-31,MTD,-9.127902688357272e-05,140700417.96875
2020-12-31,NDSN,-3.473535877970878e-05,43246304.67071533
2020-12-31,NEM,-2.3003695553357704e-05,298558818.56689453
2020-12-31,NOW,1.4259397885688346e-05,566121613.2965088
2020-12-31,NSC,-0.00012860388212632395,228337846.9429016
2020-12-31,NTAP,0.0002645555188320629,114490990.06938934
2020-12-31,NXPI,-8.951992692117754e-05,248427090.1863098
2020-12-31,ORCL,0.0017873610374653306,873100004.2585373
2020-12-31,PAYX,-7.778655217109036e-05,149430212.61291504
2020-12-31,PFE,-0.0013913698375069734,1984704676.739502
2020-12-31,PG,-0.0007876470793372892,887447744.3069458
2020-12-31,PTC,0.00011131411087629745,56486573.24295044
2020-12-31,QCOM,0.0002102827419489077,985762655.1765442
2020-12-31,REGN,-0.0005287854508482081,446719223.9578247
2020-12-31,RMD,-2.7446167435159468e-05,77818573.63433838
2020-12-31,ROK,-0.00012704017130083954,127665863.96713257
2020-12-31,ROL,2.6245742623790848e-06,55714240.38486481
2020-12-31,SNPS,0.00047265721032944095,170387091.99905396
2020-12-31,SPGI,-0.0007406008113707927,529300413.99832153
2020-12-31,SWKS,0.000144859975578864,245950928.51409912
2020-12-31,TECH,7.238805283347777e-06,35783839.988708496
2020-12-31,TER,0.00012059894266522406,153545118.6515808
2020-12-31,TMO,-0.000409089702238373,595500637.8845215
2020-12-31,TRMB,0.0001425616754144876,47186335.343551636
2020-12-31,TROW,0.00011400400100802094,147322351.94702148
2020-12-31,TTWO,0.00027106305200974134,242392508.8104248
2020-12-31,TXN,-7.953683165070821e-05,583205678.0548096
2020-12-31,TYL,-3.5778197006413985e-06,126133248.70300293
2020-12-31,UNP,-3.783778301851698e-05,405510547.820282
2020-12-31,VEEV,-0.0001789033279513642,230342674.4064331
2020-12-31,VRSK,7.981748101752425e-05,103124800.54626465
2020-12-31,VRSN,0.00013349137373840038,111733880.73806763
2020-12-31,VRTX,9.026313015501278e-05,284985182.3577881
2020-12-31,WM,-0.00017184644836368192,153184050.48713684
2020-12-31,ZBH,3.224744019435493e-05,125476113.26670837
2020-12-31,ZBRA,-1.548458399465956e-05,97484983.51287842
2020-12-31,ZTS,7.113157908874429e-05,235952263.53530884
2021-02-01,A,0.00011984185194333823,216270577.05230713
2021-02-01,ABT,0.0029904815610985944,589277003.1257629
2021-02-01,ACN,-0.001004361315330611,488129985.86273193
2021-02-01,ADBE,-0.001816269962250188,1391677634.4802856
2021-02-01,ADI,8.365626057495103e-05,413580900.2937317
2021-02-01,AKAM,0.0001336202925094085,198098447.1485138
2021-02-01,ALGN,2.046769550365611e-06,275890618.0358887
2021-02-01,ALLE,-7.281740996175202e-05,73877548.82507324
2021-02-01,AMAT,0.001139260037119779,824662583.4514618
2021-02-01,AME,-0.00013436564565929123,102610535.14175415
2021-02-01,AMGN,0.0009616252762211387,608336528.4202576
2021-02-01,AMT,0.00031544530307014117,547073728.7338257
2021-02-01,AZO,-0.00011774331218518657,299461546.19140625
2021-02-01,BIIB,0.000767830775982207,294683631.12945557
2021-02-01,CBOE,2.5746749964497724e-06,66858462.16583252
2021-02-01,CCI,0.0069549526294032825,345286700.7347107
2021-02-01,CDNS,-0.000108076480023958,201301804.82330322
2021-02-01,CHD,-3.414745204986238e-05,136861003.95812988
2021-02-01,CL,-0.0005410420906678849,456720326.4770508
2021-02-01,CLX,0.00014618669554134758,337334839.2089844
2021-02-01,CME,0.00010683227385458079,286038443.37615967
2021-02-01,CPAY,-0.00022718212542075953,137088140.59143066
2021-02-01,CPRT,-9.44734130548814e-05,138014551.88484192
2021-02-01,CRM,0.0006450889009493657,1699140047.039795
2021-02-01,CSCO,0.0002688722957468366,932914637.5974655
2021-02-01,DHR,0.0012650542852330957,607313940.3374634
2021-02-01,EBAY,0.0005957682579397399,476353148.5675812
2021-02-01,EMR,2.328810492003338e-05,202159546.85668945
2021-02-01,ETN,-0.005122299686834319,234082771.6293335
2021-02-01,EW,-0.00015521490621583293,231832196.36535645
2021-02-01,FDS,-9.743364807144792e-05,67168297.50366211
2021-02-01,FFIV,0.00014787460377195657,136225513.92974854
2021-02-01,FICO,-0.0001590901621144308,106950006.89086914
2021-02-01,GILD,0.0011094982288811228,584212699.5323181
2021-02-01,GPN,-0.0011084985019034791,357650430.9906006
2021-02-01,GRMN,-5.4628780642210304e-05,72650672.06726074
2021-02-01,HON,-0.0010071227339201478,574121061.697403
2021-02-01,HSY,-9.324872426218428e-05,123239139.46838379
2021-02-01,ICE,-0.00017125352888755583,286531084.8800659
2021-02-01,IEX,-7.674708556138963e-05,79000765.69595337
2021-02-01,ILMN,0.0009433646479662305,466675230.0189209
2021-02-01,INCY,9.702398743663323e-05,107701009.41848755
2021-02-01,INTC,0.0016221916878796441,2095755251.2052536
2021-02-01,INTU,-0.0003309808026751293,533225591.8838501
2021-02-01,ISRG,-0.0002285322752366729,486729033.1100464
2021-02-01,ITW,-0.0002061775620133665,204873006.51245117
2021-02-01,IVZ,0.00016472695719807386,92952584.6282959
2021-02-01,JKHY,-0.00011626989047230593,79744307.44628906
2021-02-01,JNJ,0.002387829078145158,1402601245.8877563
2021-02-01,KEYS,0.00023384389769425104,233851497.4975586
2021-02-01,KO,-0.0025998746926008225,999987270.3987122
2021-02-01,LITE,0.0007395044276911662,157638247.5830078
2021-02-01,MCD,-0.0002429977843368021,638439689.0991211
2021-02-01,MCO,-0.0003812885211229751,219441879.76379395
2021-02-01,MDT,-0.0005325276273401604,483956440.8443451
2021-02-01,META,-0.0027246301702105735,6148010179.611969
2021-02-01,MKC,0.002529443258287556,108769642.68302917
2021-02-01,MMM,0.00019664799381993725,543145804.6763153
2021-02-01,MNST,-5.703728861114802e-05,215449090.8920288
2021-02-01,MPWR,-2.1069289644275006e-05,132279186.06567383
2021-02-01,MRK,-0.0008565275851014319,807194329.2905502
2021-02-01,MSCI,-0.000387232529057065,196350062.1887207
2021-02-01,MSI,7.754673907680969e-06,122485895.39871216
2021-02-01,MTD,0.00012193096194596876,143716985.29663086
2021-02-01,NDSN,-0.00011268862911329044,58211085.58731079
2021-02-01,NEM,6.33211575427296e-05,355879220.0494766
2021-02-01,NOW,8.975493794753393e-06,827922135.2806091
2021-02-01,NSC,8.453457020960418e-05,288183866.9723511
2021-02-01,NTAP,3.095435240009492e-05,116210295.08895874
2021-02-01,NXPI,0.00012641971195488308,452658770.25527954
2021-02-01,ORCL,-0.0010110983548218405,531299859.1785431
2021-02-01,PAYX,-0.00015997855502142928,150658678.86924744
2021-02-01,PFE,-0.00016259312449581204,1239006205.4185867
2021-02-01,PG,-0.0023490438228035426,1039673291.7610168
2021-02-01,PTC,0.00018736860747604282,93619038.5810852
2021-02-01,QCOM,0.0007808295930692329,1277373764.1860962
2021-02-01,REGN,0.00034997844097756775,505755432.4157715
2021-02-01,RMD,-0.00011120183065279222,100438068.0053711
2021-02-01,ROK,2.513835051280765e-05,189601677.09350586
2021-02-01,ROL,-8.159426153099753e-05,57114067.49267578
2021-02-01,SNPS,1.1162216842505214e-05,174839618.48754883
2021-02-01,SPGI,-0.0001463830297530602,607696911.6199799
2021-02-01,SWKS,0.0003305762026792336,324812161.46469116
2021-02-01,TECH,1.297380132018062e-05,56983462.435913086
2021-02-01,TER,-7.572984559418676e-05,209905100.06713867
2021-02-01,TMO,0.0021991081068411036,964996159.111023
2021-02-01,TRMB,7.754807334129895e-06,101192787.68997192
2021-02-01,TROW,0.00019037881998158193,179560662.17193604
2021-02-01,TTWO,-4.460869345144364e-05,222204319.60754395
2021-02-01,TXN,0.00043978934274819734,779941053.2852173
2021-02-01,TYL,-2.5997682467339195e-05,91005781.80847168
2021-02-01,UNP,-0.0005192125572885346,665557602.6268005
2021-02-01,VEEV,0.0001479262688555182,240469099.61090088
2021-02-01,VRSK,-0.0003510805200162936,132493955.96313477
2021-02-01,VRSN,-0.00022770923348141127,122352066.88995361
2021-02-01,VRTX,-8.617678998341493e-05,413860350.95825195
2021-02-01,WM,-0.005161896407635073,192654825.61950684
2021-02-01,ZBH,4.733374761870619e-05,192516624.3925476
2021-02-01,ZBRA,5.818071038963136e-05,117112370.95947266
2021-02-01,ZTS,-0.0004186086322780008,292206718.09158325
2021-02-05,A,3.1217338776454856e-05,202182274.02648926
2021-02-05,ABT,0.00018686399748758797,584025051.8745422
2021-02-05,ACN,0.00013304210306866113,485042577.204895
2021-02-05,ADBE,0.00018655586630174706,1291969403.0838013
2021-02-05,ADI,4.621322575116323e-05,411266930.26885986
2021-02-05,AKAM,1.5269893424853243e-05,187580426.48963928
2021-02-05,ALGN,3.498249360278909e-05,309895649.78027344
2021-02-05,ALLE,8.566717820433951e-06,65421233.837890625
2021-02-05,AMAT,7.501726651778888e-05,776530490.650177
2021-02-05,AME,2.2028252760349434e-05,108408662.33596802
2021-02-05,AMGN,0.00012121348501142534,593338962.1101379
2021-02-05,AMT,8.54846883327938e-05,529680394.7868347
2021-02-05,AZO,2.2874667177191083e-05,287631163.33618164
2021-02-05,BIIB,4.1794010707090976e-05,313792309.8220825
2021-02-05,CBOE,8.617241690738213e-06,66612854.8992157
2021-02-05,CCI,5.624428800944919e-05,320237842.4736023
2021-02-05,CDNS,3.09781693990656e-05,194226680.5961609
2021-02-05,CHD,1.806957895071409e-05,135770885.46791077
2021-02-05,CL,5.659624357774815e-05,425784436.1709595
2021-02-05,CLX,2.2440579468015545e-05,346814643.208313
2021-02-05,CME,5.527156951895453e-05,277362957.6324463
2021-02-05,CPAY,1.7587383969557002e-05,160828898.07128906
2021-02-05,CPRT,5.481168684930604e-06,113918235.19134521
2021-02-05,CRM,0.00017099835658161006,1596225584.488678
2021-02-05,CSCO,0.00016035294571259406,932914637.5974655
2021-02-05,DHR,0.0001244948302208792,569893490.9072876
2021-02-05,EBAY,3.818710704054512e-05,503126165.7676697
2021-02-05,EMR,4.0283435654855405e-05,213683271.43173218
2021-02-05,EW,1.4659100335168108e-05,200655486.69891357
2021-02-05,FDS,9.76119981666414e-06,62514049.06311035
2021-02-05,FFIV,1.0163838595700792e-05,141405696.69647217
2021-02-05,FICO,1.1118093756013435e-05,106562989.88494873
2021-02-05,GILD,7.05043529740379e-05,543946662.2993469
2021-02-05,GPN,4.499041846835975e-05,358409266.1315918
2021-02-05,GRMN,1.8593708554718712e-05,64301712.53852844
2021-02-05,HON,0.00011658182801065065,560070280.1028442
2021-02-05,HSY,2.578421886199585e-05,126886599.0486145
2021-02-05,ICE,-0.006417653210653652,286875032.70111084
2021-02-05,IEX,1.2084674752084381e-05,79891892.00592041
2021-02-05,ILMN,5.17678988227006e-05,466675230.0189209
2021-02-05,INCY,1.6471153204155632e-05,93404795.83740234
2021-02-05,INTC,0.00019142097752095077,2067633494.1495895
2021-02-05,INTU,8.026612901645448e-05,493799918.6355591
2021-02-05,ISRG,2.4541870457760878e-05,484713023.97994995
2021-02-05,ITW,5.27264411665368e-05,198881910.04638672
2021-02-05,IVZ,7.92356208742192e-06,92565423.05297852
2021-02-05,JKHY,9.45660518474013e-06,77020625.03204346
2021-02-05,JNJ,0.000371743425915394,1427500533.4716797
2021-02-05,KEYS,2.2718139977706206e-05,202879339.36157227
2021-02-05,KO,0.00017634162657742536,937598760.7183456
2021-02-05,LITE,5.98032829720273e-06,184928467.31910706
2021-02-05,MCD,0.00013496221069306258,605389519.8135376
2021-02-05,MCO,4.330916840496104e-05,201602512.0361328
2021-02-05,MDT,0.0001267487222234194,485442313.74816895
2021-02-05,META,0.0006333596715254047,6015074483.38623
2021-02-05,MKC,2.0455457097037257e-05,120924177.01721191
2021-02-05,MMM,7.171789299264403e-05,494440781.2142029
2021-02-05,MNST,9.890498744861845e-06,158807018.87397766
2021-02-05,MPWR,1.315549594370336e-05,129946841.22619629
2021-02-05,MRK,0.00016107279095078225,788919220.926796
2021-02-05,MSCI,2.8456080669505418e-05,265455173.69995117
2021-02-05,MSI,2.4251981028693918e-05,116609857.12356567
2021-02-05,MTD,2.392387033094785e-05,143803305.7861328
2021-02-05,NDSN,8.82553949808451e-06,56200644.46334839
2021-02-05,NEM,4.088236448278673e-05,369777442.4669266
2021-02-05,NOW,1.7472538741564094e-05,749996424.829483
2021-02-05,NSC,5.180712895832239e-05,277308691.40625
2021-02-05,NTAP,1.2352422876180883e-05,100056998.85025024
2021-02-05,NXPI,3.894961030376492e-05,492722410.14938354
2021-02-05,ORCL,0.00015734203716773892,564457050.0793457
2021-02-05,PAYX,2.6597728973383125e-05,146277629.02450562
2021-02-05,PFE,0.00017295723323072082,1250410616.9506073
2021-02-05,PG,0.00028579982816735044,970283683.4411621
2021-02-05,PTC,1.310273004598273e-05,98289906.30187988
2021-02-05,QCOM,0.00015005290251072015,1282731161.581421
2021-02-05,REGN,4.901800752925463e-05,518479816.6534424
2021-02-05,RMD,2.4793295276359303e-05,104803962.38708496
2021-02-05,ROK,2.4516775044150854e-05,189601677.09350586
2021-02-05,ROL,1.001248090036727e-05,57114067.49267578
2021-02-05,SNPS,3.309710869602023e-05,167572313.50708008
2021-02-05,SPGI,6.212301167916531e-05,594667946.4408112
2021-02-05,SWKS,2.3793997204683663e-05,372112390.75546265
2021-02-05,TECH,2.6516257977525926e-06,62985824.81689453
2021-02-05,TER,1.603161065455872e-05,241129012.3046875
2021-02-05,TMO,0.00017438056744623412,854957099.659729
2021-02-05,TRMB,1.3982859321100228e-05,101192787.68997192
2021-02-05,TROW,3.124642888199759e-05,179560662.17193604
2021-02-05,TTWO,1.9315380577566207e-05,223511691.14608765
2021-02-05,TXN,0.00013390958038440176,779941053.2852173
2021-02-05,TYL,1.4394667330614418e-05,88379664.82543945
2021-02-05,UNP,0.00011602425354598905,689209563.205719
2021-02-05,VEEV,3.714917943288022e-05,219015457.89489746
2021-02-05,VRSK,2.5417470293174864e-05,129454835.2355957
2021-02-05,VRSN,1.922946555329855e-05,109275797.47619629
2021-02-05,VRTX,5.036787175628256e-05,444044426.386261
2021-02-05,ZBH,2.6180064983538295e-05,204158769.8421173
2021-02-05,ZBRA,1.797496337878953e-05,101083640.16265869
2021-02-05,ZTS,6.227014185009386e-05,279481599.67803955
2021-02-16,A,1.0623641262893883e-05,193710035.76965332
2021-02-16,ABT,6.359209823983414e-05,552940190.6898499
2021-02-16,ACN,4.527585089759284e-05,424990440.30914307
2021-02-16,ADBE,6.348723743783424e-05,1161400981.6513062
2021-02-16,ADI,1.5726924562569494e-05,396181965.6852722
2021-02-16,AKAM,5.1965310377646064e-06,242888277.2781372
2021-02-16,ALGN,1.1904969388288472e-05,322571316.01867676
2021-02-16,ALLE,2.9153585953129845e-06,70463047.67456055
2021-02-16,AMAT,2.552929106849379e-05,759907937.8829956
2021-02-16,AME,7.496483177189296e-06,116418334.90638733
2021-02-16,AMGN,4.125042785382317e-05,548969583.2893372
2021-02-16,AMT,2.909148242331329e-05,478159225.82321167
2021-02-16,AZO,7.784528330194093e-06,273075497.1557617
2021-02-16,BIIB,1.4223011765005476e-05,313792309.8220825
2021-02-16,CBOE,2.932552484810483e-06,65417779.90989685
2021-02-16,CCI,1.9140617436292154e-05,342214511.894989
2021-02-16,CDNS,1.0542249005704614e-05,186916125.1625061
2021-02-16,CHD,6.149298180686737e-06,123172626.11885071
2021-02-16,CL,1.926039221033203e-05,391001386.16104126
2021-02-16,CLX,7.63680298653327e-06,401430943.296051
2021-02-16,CME,1.8809589466009698e-05,295190663.6001587
2021-02-16,CPAY,5.985201345422558e-06,177732443.6187744
2021-02-16,CPRT,1.8653085782580894e-06,113918235.19134521
2021-02-16,CRM,5.819282706562984e-05,1464793740.8294678
2021-02-16,CSCO,5.457006386411917e-05,873378167.4610138
2021-02-16,DHR,4.2367109663717095e-05,524945594.57006836
2021-02-16,EBAY,1.2995538440081604e-05,494328698.1704712
2021-02-16,EMR,1.3708944644469714e-05,225065500.9792328
2021-02-16,EW,4.9886706971655984e-06,196706532.9788208
2021-02-16,FDS,3.3218553922948965e-06,65539098.764038086
2021-02-16,FFIV,3.458878281326159e-06,138443993.47229004
2021-02-16,FICO,3.7836229550801403e-06,120962253.64379883
2021-02-16,GILD,2.3993491528290223e-05,519500676.2439728
2021-02-16,GPN,1.5310788324974893e-05,358409266.1315918
2021-02-16,GRMN,6.32766587974282e-06,86088147.52807617
2021-02-16,HON,3.96742184664272e-05,487415145.926239
2021-02-16,HSY,8.774684267461724e-06,139954761.55395508
2021-02-16,IEX,4.1125622611279736e-06,91000862.66174316
2021-02-16,ILMN,1.7617247580404248e-05,465362749.3969574
2021-02-16,INCY,5.605334397021031e-06,103731718.95141602
2021-02-16,INTC,6.514289414409971e-05,1714251236.536789
2021-02-16,INTU,2.731554301723879e-05,486164704.03289795
2021-02-16,ISRG,8.351897947826096e-06,455140757.90405273
2021-02-16,ITW,1.79434512350184e-05,202110393.409729
2021-02-16,IVZ,2.6964848523389987e-06,89980683.81223679
2021-02-16,JKHY,3.2181981227457843e-06,80174327.44216919
2021-02-16,JNJ,0.0001265088234152431,1355705662.4160767
2021-02-16,KEYS,7.731260214448483e-06,180452824.69024658
2021-02-16,KO,6.00112070375039e-05,835011908.7162018
2021-02-16,LITE,2.035178684472983e-06,212798898.6679077
2021-02-16,MCD,4.592928694907225e-05,608479473.2467651
2021-02-16,MCO,1.4738638415764081e-05,202857224.20043945
2021-02-16,MDT,4.3134136611524404e-05,485442313.74816895
2021-02-16,META,0.00021554002373019854,4966208043.908691
2021-02-16,MKC,6.9612416235599085e-06,110808449.80316162
2021-02-16,MMM,2.4406474002810347e-05,451902754.67362976
2021-02-16,MNST,3.36585739511429e-06,147630288.20533752
2021-02-16,MPWR,4.476975777537116e-06,158685403.69110107
2021-02-16,MRK,5.4815035981377325e-05,755704664.9122047
2021-02-16,MSCI,9.683951439473995e-06,232872791.27807617
2021-02-16,MSI,8.253245038224687e-06,127448397.39074707
2021-02-16,MTD,8.141584964560435e-06,144894942.95043945
2021-02-16,NDSN,3.0034387700551314e-06,55126549.1645813
2021-02-16,NEM,1.3912767432039397e-05,369777442.4669266
2021-02-16,NOW,-0.0021780595701318055,746518569.0765381
2021-02-16,NSC,1.763059807419632e-05,283083508.66241455
2021-02-16,NTAP,4.203680214505965e-06,97622011.42921448
2021-02-16,NXPI,1.3255027603725072e-05,446726878.61557007
2021-02-16,ORCL,5.354541495073556e-05,564457050.0793457
2021-02-16,PAYX,9.051531683860938e-06,145584273.2738495
2021-02-16,PFE,5.885945668923295e-05,1189519290.6715393
2021-02-16,PG,9.726116851884598e-05,998687706.2973022
2021-02-16,PTC,4.459018898755451e-06,96680718.03588867
2021-02-16,QCOM,5.106483349350335e-05,1419887316.6427612
2021-02-16,REGN,1.6681426022303533e-05,523775251.57470703
2021-02-16,RMD,8.43746088118524e-06,160917706.31713867
2021-02-16,ROK,8.343357672389601e-06,186264380.229187
2021-02-16,ROL,3.4073694109154617e-06,54454201.95541382
2021-02-16,SNPS,1.1263349901265152e-05,185780845.47424316
2021-02-16,SPGI,2.1141218826371648e-05,646601374.0705261
2021-02-16,SWKS,8.097387555133263e-06,435794209.4467163
2021-02-16,TECH,9.023806109957361e-07,69940219.63043213
2021-02-16,TER,5.455752704611877e-06,267394279.67453003
2021-02-16,TMO,5.934383468862367e-05,808840172.9934692
2021-02-16,TRMB,4.758537629380574e-06,103453347.75848389
2021-02-16,TROW,1.063354098073321e-05,176475864.31274414
2021-02-16,TTWO,6.573259674110942e-06,241776005.90820312
2021-02-16,TXN,4.557106401207808e-05,825634217.3706055
2021-02-16,TYL,4.898680919415395e-06,110384742.13409424
2021-02-16,UNP,3.948446907323447e-05,657016607.6293945
2021-02-16,VEEV,1.2642319011621148e-05,208742935.39123535
2021-02-16,VRSK,8.649875254857203e-06,128838685.83984375
2021-02-16,VRSN,6.544021743118845e-06,114705994.60144043
2021-02-16,VRTX,1.714080128821776e-05,444044426.386261
2021-02-16,ZBH,8.909395532271519e-06,203386180.5783844
2021-02-16,ZBRA,6.117099347172344e-06,103169016.32995605
2021-02-16,ZTS,2.119128901864782e-05,292206718.09158325
2021-02-23,A,3.459499201396467e-05,193710035.76965332
2021-02-23,ABT,0.00020708230599260705,631250863.0996704
2021-02-23,ACN,0.0001474369909024026,420887916.25671387
2021-02-23,ADBE,0.0002067408356325011,1036055930.015564
2021-02-23,ADI,5.121340378337613e-05,461399601.77230835
2021-02-23,AKAM,1.6922065166083845e-05,237806710.46600342
2021-02-23,ALGN,3.8767529015953754e-05,324772476.44348145
2021-02-23,ALLE,9.493619449948976e-06,74600960.4309082
2021-02-23,AMAT,8.313398379908472e-05,801997899.9046326
2021-02-23,AME,2.441166538195332e-05,114929111.56654358
2021-02-23,AMGN,0.000134328540173893,556377976.2939453
2021-02-23,AMT,9.473395959106422e-05,406306508.53881836
2021-02-23,AZO,2.534966013547236e-05,263079314.47753906
2021-02-23,BIIB,4.631603856424405e-05,335064390.24658203
2021-02-23,CBOE,9.549609901352051e-06,72884776.98516846
2021-02-23,CCI,-0.007030337534849024,360463266.41464233
2021-02-23,CDNS,3.43299449912177e-05,193956902.51617432
2021-02-23,CHD,2.002467103208493e-05,118801863.08822632
2021-02-23,CL,6.271984324523246e-05,312784853.1776428
2021-02-23,CLX,2.486860500967034e-05,383707610.24780273
2021-02-23,CME,6.125184211889633e-05,322581721.05178833
2021-02-23,CPAY,1.9490303524279107e-05,177732443.6187744
2021-02-23,CPRT,6.074220106980503e-06,121335354.08821106
2021-02-23,CRM,0.0001895000346667508,1279769895.7435608
2021-02-23,CSCO,0.00017770281176327993,928445754.5694351
2021-02-23,DHR,0.00013796492033201976,503114277.81178284
2021-02-23,EBAY,4.231887517908671e-05,405789209.2885971
2021-02-23,EMR,4.4642022331059864e-05,223699959.96551514
2021-02-23,EW,1.6245185493183115e-05,200976487.45155334
2021-02-23,FDS,1.0817341994536194e-05,60867260.498046875
2021-02-23,FFIV,1.1263545479241709e-05,143085310.21728516
2021-02-23,FICO,1.2321049127669197e-05,118675851.04980469
2021-02-23,GILD,7.813278209115732e-05,495045936.8812561
2021-02-23,GPN,4.9858291213206174e-05,379024515.76919556
2021-02-23,GRMN,2.0605510404546248e-05,96033725.66986084
2021-02-23,HON,0.00012919574720583749,452522301.46964264
2021-02-23,HSY,2.8574019457733128e-05,168322450.8972168
2021-02-23,IEX,1.339221224248106e-05,87161987.96081543
2021-02-23,ILMN,5.736908130368323e-05,462346640.27293396
2021-02-23,INCY,1.8253298836232428e-05,120206166.9719696
2021-02-23,INTC,0.00021213234209564377,1671828662.2793198
2021-02-23,INTU,8.895076265791162e-05,472127943.34259033
2021-02-23,ISRG,2.7197251456115117e-05,455140757.90405273
2021-02-23,ITW,5.8431336000263484e-05,202110393.409729
2021-02-23,IVZ,8.780875560836189e-06,83631169.50044632
2021-02-23,JKHY,1.0479790836368484e-05,100014003.49197388
2021-02-23,JNJ,0.00041196531654667107,1193340755.405426
2021-02-23,KEYS,2.5176197007979826e-05,196160230.0338745
2021-02-23,KO,0.00019542143572394075,743171953.6294937
2021-02-23,LITE,6.62738778485039e-06,148737589.81933594
2021-02-23,MCD,0.00014956485030796426,624171130.833435
2021-02-23,MCO,4.799513327609882e-05,201775125.51879883
2021-02-23,MDT,0.00014046267891376293,541417316.9494629
2021-02-23,META,0.000701887913485924,4251839772.9919434
2021-02-23,MKC,2.2668696392779374e-05,119788091.3433075
2021-02-23,MMM,7.947762469779143e-05,407230647.6228714
2021-02-23,MNST,1.0960630806579027e-05,147630288.20533752
2021-02-23,MPWR,1.4578894132238418e-05,184807875.0
2021-02-23,MRK,0.0001785005428077066,780043099.2377014
2021-02-23,MSCI,3.153497133627416e-05,197612534.9243164
2021-02-23,MSI,2.6875996574163025e-05,127448397.39074707
2021-02-23,MTD,2.651238495917198e-05,149765273.7060547
2021-02-23,NDSN,9.780445112299264e-06,51608581.04324341
2021-02-23,NEM,4.5305754052959654e-05,408068102.14862823
2021-02-23,NSC,5.7412556061037234e-05,250050514.23034668
2021-02-23,NTAP,1.368893017482018e-05,120109170.42617798
2021-02-23,NXPI,4.316387976101548e-05,498573643.3753967
2021-02-23,ORCL,0.00017436612897267154,611767053.0977249
2021-02-23,PAYX,2.9475549726160587e-05,155177336.97052002
2021-02-23,PFE,0.0001916708578274806,1105094181.105423
2021-02-23,PG,0.00031672279446508245,924091899.4277954
2021-02-23,PTC,1.4520419070564129e-05,89402946.92687988
2021-02-23,QCOM,0.0001662883246135588,1601394622.8179932
2021-02-23,REGN,5.432165730584297e-05,534131352.54211426
2021-02-23,RMD,2.7475879934148444e-05,167647639.23187256
2021-02-23,ROK,2.7169440769252325e-05,156629784.12322998
2021-02-23,ROL,1.1095811185847688e-05,52818156.70661926
2021-02-23,SNPS,3.6678149256198604e-05,192904112.85095215
2021-02-23,SPGI,6.884459653380692e-05,587000217.9486542
2021-02-23,SWKS,2.6368459821987048e-05,450748962.36724854
2021-02-23,TECH,2.938526373249368e-06,74159963.09204102
2021-02-23,TER,1.7766198667253444e-05,298847784.3078613
2021-02-23,TMO,0.00019324819394096054,820171442.0471191
2021-02-23,TRMB,1.5495776562181015e-05,93083984.30557251
2021-02-23,TROW,3.4627229610390345e-05,184851410.88409424
2021-02-23,TTWO,2.1405265888057613e-05,241776005.90820312
2021-02-23,TXN,0.00014839832751809695,787753243.6416626
2021-02-23,TYL,1.5952141369650428e-05,110384742.13409424
2021-02-23,UNP,0.00012857784430609677,601239127.6062012
2021-02-23,VEEV,4.116864589287679e-05,210569706.68945312
2021-02-23,VRSK,2.8167589431767233e-05,137771697.60131836
2021-02-23,VRSN,2.131005503104924e-05,124520094.7731018
2021-02-23,VRTX,5.5817574125927895e-05,460488189.03808594
2021-02-23,ZBH,2.9012695333071638e-05,208451029.29052734
2021-02-23,ZBRA,1.9919818245671492e-05,126481780.519104
2021-02-23,ZTS,6.90076458931604e-05,296389246.8055725
2021-02-26,A,4.4242308476749245e-05,201202144.14978027
2021-02-26,ABT,0.00026483021756741956,596756669.4351196
2021-02-26,ACN,0.00018855193924469452,429723614.8880005
2021-02-26,ADBE,0.0002643935232331286,1036055930.015564
2021-02-26,ADI,6.549500596542395e-05,461399601.77230835
2021-02-26,AKAM,2.1641029049503015e-05,234405736.84692383
2021-02-26,ALGN,4.9578418081807664e-05,358814146.9055176
2021-02-26,ALLE,1.2141053251174755e-05,69764684.63935852
2021-02-26,AMAT,0.00010631710377777964,911987906.0188293
2021-02-26,AME,3.1219213168876946e-05,107894514.17999268
2021-02-26,AMGN,0.00017178800646075638,572470817.3858643
2021-02-26,AMT,0.00012115190145902711,392902694.9127197
2021-02-26,AZO,3.241878139591996e-05,260539240.93017578
2021-02-26,BIIB,5.923193925736793e-05,343791003.34472656
2021-02-26,CBOE,1.2212657453936722e-05,78751502.76031494
2021-02-26,CDNS,4.390334923847373e-05,201584679.51507568
2021-02-26,CHD,2.5608841666715804e-05,114761443.87435913
2021-02-26,CL,8.021018335107027e-05,309189651.3442993
2021-02-26,CLX,3.180357705474075e-05,344611748.27575684
2021-02-26,CME,7.833280876895325e-05,335421934.90219116
2021-02-26,CPAY,2.4925458010758954e-05,180028230.7662964
2021-02-26,CPRT,7.768104690419539e-06,128043903.8406372
2021-02-26,CRM,0.0002423448742724585,1305927679.5021057
2021-02-26,CSCO,0.00022725782425511362,935526733.225441
2021-02-26,DHR,0.00017643844409142434,548821887.8527527
2021-02-26,EBAY,5.412010875176492e-05,405789209.2885971
2021-02-26,EMR,5.709109926082482e-05,238546242.62809753
2021-02-26,EW,2.077539163938217e-05,196706532.9788208
2021-02-26,FDS,1.383391507151009e-05,60403521.659851074
2021-02-26,FFIV,1.4404548884802389e-05,144812457.0678711
2021-02-26,FICO,1.5756952799511614e-05,111957512.94250488
2021-02-26,GILD,-0.008890928118754417,484864169.7933197
2021-02-26,GPN,6.376200055452624e-05,351065250.09536743
2021-02-26,GRMN,2.635165654239248e-05,105968635.15396118
2021-02-26,HON,0.00016522385955335464,460268054.878212
2021-02-26,HSY,3.654230019071395e-05,150450025.83770752
2021-02-26,IEX,1.7126825321386657e-05,87161987.96081543
2021-02-26,ILMN,7.33672836530988e-05,462346640.27293396
2021-02-26,INCY,2.3343496581959035e-05,124938053.12309265
2021-02-26,INTC,0.000271288529654877,1657562897.4672318
2021-02-26,INTU,0.00011375597598533432,478900824.88098145
2021-02-26,ISRG,3.478160041648368e-05,429798695.7046509
2021-02-26,ITW,7.472576351480898e-05,205998500.14038086
2021-02-26,IVZ,1.1229550366759515e-05,80303328.50399017
2021-02-26,JKHY,1.3402232865590991e-05,110547848.13919067
2021-02-26,JNJ,0.0005268478341900543,1193340755.405426
2021-02-26,KEYS,3.2196945553530833e-05,174684797.15423584
2021-02-26,KO,0.0002499175440993824,729976244.5638657
2021-02-26,LITE,8.475531217178294e-06,135849660.25657654
2021-02-26,MCD,0.00019127318318017117,619662262.1810913
2021-02-26,MCO,6.137927394019027e-05,203604843.84155273
2021-02-26,MDT,0.00017963273896593954,587800834.9597931
2021-02-26,META,0.0008976195621612088,4191529427.7008057
2021-02-26,MKC,2.899019193790481e-05,116449416.19377136
2021-02-26,MMM,0.00010164111578518653,407230647.6228714
2021-02-26,MNST,1.4017162051914488e-05,151295618.66760254
2021-02-26,MPWR,1.8644430708005238e-05,177765248.7854004
2021-02-26,MRK,0.00022827801419864416,775952840.3518791
2021-02-26,MSCI,4.032895654670779e-05,197612534.9243164
2021-02-26,MSI,3.4370758940316555e-05,127448397.39074707
2021-02-26,MTD,3.390574894032413e-05,149778040.01464844
2021-02-26,NDSN,1.2507864419323807e-05,57842370.43380737
2021-02-26,NEM,5.7939922222663594e-05,408068102.14862823
2021-02-26,NSC,7.342288197857445e-05,250050514.23034668
2021-02-26,NTAP,1.7506287362824106e-05,120109170.42617798
2021-02-26,NXPI,5.5200755145984846e-05,524252302.0965576
2021-02-26,ORCL,0.0002229906589598686,623274403.3306122
2021-02-26,PAYX,3.7695235280879764e-05,161944840.34042358
2021-02-26,PFE,0.00024512106303084535,1105094181.105423
2021-02-26,PG,0.00040504555019656857,934870857.1456909
2021-02-26,PTC,1.8569649025276845e-05,85904448.10791016
2021-02-26,QCOM,0.00021266024142064036,1704646950.0648499
2021-02-26,REGN,6.94700411702151e-05,533897942.5552368
2021-02-26,RMD,3.51379284962987e-05,167647639.23187256
2021-02-26,ROK,3.474603431527891e-05,150139309.58328247
2021-02-26,ROL,1.4190039445185262e-05,50552566.31126404
2021-02-26,SNPS,4.6906384400781376e-05,198430125.075531
2021-02-26,SPGI,8.804291313541622e-05,564042478.6278076
2021-02-26,SWKS,3.372168818626146e-05,455273746.5774536
2021-02-26,TECH,3.7579771725306747e-06,74159963.09204102
2021-02-26,TER,2.2720561449430295e-05,285271046.7475891
2021-02-26,TMO,0.0002471382622507741,874013890.2053833
2021-02-26,TRMB,1.981699913311324e-05,95957631.74095154
2021-02-26,TROW,4.4283535995605534e-05,180284620.00808716
2021-02-26,TTWO,2.737443546927277e-05,242611241.2284851
2021-02-26,TXN,0.00018978135855152178,787753243.6416626
2021-02-26,TYL,2.04006279017465e-05,108382309.96551514
2021-02-26,UNP,0.00016443364544699128,564137410.029602
2021-02-26,VEEV,5.264912130713718e-05,215632564.01062012
2021-02-26,VRSK,3.6022531243355e-05,139631536.14349365
2021-02-26,VRSN,2.7252673680618848e-05,121408230.91583252
2021-02-26,VRTX,7.138311614311981e-05,460488189.03808594
2021-02-26,ZBH,3.710330721133203e-05,208451029.29052734
2021-02-26,ZBRA,2.547474915646792e-05,235824932.64770508
2021-02-26,ZTS,8.825143117902924e-05,300822274.609375
2021-03-01,A,-0.003980894492526597,180188306.9229126
2021-03-01,ABT,-0.0005119147470288785,559514392.3088074
2021-03-01,ACN,0.000749692424414021,429723614.8880005
2021-03-01,ADBE,0.00020913745881833562,1036055930.015564
2021-03-01,ADI,0.00038208167235379877,461399601.77230835
2021-03-01,AKAM,-0.00027130569500190835,231520532.52792358
2021-03-01,ALGN,0.00041354664047416924,364149195.3918457
2021-03-01,ALLE,-0.0010924441713179183,69764684.63935852
2021-03-01,AMAT,0.0022080922499308504,911987906.0188293
2021-03-01,AME,0.00015476187273077936,103886274.57504272
2021-03-01,AMGN,-0.001280043602135168,556377976.2939453
2021-03-01,AMT,-0.0004338885926053488,392902694.9127197
2021-03-01,AOS,0.0010522328954018618,59140371.38977051
2021-03-01,AZO,0.00012899462914460523,260539240.93017578
2021-03-01,BIIB,-0.000796817033442327,335064390.24658203
2021-03-01,BX,0.005261399191570465,167428917.89016724
2021-03-01,CBOE,5.8483257198329924e-05,84409333.95423889
2021-03-01,CDNS,0.00033925412839810355,201584679.51507568
2021-03-01,CHD,-0.0001395116013455165,111146166.23954773
2021-03-01,CL,-0.00025106631129900685,305287453.74832153
2021-03-01,CLX,-0.0003712815021405312,330945009.23080444
2021-03-01,CME,0.000755524778907858,363273069.17037964
2021-03-01,CPAY,0.00028610544730234624,174777005.5618286
2021-03-01,CPRT,9.808937124085836e-07,128043903.8406372
2021-03-01,CRM,-0.0007332203143145428,1305927679.5021057
2021-03-01,CSCO,0.00027329920903091873,890866270.9741592
2021-03-01,CTSH,0.004244809923366315,241134472.9587555
2021-03-01,DGX,0.0017134536823536156,173129208.57963562
2021-03-01,DHR,-0.0007838992144300581,503114277.81178284
2021-03-01,EBAY,-0.0006633719246107641,367156684.3170166
2021-03-01,EMR,-0.005137020432357126,232687549.14665222
2021-03-01,EW,-0.0018693563922136671,196706532.9788208
2021-03-01,FDS,1.4992035875531625e-05,60403521.659851074
2021-03-01,FFIV,-3.092369710263449e-05,144812457.0678711
2021-03-01,FICO,3.325842954958534e-05,105208512.55493164
2021-03-01,FIS,0.009431045455822027,584568823.3337402
2021-03-01,FISV,0.008593717800575353,504796310.3046417
2021-03-01,FTV,0.0018267888118569495,152181033.18076134
2021-03-01,GNRC,0.0022895193651250754,293508064.2425537
2021-03-01,GPN,0.0007008253071995214,351065250.09536743
2021-03-01,GRMN,0.00021850683551472754,105968635.15396118
2021-03-01,HON,-0.014866736731778154,460268054.878212
2021-03-01,HSY,-0.0032880526939483416,150450025.83770752
2021-03-01,IDXX,0.004844684306990322,229199337.02087402
2021-03-01,IEX,8.418721305640661e-05,78636603.5812378
2021-03-01,ILMN,0.00020055678044153275,455918380.2696991
2021-03-01,INCY,-0.0021004328250247475,123260176.78985596
2021-03-01,INTC,0.0024996397795269097,1657562897.4672318
2021-03-01,INTU,0.0008945318048754047,478900824.88098145
2021-03-01,IR,0.0021144494960069265,72298910.4675293
2021-03-01,ISRG,2.1153700294542725e-05,421211604.927063
2021-03-01,ITW,0.0002553242823478954,202110393.409729
2021-03-01,IVZ,0.00011147734958387207,80303328.50399017
2021-03-01,JKHY,3.882667702262551e-05,110547848.13919067
2021-03-01,JNJ,-0.0012781346569215452,1193340755.405426
2021-03-01,KEYS,1.8303936587489317e-05,163501087.6335144
2021-03-01,KO,0.0005963054166840988,726432911.7416382
2021-03-01,LITE,-2.590787973434953e-05,126751862.8566742
2021-03-01,MCD,-0.0003569619004214035,616498035.1142883
2021-03-01,MCO,0.0001489569299747912,203604843.84155273
2021-03-01,MDT,0.0009345792650004119,554072673.178482
2021-03-01,META,0.00032700090078691124,4191529427.7008057
2021-03-01,MKC,-0.0026085188453388373,116132368.5497284
2021-03-01,MMM,7.180160378269032e-05,393931443.1769409
2021-03-01,MNST,2.1904773093498397e-05,151295618.66760254
2021-03-01,MPWR,0.00010285358831342833,179193544.7845459
2021-03-01,MRK,-0.0205403090565645,775952840.3518791
2021-03-01,MRNA,0.006729052944543387,1680901696.963501
2021-03-01,MSCI,0.000101999982499653,194814465.48156738
2021-03-01,MSI,0.00014740999136408223,127448397.39074707
2021-03-01,MTD,-0.00019556819003307708,149778040.01464844
2021-03-01,NDSN,9.26279592537813e-05,53998882.39059448
2021-03-01,NEM,-0.0004716059597542222,398382303.638649
2021-03-01,NSC,0.0003194406969733712,250050514.23034668
2021-03-01,NTAP,-8.092564379792353e-05,120109170.42617798
2021-03-01,NXPI,0.0006801161304359829,524252302.0965576
2021-03-01,ODFL,0.0013701143430740969,137689883.02841187
2021-03-01,ORCL,0.0015006712238156417,623274403.3306122
2021-03-01,PAYX,0.00016977281281128995,155177336.97052002
2021-03-01,PFE,-0.0014973546086538454,1082434916.8857574
2021-03-01,PG,-0.0010910273441927243,934870857.1456909
2021-03-01,PNR,0.0010123538828227085,55290672.04246521
2021-03-01,PTC,-0.0016708850889127114,85904448.10791016
2021-03-01,QCOM,-0.0023461782422920414,1704646950.0648499
2021-03-01,REGN,-0.0005982363605374864,530162277.7984619
2021-03-01,RMD,-0.00011726428899043071,163330869.78149414
2021-03-01,ROK,-0.003126425844517743,150139309.58328247
2021-03-01,ROL,0.0005005730376020125,50096602.20565796
2021-03-01,SNPS,-0.00014157390346097518,229224610.32104492
2021-03-01,SPGI,0.0002495104184705634,554913280.9333954
2021-03-01,SWKS,0.00017536822336304894,450748962.36724854
2021-03-01,SYK,0.010059848081719077,293121546.85287476
2021-03-01,TDY,0.0014942403189777765,106177900.18310547
2021-03-01,TECH,4.08432760514883e-05,76338766.4428711
2021-03-01,TER,0.0002843408557144083,281449808.05892944
2021-03-01,TMO,-0.00266351222730846,839818145.9915161
2021-03-01,TRMB,0.0002435971333546571,95957631.74095154
2021-03-01,TROW,0.00010132856874060445,180284620.00808716
2021-03-01,TTWO,-0.00018103632756275804,242611241.2284851
2021-03-01,TXN,0.0004424019198571126,787753243.6416626
2021-03-01,TYL,0.0002618941969676574,110024193.44787598
2021-03-01,UNP,0.0002755019590966624,564137410.029602
2021-03-01,VEEV,9.560966178205014e-05,220897376.80358887
2021-03-01,VRSK,-0.00033350904524880954,139631536.14349365
2021-03-01,VRSN,-5.244383725420748e-05,119665763.38500977
2021-03-01,VRTX,-0.000402072528675336,453700426.13983154
2021-03-01,ZBH,-0.0033385317452351844,208451029.29052734
2021-03-01,ZBRA,0.0006426308255122627,235824932.64770508
2021-03-01,ZTS,0.00010187485423100544,296389246.8055725
2021-03-31,ABT,-0.02331733808508354,590416263.8324738
2021-03-31,ACN,0.0010170438482506525,648071775.0
2021-03-31,ADBE,-0.00016370851170060402,1459200492.3736572
2021-03-31,ADI,-0.00027726667755893254,524649383.164978
2021-03-31,ADSK,0.00637092013917031,365849490.0604248
2021-03-31,AKAM,5.963182552646607e-05,164806039.5942688
2021-03-31,ALGN,-0.0004043055534944766,351086321.89941406
2021-03-31,AMAT,0.00100782242639782,1236635332.3364258
2021-03-31,AME,0.00011805524630220318,140638669.72732544
2021-03-31,AMGN,0.0008844377558420193,677075917.5773621
2021-03-31,AMT,0.0006517636303513888,543930718.1991577
2021-03-31,AOS,9.856090796088977e-05,83493970.41511536
2021-03-31,AZO,0.0004956350913727942,329248300.0
2021-03-31,BIIB,-7.000819360036565e-05,315988849.6826172
2021-03-31,BX,0.00017836102274773526,210590518.42803955
2021-03-31,CBOE,-4.889109225134449e-05,56934923.848342896
2021-03-31,CCI,0.007765846521807081,390567477.42004395
2021-03-31,CDNS,-0.00028968431072207406,242738151.58538818
2021-03-31,CHD,0.0001412637715080601,129864636.7767334
2021-03-31,CL,4.692195986639395e-05,366164995.6134796
2021-03-31,CLX,5.760019773011146e-05,266377188.63830566
2021-03-31,CME,-0.00013920378289812747,326967297.5128174
2021-03-31,CPAY,-0.00017622130212576045,170867460.2294922
2021-03-31,CPRT,-3.112109379571279e-05,129861802.71644592
2021-03-31,CRM,-0.0006911385315814395,1343176868.713379
2021-03-31,CSCO,0.002212617516826613,1216355712.0508194
2021-03-31,CTSH,8.923163608725616e-05,228904368.43299866
2021-03-31,DGX,-0.0017134536823536156,138588719.72846985
2021-03-31,DHR,-0.0002410332105724465,599011483.3543472
2021-03-31,EBAY,0.00017844355419913745,399553742.5495148
2021-03-31,FDS,-3.128474364532275e-05,78846207.62329102
2021-03-31,FFIV,6.908552559994527e-05,123218298.4085083
2021-03-31,FICO,2.930733528334851e-05,99451744.84405518
2021-03-31,FIS,-0.00020238424789278432,432726488.1454468
2021-03-31,FISV,-7.796888305573214e-05,462778564.70184326
2021-03-31,FTV,5.609237904701924e-05,147980129.42570686
2021-03-31,GNRC,-0.00010479535121030864,240392115.25421143
2021-03-31,GPN,-0.00014298522137121475,322796523.4825134
2021-03-31,GRMN,5.440887025879833e-05,87921757.96737671
2021-03-31,IDXX,-0.0004679918963639701,233540545.65582275
2021-03-31,IEX,4.8765917293471525e-05,80529648.84643555
2021-03-31,ILMN,-0.001092391648334753,426237420.426178
2021-03-31,INTC,0.00030289382540617596,2121884063.2278442
2021-03-31,INTU,-0.0006349940694880818,578187639.3569946
2021-03-31,IR,4.198556163943507e-05,96242966.99028015
2021-03-31,ISRG,-0.00011605472916702405,361618852.1118164
2021-03-31,ITW,0.00036461710188781353,220299201.79138184
2021-03-31,IVZ,9.010802656556332e-05,102464394.21100616
2021-03-31,JKHY,-2.2906017206810467e-05,77682749.65133667
2021-03-31,JNJ,-0.00018107548669947515,1103548074.156189
2021-03-31,KEYS,-7.832160319482103e-05,127853860.38208008
2021-03-31,KO,0.0007687356266304277,902619280.5288315
2021-03-31,LITE,-1.8578023308951663e-05,126068765.56243896
2021-03-31,MCD,0.0007455463431481138,754365487.7555847
2021-03-31,MCO,0.0002452888303949904,222640589.7216797
2021-03-31,MDT,-0.0005146259367836345,516061286.47766113
2021-03-31,META,0.007945055171506774,5918362844.689941
2021-03-31,MMM,0.0005257621511570443,495678491.9024658
2021-03-31,MNST,-2.429446821030864e-05,194912084.41123962
2021-03-31,MPWR,-0.00010679820230712197,160651736.6455078
2021-03-31,MRNA,-0.0012626432821004323,1017331869.8272705
2021-03-31,MSCI,-0.00010668085240980296,164199645.52459717
2021-03-31,MSI,9.451551447161102e-05,120428437.159729
2021-03-31,MTD,-1.573907132229645e-05,137190757.2265625
2021-03-31,NDSN,-1.0143656057534037e-05,44371598.12164307
2021-03-31,NEM,0.0003053580728242756,401645989.92614746
2021-03-31,NSC,0.00015993067951695222,307030175.0671387
2021-03-31,NTAP,0.00017164143794953985,127968239.19754028
2021-03-31,NXPI,0.000334470051058724,650024126.4205933
2021-03-31,ODFL,0.00010279990475594789,163795395.20568848
2021-03-31,ORCL,0.0009626457560246646,943927797.7409363
2021-03-31,PAYX,0.00011991094895871714,190015157.63053894
2021-03-31,PFE,0.0008007652833117405,932601089.5271301
2021-03-31,PG,0.0018700099296907677,1110275504.1980743
2021-03-31,PNR,7.09660020479317e-05,52903746.408462524
2021-03-31,QCOM,-0.0010914323113889977,1394391454.328537
2021-03-31,REGN,4.795863064711685e-05,438889708.1832886
2021-03-31,RMD,-0.00010182275073353621,130397378.87115479
2021-03-31,ROL,-6.099170246749068e-06,41028714.697647095
2021-03-31,RVTY,0.0015052706839648472,107833298.99559021
2021-03-31,SNPS,-0.00012056608816051612,270070835.91690063
2021-03-31,SPGI,0.00023639890863793277,526282884.36802673
2021-03-31,SWKS,-2.9061036585399137e-05,347131798.39172363
2021-03-31,SYK,-0.00036317158462143527,278211700.56152344
2021-03-31,TDY,0.00010576455112713628,93152443.8873291
2021-03-31,TECH,5.350942417562169e-06,78569933.10852051
2021-03-31,TER,-0.00021277959609319148,280595849.2668152
2021-03-31,TMO,-0.0005124446970183431,817994082.6202393
2021-03-31,TRMB,1.5519583291051173e-05,117745760.95275879
2021-03-31,TROW,6.704961840185188e-05,210039162.72354126
2021-03-31,TTWO,-0.000182624694986591,242648169.3939209
2021-03-31,TXN,0.0009388020087472936,872992920.765686
2021-03-31,TYL,-0.0002521596737741227,99575651.23901367
2021-03-31,UNP,0.0004183188934912263,615037254.7370911
2021-03-31,VEEV,-0.00483294377168946,234486528.76739502
2021-03-31,VRSK,0.00010362228984198878,173342200.64315796
2021-03-31,VRSN,-3.890277661136544e-05,130101212.29095459
2021-03-31,VRTX,-0.0001749086263634807,348134055.2246094
2021-03-31,ZBRA,-0.000196707151051515,160593088.49487305
2021-03-31,ZTS,-0.00020722406175113436,301605979.89959717
2021-04-30,ACN,0.00010670767309702012,482106508.32977295
2021-04-30,ADBE,0.0005854660246477593,990688169.5419312
2021-04-30,ADI,-0.00032239604804258984,406554367.2843933
2021-04-30,ADSK,5.821230088426648e-05,272173235.2218628
2021-04-30,AKAM,3.8266524312500225e-05,142276774.0978241
2021-04-30,ALGN,0.0002398395498299467,264519588.33007812
2021-04-30,AMAT,-0.0006170125404370286,1132489460.319519
2021-04-30,AME,3.7350298627179205e-05,103859692.59109497
2021-04-30,AMGN,-0.0011627684356064587,559782083.5990906
2021-04-30,AMT,0.00023432987288968428,425868686.12213135
2021-04-30,AOS,-4.59217706631947e-05,60832628.81011963
2021-04-30,AZO,-3.8073999012061023e-06,256438282.82470703
2021-04-30,BIIB,-0.00037677637706967117,232097969.5022583
2021-04-30,BX,0.000748362721636431,225492246.15325928
2021-04-30,CBOE,1.469259707668493e-05,42075837.45689392
2021-04-30,CCI,0.0004065226389047298,259586123.5610962
2021-04-30,CDNS,-0.000313586075040841,232864297.07641602
2021-04-30,CHD,-0.00013731864490042168,112515354.73327637
2021-04-30,CL,-0.00013437259108719027,322930317.6864624
2021-04-30,CLX,-0.0002381090934508029,262745749.29580688
2021-04-30,CME,-0.0004016044886862649,234199937.2138977
2021-04-30,CPAY,6.163765352878775e-05,85797483.7524414
2021-04-30,CPRT,6.579585594969426e-05,117882985.34011841
2021-04-30,CRM,0.0008467703139909862,1154185396.585083
2021-04-30,CSCO,-0.0013006393373427398,788453445.0557709
2021-04-30,CTSH,-6.0351873021648184e-05,209280618.36166382
2021-04-30,DGX,0.0017988250262461775,137288364.1281128
2021-04-30,DHR,0.001202353800263116,503929700.6413269
2021-04-30,EBAY,-0.0005575433551959388,338688897.43995667
2021-04-30,FDS,5.392679563645986e-05,76139709.49859619
2021-04-30,FFIV,-0.0001898444649262132,121355993.30978394
2021-04-30,FICO,4.117481731488542e-05,68713189.03198242
2021-04-30,FIS,0.00038626747026035586,364592288.2850647
2021-04-30,FISV,-0.0002826872937450285,438616254.73594666
2021-04-30,FTV,-7.427403662243212e-05,150172027.6360798
2021-04-30,GNRC,-0.00011388814773441534,156650798.8204956
2021-04-30,GPN,0.0001267733392555032,194759146.6003418
2021-04-30,GRMN,-7.194352597881745e-06,85475361.47460938
2021-04-30,IDXX,0.0003281216981352083,168093735.0250244
2021-04-30,IEX,4.389459329626872e-05,87390845.95336914
2021-04-30,ILMN,-0.00011410826996840866,339956651.2895508
2021-04-30,INTC,-0.003775721933831272,1750126414.1422272
2021-04-30,INTU,0.0003242679013006275,405939221.1532593
2021-04-30,IR,-8.193244847991927e-05,108128620.48187256
2021-04-30,ISRG,0.0003689053310810854,417187491.4215088
2021-04-30,ITW,-2.3656718565533835e-05,232449708.30688477
2021-04-30,IVZ,3.119008431302873e-05,93827247.95417786
2021-04-30,JKHY,3.454309336288833e-05,77339206.38580322
2021-04-30,JNJ,-0.002358537109629376,1200586947.6013184
2021-04-30,KEYS,-0.00010083127696765629,117076170.47271729
2021-04-30,KO,-0.00044851063335556857,655351066.4850235
2021-04-30,LITE,-7.753365511716165e-05,67940016.1945343
2021-04-30,MCD,0.000161041681505273,594079250.693512
2021-04-30,MCO,0.00028563390532076495,245547537.66937256
2021-04-30,MDT,0.001025618977582618,544308279.9964905
2021-04-30,META,0.005118984523288808,5039614088.430786
2021-04-30,MMM,-0.00019204563146449187,432299074.0260315
2021-04-30,MNST,2.6185331020738998e-05,154269648.5107422
2021-04-30,MPWR,-3.301570144431795e-05,106850658.77227783
2021-04-30,MRNA,0.0016856132519615132,1573275007.7850342
2021-04-30,MSCI,0.00039883233173510163,145488605.32836914
2021-04-30,MSI,-0.0001354329306537611,114714382.27157593
2021-04-30,MTD,0.0002521285829413483,110078743.64013672
2021-04-30,NDSN,2.3555489499861408e-05,30092198.641967773
2021-04-30,NEM,-3.971517268393232e-05,351996332.60002136
2021-04-30,NSC,-2.5779472346527423e-05,267773222.5189209
2021-04-30,NTAP,-2.5414950491359093e-05,100762816.091156
2021-04-30,NXPI,-0.0005018938938906791,537895186.3311768
2021-04-30,ODFL,4.0440658452513094e-05,149706222.9309082
2021-04-30,ORCL,0.0007850507143407452,999784927.7454376
2021-04-30,PAYX,-0.0001732832025384888,168115482.0301056
2021-04-30,PFE,0.00047223563159206824,940149769.1082001
2021-04-30,PG,-0.0020886146503151792,1073182894.1162109
2021-04-30,PNR,-8.903964859648767e-06,68964567.78030396
2021-04-30,QCOM,4.687076623368855e-05,1261482982.9681396
2021-04-30,REGN,-0.00014459200141546912,389238045.0378418
2021-04-30,RMD,-0.0002111745122017005,95205242.33779907
2021-04-30,ROL,6.681693877052261e-05,44021773.64463806
2021-04-30,RVTY,-4.7989140037473605e-05,94354500.17852783
2021-04-30,SNPS,-0.00017683447457081565,184411355.02929688
2021-04-30,SPGI,0.0005043575950092645,427717652.1667175
2021-04-30,SWKS,-0.00016893689499657008,302230928.2241821
2021-04-30,SYK,0.00032041695225405037,275016407.27233887
2021-04-30,TDY,5.9352707783841665e-05,92413376.85089111
2021-04-30,TECH,2.7827234975032504e-05,75489323.67248535
2021-04-30,TER,-3.1986026750707025e-05,195649675.64239502
2021-04-30,TMO,-0.0002442156306325764,704484482.3303223
2021-04-30,TRMB,2.0350224052407412e-05,97089260.88638306
2021-04-30,TROW,2.265089076020424e-06,171960681.90612793
2021-04-30,TTWO,-0.00010297014851207717,171542057.99865723
2021-04-30,TXN,-0.0015666633659508176,777892487.6098633
2021-04-30,TYL,-7.592524240431528e-05,72773644.50683594
2021-04-30,UNP,-0.0005357110865539718,504156372.43118286
2021-04-30,VRSK,6.180959305249287e-05,144975172.45254517
2021-04-30,VRSN,0.00012882766515462472,113636472.60055542
2021-04-30,VRTX,-0.0001586049021461795,335451184.7869873
2021-04-30,ZBRA,-0.00010085340682347609,105912983.2244873
2021-04-30,ZTS,0.00041307095422682405,286120232.5592041
2021-06-01,ACN,-0.0008648438234214843,477761019.8486328
2021-06-01,ADBE,-0.0006532654639722045,958938002.7328491
2021-06-01,ADI,0.0003050014416178387,619601478.339386
2021-06-01,ADSK,-0.0002560042579978208,276850186.12976074
2021-06-01,AKAM,5.357659141466621e-05,139525204.4769287
2021-06-01,ALGN,-0.0001335587024725443,334292625.0
2021-06-01,AMAT,0.00024995588307261986,1456115755.6228638
2021-06-01,AME,-5.6965163049190436e-05,119104375.6149292
2021-06-01,AMGN,-0.00036767763626557697,674484394.9142456
2021-06-01,AMT,-0.00019121762165894528,431550883.8066101
2021-06-01,AOS,3.154446137606116e-05,60214892.03186035
2021-06-01,AZO,-0.00020525964720836216,281834598.1262207
2021-06-01,BIIB,-7.742098240523347e-05,258822506.0333252
2021-06-01,BX,0.00016595352776076731,270706090.74783325
2021-06-01,CBOE,5.122323557547209e-05,52313674.67422485
2021-06-01,CCI,-0.00014069508500133034,290554759.62905884
2021-06-01,CDNS,-0.0002029940281242479,196693293.78700256
2021-06-01,CHD,-4.253295130385217e-05,103884224.51629639
2021-06-01,CL,0.0001232947864336538,333162813.81225586
2021-06-01,CLX,-0.00011664382586432532,204459187.4633789
2021-06-01,CME,0.0004496350773607726,246864080.1208496
2021-06-01,CPAY,-0.00015633530004557222,134412256.63452148
2021-06-01,CPRT,1.1709213892797943e-05,114184880.57556152
2021-06-01,CRM,0.00028918613671741894,1225306898.0247498
2021-06-01,CSCO,0.00040733373260052816,1084752772.1969604
2021-06-01,CTSH,-0.0005440594353485467,334234945.5566406
2021-06-01,DGX,-0.0017988250262461775,176091171.51107788
2021-06-01,DHR,-0.00017663975819165803,516263831.60791016
2021-06-01,EBAY,0.00026774553446480337,463676761.52801514
2021-06-01,FDS,-3.196020144991809e-05,53666807.59277344
2021-06-01,FFIV,-3.0305043831111052e-05,81903278.90777588
2021-06-01,FICO,-7.358665766334896e-05,80436615.8203125
2021-06-01,FIS,-0.00042916875965104406,377658329.9850464
2021-06-01,FISV,-0.0004911709510897078,498832517.56248474
2021-06-01,FTV,7.304257730792732e-06,128414218.21014023
2021-06-01,GEN,0.0015776103943213257,164966843.3315277
2021-06-01,GNRC,-1.0479512122077688e-05,210400031.17370605
2021-06-01,GPN,-0.0007389492401885332,328326938.3666992
2021-06-01,GRMN,4.278061437177185e-05,85653954.20379639
2021-06-01,ICE,0.00622729505546129,285832638.25531006
2021-06-01,IDXX,-1.5099988919818619e-05,183369393.0114746
2021-06-01,IEX,-4.506554296117402e-05,68524246.81549072
2021-06-01,ILMN,6.966536841077672e-05,290225592.35821533
2021-06-01,INTC,-0.0006207488130849058,1281868973.414421
2021-06-01,INTU,0.0004821906256004902,502683409.5214844
2021-06-01,IR,-3.098006014398431e-05,98616421.25015259
2021-06-01,ISRG,-0.0001544059735169986,420110376.763916
2021-06-01,ITW,-0.00010223952748027176,224135958.8043213
2021-06-01,IVZ,4.483478570825139e-05,99689530.4444313
2021-06-01,JKHY,-9.016555313443681e-05,65609303.454589844
2021-06-01,JNJ,0.00086248245491128,1097441585.8261108
2021-06-01,KEYS,-8.996440347061423e-05,115842965.49224854
2021-06-01,KO,0.00010057159872591676,727249577.8894424
2021-06-01,LITE,-3.9668018249522526e-05,119424977.7305603
2021-06-01,MCD,-0.000507828844865589,596012694.8425293
2021-06-01,MCO,3.9896060384444175e-05,229576037.5
2021-06-01,MDT,-0.0009143668690297993,513827212.506485
2021-06-01,META,-0.0007992841371081832,5453136519.369507
2021-06-01,MMM,9.404530892927893e-05,366053675.46266174
2021-06-01,MNST,-6.114845395412279e-05,199058724.34387207
2021-06-01,MPWR,-0.00011327276223811679,134531207.62939453
2021-06-01,MRNA,0.00010329610103868101,1159472529.399109
2021-06-01,MSCI,-0.0002216764517831227,141034395.87097168
2021-06-01,MSI,0.00022098241241529093,136325803.93753052
2021-06-01,MTD,-8.883240740259176e-05,123024348.82202148
2021-06-01,NDSN,3.470324457727821e-05,40556581.327056885
2021-06-01,NEM,0.0007732436554912167,451466745.9144592
2021-06-01,NOW,0.0018252747363768993,809125629.4155121
2021-06-01,NSC,-9.650553150671384e-05,320362634.50775146
2021-06-01,NTAP,2.5729921464054525e-05,99650722.33657837
2021-06-01,NXPI,0.00042092006396951456,531639452.9373169
2021-06-01,ODFL,1.4465540497071543e-05,162494272.63641357
2021-06-01,ORCL,0.0004351704839107434,862528306.4212799
2021-06-01,PAYX,6.0382575166313766e-05,144861979.25491333
2021-06-01,PFE,-0.00038136188134776233,1019214793.8369751
2021-06-01,PG,-0.0003158305282071963,1214381396.395111
2021-06-01,PNR,-0.0010744159200109914,57301496.49810791
2021-06-01,QCOM,-0.0007807779576747744,1104484812.9089355
2021-06-01,REGN,0.00013083302771804868,371960298.24523926
2021-06-01,RMD,0.00020149469760583506,117192880.22766113
2021-06-01,ROL,-0.000190056223772266,43563213.65070343
2021-06-01,RVTY,0.00014177600591135748,122781760.96496582
2021-06-01,SNPS,3.5525027132444955e-05,237009991.18118286
2021-06-01,SPGI,-0.00041820571127223864,521800313.75894165
2021-06-01,SWKS,-0.0002432260956879281,288722161.5234375
2021-06-01,SYK,-0.0004705598999708554,268295232.522583
2021-06-01,TDY,-0.00013511590990894322,149226619.89746094
2021-06-01,TECH,-2.094970134809102e-05,109724390.2709961
2021-06-01,TER,7.81310298971008e-05,162247594.88372803
2021-06-01,TMO,-0.0003955382675781202,708096859.6298218
2021-06-01,TRMB,-0.0001440476030818824,108371497.87826538
2021-06-01,TROW,0.00019521984131881578,181224801.91955566
2021-06-01,TTWO,0.00010493669346144444,201861682.63320923
2021-06-01,TXN,0.0005248464199021467,833915509.6572876
2021-06-01,TYL,-0.000123113762658583,94280261.09313965
2021-06-01,UNP,-0.00011727607197747555,531119330.8959961
2021-06-01,VRSK,-0.0003060113310222757,163480687.85247803
2021-06-01,VRSN,-3.5711038074323544e-05,111524046.83990479
2021-06-01,VRTX,-0.0003554725758427831,297005126.35269165
2021-06-01,ZBRA,-2.0624236925464827e-06,127525949.1531372
2021-06-01,ZTS,9.777691854485904e-06,271334730.6777954
2021-06-22,ACN,3.7515073381382685e-05,517804666.3330078
2021-06-22,ADBE,4.960631284391115e-05,1251477065.046692
2021-06-22,ADI,1.2482395928686829e-05,458409681.7565918
2021-06-22,ADSK,1.2884189876116031e-05,338111567.36602783
2021-06-22,AKAM,3.8140733363348223e-06,108967336.1404419
2021-06-22,ALGN,9.551918664001645e-06,269581676.79748535
2021-06-22,AMAT,2.5912280511651564e-05,962218137.3779297
2021-06-22,AME,6.391425218607409e-06,98925729.40292358
2021-06-22,AMGN,2.8241780127597968e-05,567398195.8068848
2021-06-22,AMT,2.329699837924984e-05,384282145.1194763
2021-06-22,AOS,2.371861632580099e-06,69926243.35632324
2021-06-22,AZO,6.9555727877351065e-06,244827543.5974121
2021-06-22,BIIB,8.366575084690908e-06,712922265.9072876
2021-06-22,BX,1.3261854481465274e-05,340791097.40753174
2021-06-22,CBOE,2.4511282794288484e-06,59139780.81359863
2021-06-22,CCI,1.676323749688624e-05,286016197.4533081
2021-06-22,CDNS,7.270315921827954e-06,166349885.4248047
2021-06-22,CHD,4.4376120945386135e-06,118169839.3283844
2021-06-22,CL,1.4614242941936133e-05,301806313.71765137
2021-06-22,CLX,4.5775831116409704e-06,223438446.93374634
2021-06-22,CME,1.6097467260754034e-05,218223457.75222778
2021-06-22,CPAY,4.712687911454828e-06,102493441.58935547
2021-06-22,CPRT,1.5577042786371577e-06,108339454.22592163
2021-06-22,CRM,4.491033881256351e-05,1317242238.1988525
2021-06-22,CSCO,4.600293727157617e-05,852993780.8805466
2021-06-22,CTSH,7.784264785289444e-06,275879250.93917847
2021-06-22,DHR,3.31367041157167e-05,731939755.6147003
2021-06-22,EBAY,8.54677294667705e-06,408125514.5887375
2021-06-22,FDS,2.609846196701673e-06,47271307.05413818
2021-06-22,FFIV,2.3253348312639137e-06,86044879.49142456
2021-06-22,FICO,3.022085246345233e-06,80385544.3145752
2021-06-22,FIS,1.9171977554405598e-05,381253246.7285156
2021-06-22,FISV,1.6158418630757287e-05,481107571.9898224
2021-06-22,FTV,3.790063439566794e-06,202267023.95002937
2021-06-22,GEN,3.2926955785645903e-06,124710013.40198517
2021-06-22,GNRC,4.300254537935918e-06,204565434.60998535
2021-06-22,GPN,1.1861072964825317e-05,280402981.1065674
2021-06-22,GRMN,5.5927182400212876e-06,86920581.96792603
2021-06-22,ICE,1.2997243786768385e-05,319531830.01594543
2021-06-22,IDXX,9.788095338822064e-06,180551745.37353516
2021-06-22,IEX,3.4914593014321715e-06,61642509.69848633
2021-06-22,ILMN,1.1824204133514468e-05,277634121.5322876
2021-06-22,INTC,4.762111099986671e-05,1217180659.2830658
2021-06-22,INTU,2.358821374237076e-05,642580446.5148926
2021-06-22,IR,4.265120010671364e-06,72043175.79669952
2021-06-22,ISRG,6.781589938252303e-06,387671717.7246094
2021-06-22,ITW,1.5064611939132576e-05,189416853.71246338
2021-06-22,IVZ,2.68831706220227e-06,90935637.83760071
2021-06-22,JKHY,2.4340709800206323e-06,73418525.36087036
2021-06-22,JNJ,9.277376832807216e-05,1080298453.40271
2021-06-22,KEYS,5.523091284652913e-06,119447798.92425537
2021-06-22,KO,4.905725529688598e-05,724348544.8562622
2021-06-22,LITE,1.2542367479168558e-06,68744462.53509521
2021-06-22,MCD,3.600826795752479e-05,552600368.6676025
2021-06-22,MCO,1.3029277867048286e-05,198343273.70300293
2021-06-22,MDT,3.4843660862649006e-05,585519227.4211884
2021-06-22,META,0.0001948533858663476,4517383430.847168
2021-06-22,MMM,2.0130822329192735e-05,362955989.1937256
2021-06-22,MNST,2.5544571044019537e-06,153452956.615448
2021-06-22,MPWR,3.1878593647841763e-06,87946929.97283936
2021-06-22,MRNA,1.514287490068239e-05,1664062702.255249
2021-06-22,MSCI,7.933742409760303e-06,147393120.942688
2021-06-22,MSI,7.1383019948131204e-06,143828463.37127686
2021-06-22,MTD,6.26728085699425e-06,143591950.92773438
2021-06-22,NDSN,2.6427227713481626e-06,41190119.651031494
2021-06-22,NEM,1.206509005914104e-05,446344463.9198303
2021-06-22,NOW,3.809606019184071e-06,769823894.5922852
2021-06-22,NSC,1.4534079005647585e-05,302718561.5234375
2021-06-22,NTAP,-0.0016662352548240196,149689353.66744995
2021-06-22,NXPI,1.231526160600134e-05,443157330.4512024
2021-06-22,ODFL,3.188776930007414e-06,171146144.20776367
2021-06-22,ORCL,4.9565625160341575e-05,946815502.8995514
2021-06-22,PAYX,7.448122220240182e-06,109006831.58721924
2021-06-22,PFE,4.476942861028274e-05,829337620.8585739
2021-06-22,PG,7.267483057641494e-05,1111763574.8771667
2021-06-22,QCOM,3.12309661887368e-05,894217824.647522
2021-06-22,REGN,1.1869223123486122e-05,372450256.6604614
2021-06-22,RMD,6.1214209062751025e-06,123245051.78604126
2021-06-22,ROL,3.439702991466084e-06,41061315.242385864
2021-06-22,RVTY,3.3374588194756433e-06,95609658.0734253
2021-06-22,SNPS,7.966945242791033e-06,189840934.81292725
2021-06-22,SPGI,1.772839813452866e-05,526380821.4168854
2021-06-22,SWKS,5.778041641054006e-06,221056561.16485596
2021-06-22,SYK,1.9924963046522026e-05,260044605.98983765
2021-06-22,TDY,3.1813075134941565e-06,125628452.01416016
2021-06-22,TECH,8.165149232288393e-07,90389161.43188477
2021-06-22,TER,4.512582393629769e-06,150888422.6081848
2021-06-22,TMO,3.844854467318498e-05,945446754.7515869
2021-06-22,TRMB,4.004264181178396e-06,92703367.15888977
2021-06-22,TROW,9.080039205698436e-06,161390907.53631592
2021-06-22,TTWO,4.386001152169826e-06,214955185.18981934
2021-06-22,TXN,3.634921557547563e-05,629009203.4355164
2021-06-22,TYL,3.4361249949545983e-06,97879701.38549805
2021-06-22,UNP,3.0965801829147335e-05,507292387.39852905
2021-06-22,VRSK,5.775528077327924e-06,136389413.19580078
2021-06-22,VRSN,5.121736031223241e-06,106493450.0
2021-06-22,VRTX,1.1128528718751078e-05,392641939.58740234
2021-06-22,ZBRA,5.500054000760757e-06,113926086.6973877
2021-06-22,ZTS,1.7236251392795804e-05,271588646.36535645
2021-06-30,ACN,0.0006052633043778649,510848623.1430054
2021-06-30,ADBE,0.0035309585997066566,1148905835.3118896
2021-06-30,ADI,0.00020831248826214902,403207057.1990967
2021-06-30,ADSK,6.324165439081878e-05,330393162.87384033
2021-06-30,AKAM,1.835368123882862e-05,106790037.26119995
2021-06-30,ALGN,0.00011131569863885755,304316171.2585449
2021-06-30,AMAT,0.00024760820544087944,869322865.4930115
2021-06-30,AME,-6.872886545614392e-05,97761397.49145508
2021-06-30,AMGN,0.00018274038517967703,506653420.17211914
2021-06-30,AMT,0.0005164435764995357,386368897.99346924
2021-06-30,AOS,3.531229565735105e-06,72054115.79284668
2021-06-30,AZO,0.00016544015908072926,242826030.7373047
2021-06-30,BIIB,0.001127722202750008,768985576.9638062
2021-06-30,BX,0.00023584787767744544,384971093.5707092
2021-06-30,CBOE,6.850149019173844e-05,61909258.656311035
2021-06-30,CCI,0.00014934364887761627,259864166.12472534
2021-06-30,CDNS,0.00023003680613315923,169207028.59954834
2021-06-30,CHD,-3.529487394463449e-05,116633156.17637634
2021-06-30,CL,-0.0002762808575701766,286369164.78881836
2021-06-30,CLX,1.565094976186711e-05,223438446.93374634
2021-06-30,CME,-0.0002950575330215293,213171102.55126953
2021-06-30,CPAY,-0.0001740851533781995,182299973.48632812
2021-06-30,CPRT,8.185758262927128e-06,97922373.4539032
2021-06-30,CRM,0.0003224991763595593,1197557841.7991638
2021-06-30,CSCO,-0.0001945901681510466,828700004.6339035
2021-06-30,CTSH,-0.0001587570855366969,243635592.3751831
2021-06-30,DGX,0.0017497495322532709,125003750.71144104
2021-06-30,DHR,0.0005810002625850699,679342005.010849
2021-06-30,EBAY,0.0005783295878784627,402361070.8530426
2021-06-30,FDS,-8.748423039121357e-06,48558882.833862305
2021-06-30,FFIV,-4.597330759747564e-06,82716717.38815308
2021-06-30,FICO,-2.508445751501793e-05,77325671.61254883
2021-06-30,FIS,-0.0005451453730628761,361114465.41137695
2021-06-30,FISV,-0.0006365109262741189,460677423.0201721
2021-06-30,FTV,-8.84467752247963e-05,209881674.1910286
2021-06-30,GEN,-4.1764027377037176e-05,116240629.98352051
2021-06-30,GNRC,0.000515008990912386,306747425.730896
2021-06-30,GPN,-0.0002402738450992389,255428629.93392944
2021-06-30,GRMN,1.614445014693107e-05,77088584.841156
2021-06-30,ICE,0.0002516600887733913,319531830.01594543
2021-06-30,IDXX,0.000561596766922183,194758595.6085205
2021-06-30,IEX,-3.734365932988215e-05,68794906.68258667
2021-06-30,ILMN,0.000874935534830589,274863743.7200165
2021-06-30,INTC,-0.0006322795834482232,1228546869.6020126
2021-06-30,INTU,0.0011824586760268048,580367242.515564
2021-06-30,IR,-5.57449316539939e-05,78348506.63833618
2021-06-30,ISRG,0.00026149972625895456,381139478.9428711
2021-06-30,ITW,-0.0003304256561107149,189612986.22894287
2021-06-30,IVZ,-9.434943983098573e-05,89206607.16896057
2021-06-30,JKHY,5.772149110539479e-05,74429595.03707886
2021-06-30,JNJ,-0.0016499863065221956,967555527.0858765
2021-06-30,KEYS,0.00019333933706892122,136333483.08563232
2021-06-30,KO,-0.0007488704978047787,681781946.4607239
2021-06-30,LITE,-1.5993174708584358e-06,63603429.57458496
2021-06-30,MCD,-0.0003967144348580344,475233541.8029785
2021-06-30,MCO,0.00043183977343765837,184630716.5283203
2021-06-30,MDT,-0.016729287541729032,511275909.05799866
2021-06-30,META,0.004344676367855807,5014442352.236938
2021-06-30,MMM,-0.0003109143781995869,392067034.28237915
2021-06-30,MNST,-5.068244686297178e-05,161073370.6916809
2021-06-30,MPWR,0.0001175024384091007,88477602.51617432
2021-06-30,MRNA,0.0018650813869578531,1999765266.7503357
2021-06-30,MSCI,0.00048217186935105554,193451424.8397827
2021-06-30,MSI,0.0001539775929465313,123597504.97283936
2021-06-30,MTD,0.00016097018725289708,158314685.01586914
2021-06-30,NDSN,-2.5895432051151754e-05,41894968.925476074
2021-06-30,NEM,-0.0008495904226951513,358518464.8326874
2021-06-30,NOW,0.000269416993952733,650702482.542038
2021-06-30,NSC,-0.00045522368152007674,317897424.76501465
2021-06-30,NXPI,-0.00022086203012967355,436697989.012146
2021-06-30,ODFL,-8.282652021498116e-05,159596177.72979736
2021-06-30,ORCL,-0.0024431969231587976,892199122.0245361
2021-06-30,PAYX,0.00017728128130293586,133282285.47515869
2021-06-30,PFE,6.5275042997019195e-06,786506756.5601349
2021-06-30,PG,-0.0003521899264740322,908343167.9725647
2021-06-30,PNR,0.0010926359655056461,64440602.76222229
2021-06-30,QCOM,0.0007649471659677814,909078889.0090942
2021-06-30,REGN,0.0005687545371452869,419440297.76000977
2021-06-30,RMD,0.0005430782819473038,135944634.10186768
2021-06-30,ROL,-1.2366236391438742e-05,36930346.797943115
2021-06-30,RVTY,8.495065385989687e-05,90243082.76824951
2021-06-30,SNPS,0.00027829684553806527,170222307.57751465
2021-06-30,SPGI,0.0005965771100756769,543796109.6762695
2021-06-30,SWKS,0.00032151190864618175,221056561.16485596
2021-06-30,SYK,6.318514156574209e-05,238186113.96331787
2021-06-30,TDY,-1.861887665883231e-05,109305674.57885742
2021-06-30,TECH,2.9955269146887578e-05,84140098.04382324
2021-06-30,TER,2.9347440199207694e-06,170232464.80751038
2021-06-30,TMO,0.0011631278138632267,798638409.185791
2021-06-30,TRMB,7.824712330473126e-05,78950902.49443054
2021-06-30,TROW,0.00010265211519271296,169661927.49786377
2021-06-30,TTWO,-0.00011837169472868683,224604301.07803345
2021-06-30,TXN,3.9183384912534064e-05,602070087.6663208
2021-06-30,TYL,0.00018160107675589915,97879701.38549805
2021-06-30,UNP,-0.0004729496515755195,532801511.35025024
2021-06-30,VRSK,3.8418131999111427e-07,133539160.10284424
2021-06-30,VRSN,5.969010009369835e-05,113522283.18634033
2021-06-30,VRTX,-0.00023442285941774853,519717019.16656494
2021-06-30,ZBRA,0.00014230193034199187,117515473.46801758
2021-06-30,ZTS,0.0003601760621197714,261838737.81051636
2021-08-02,ABT,0.019631029612446334,533673698.58322144
2021-08-02,ACN,8.00501773361613e-05,557558388.1072998
2021-08-02,ADBE,-0.00029514872210482934,937036695.1507568
2021-08-02,ADI,-0.0005812101179217813,444588619.6258545
2021-08-02,ADSK,0.0001578422957532596,312132416.2689209
2021-08-02,AKAM,-7.680983517046984e-05,116969579.40597534
2021-08-02,ALGN,0.0002878523996719057,368087375.73547363
2021-08-02,AMAT,-0.0010687523490341758,833659004.8828125
2021-08-02,AME,-8.795899070012736e-05,121718004.00695801
2021-08-02,AMGN,-0.0010514674817099206,503371516.4260864
2021-08-02,AMT,-0.00028539619070143754,349225381.0241699
2021-08-02,AOS,-0.00010330825632361954,57590926.88484192
2021-08-02,AZO,4.895903314884988e-05,238793224.85351562
2021-08-02,BIIB,-0.0006207239738922872,389309396.2661743
2021-08-02,BX,0.0006990857420973084,348833648.7098694
2021-08-02,CBOE,-9.04171222942719e-05,57200291.57676697
2021-08-02,CCI,-0.0006366793262037361,254484573.48709106
2021-08-02,CDNS,2.122214596712163e-05,152823370.2682495
2021-08-02,CHD,-0.00011145187897834306,97777132.39326477
2021-08-02,CL,-0.0006016252136374096,315734038.6276245
2021-08-02,CLX,-0.00013941965181831157,229979564.28833008
2021-08-02,CME,-0.0005238813552153748,230474516.97998047
2021-08-02,CPAY,-0.0001257377922616672,143059082.06176758
2021-08-02,CPRT,2.962052785465024e-05,120824386.71569824
2021-08-02,CRM,-0.0016849555038481838,1428993637.5
2021-08-02,CSCO,-0.0005777492507582707,778055166.2197113
2021-08-02,CTAS,0.0009316917374091252,156831775.0640869
2021-08-02,CTSH,-3.796290263121229e-05,203601283.36601257
2021-08-02,DGX,2.3677765823495057e-06,124510914.18075562
2021-08-02,DHR,0.0005457842150732549,595173582.3166199
2021-08-02,EBAY,-0.00044295249076806154,423390287.5972748
2021-08-02,FDS,-9.816754352378254e-06,46149090.52581787
2021-08-02,FFIV,3.451338948661127e-05,82635518.34259033
2021-08-02,FICO,-4.0929634834623333e-05,85519351.97143555
2021-08-02,FIS,-0.0001690070464698077,283440578.0441284
2021-08-02,FISV,2.5663924155132183e-05,398446905.56869507
2021-08-02,FTV,-5.028180459173146e-05,197290772.5807762
2021-08-02,GEN,-0.000231229253859439,101089446.6468811
2021-08-02,GNRC,-0.00015120177043874373,329638555.7418823
2021-08-02,GPN,-0.00021214763951469227,325096612.1871948
2021-08-02,GRMN,3.474543673010486e-05,77846948.67248535
2021-08-02,ICE,-0.00038426980547165077,236557438.76724243
2021-08-02,IDXX,6.638075041747772e-06,233605532.99560547
2021-08-02,IEX,-6.546532188146377e-05,78151368.54095459
2021-08-02,ILMN,-0.0001551094139822691,248505823.09246826
2021-08-02,INTC,-0.0024062804228352115,1058570482.1414948
2021-08-02,INTU,9.513533204218508e-05,504467727.41241455
2021-08-02,IR,-0.00013330363370563396,94593599.84836578
2021-08-02,ISRG,1.6591034323513477e-05,419167102.3590088
2021-08-02,ITW,-0.0003803200005093139,180838650.97045898
2021-08-02,IVZ,-0.00017945164855871017,99661118.92938614
2021-08-02,JKHY,-9.519339087670853e-06,54185777.9296875
2021-08-02,JNJ,-0.001109311706456187,1007260268.1625366
2021-08-02,KEYS,-1.95287606402114e-05,121394152.5062561
2021-08-02,KO,-0.0004052962397146226,768923572.486496
2021-08-02,LITE,-2.7504751711219665e-05,37423865.924453735
2021-08-02,MCD,-0.0003509913813075152,585311682.4676514
2021-08-02,MCO,-0.00022075618034021836,217830128.59649658
2021-08-02,META,-0.004409407214701844,4836393737.142944
2021-08-02,MMM,-0.0006669762218804998,431213838.37390137
2021-08-02,MNST,-4.440215503705397e-05,151283959.1495514
2021-08-02,MPWR,0.0001996120698012755,156004871.08306885
2021-08-02,MRNA,0.003676017050715852,4292498698.5671997
2021-08-02,MSCI,0.00017965291336403434,154762090.7775879
2021-08-02,MSI,-0.00013493985592776371,113378828.06015015
2021-08-02,MTD,-2.731292143273549e-05,116762318.1640625
2021-08-02,NDSN,-4.9665573496577e-05,31111291.091918945
2021-08-02,NEM,-0.0003771518073800778,313663792.7482605
2021-08-02,NOW,-6.391980853391252e-06,547174942.4743652
2021-08-02,NSC,-0.000617587961046967,312326751.21154785
2021-08-02,NXPI,-0.00037014143046921067,376964627.18582153
2021-08-02,ODFL,-1.694297851642483e-05,145338480.29937744
2021-08-02,ORCL,0.0009242282535949428,1176241022.3648071
2021-08-02,PAYX,-3.257889295619999e-05,155942644.87342834
2021-08-02,PFE,0.0004042215184992294,976973720.911026
2021-08-02,PG,-0.0006094315146647558,981301056.5010071
2021-08-02,PNR,1.8873104232635957e-05,66642598.87924194
2021-08-02,QCOM,-0.0003667210222765144,984321984.3032837
2021-08-02,REGN,-0.0002585353219683034,309998296.19750977
2021-08-02,RMD,9.577241853516837e-05,115322546.01135254
2021-08-02,ROL,7.290354536101658e-05,40507911.36455536
2021-08-02,RVTY,0.0001684697001614571,113618483.74557495
2021-08-02,SNPS,-0.00011012763260568551,151431298.46191406
2021-08-02,SPGI,-0.00024211143389763282,483658519.0133972
2021-08-02,SWKS,-0.00031963374725183565,244675698.33755493
2021-08-02,SYK,-0.000268099560731894,309533564.0182495
2021-08-02,TDY,1.1249823851439177e-05,93278457.03125
2021-08-02,TECH,-7.900693027443947e-07,60436173.193359375
2021-08-02,TER,-0.00025271429201212544,156381362.1520996
2021-08-02,TMO,-4.726254978266661e-05,588681901.776123
2021-08-02,TRMB,-5.2555063073924475e-05,59355160.25810242
2021-08-02,TROW,-0.00017368841386880812,184971631.27212524
2021-08-02,TTWO,-0.00017294055076612206,166917993.46847534
2021-08-02,TXN,-0.0013329326921331063,732729393.2929993
2021-08-02,TYL,2.7282741857236883e-05,75626907.17163086
2021-08-02,UNP,-0.0010511050333954844,653428027.7412415
2021-08-02,VRSK,3.638125230339892e-05,141721623.29177856
2021-08-02,VRSN,-0.0002881371974638447,91501756.92443848
2021-08-02,VRTX,-0.00034889407126211143,383807640.6829834
2021-08-02,ZBRA,-7.681039476235786e-05,119252172.8515625
2021-08-02,ZTS,0.00011786322375809122,341587342.5109863
2021-08-31,ABT,6.410263188303192e-05,498024523.9364624
2021-08-31,ACN,0.00032823652944941745,492319239.8086548
2021-08-31,ADBE,0.0006891880770871113,824597151.171875
2021-08-31,ADI,-0.000366271057457305,676592053.8070679
2021-08-31,ADSK,-0.00046481041716003434,352419512.411499
2021-08-31,AKAM,-0.00016477632981239023,107591996.13418579
2021-08-31,ALGN,-0.00010621277812839034,329504697.5097656
2021-08-31,AMAT,-0.0008421380981537586,889339224.8474121
2021-08-31,AME,-0.0001770525833231307,88407808.34960938
2021-08-31,AMGN,-0.0013095610518140764,577667615.7913208
2021-08-31,AMT,-8.79414146695099e-05,307649609.8968506
2021-08-31,AOS,-7.155665663100604e-06,39555095.76911926
2021-08-31,AZO,-0.00029693817021873327,214044920.5444336
2021-08-31,BIIB,-1.6835805457673415e-05,271245488.1225586
2021-08-31,BX,0.00034780968909281507,325635020.16677856
2021-08-31,CBOE,2.626052568054896e-05,66630777.91175842
2021-08-31,CCI,-0.00023868607123005495,239939798.55651855
2021-08-31,CDNS,0.00023742013777959276,139093163.32244873
2021-08-31,CHD,-0.00014267785571853804,76127877.77557373
2021-08-31,CL,-0.00035759843489963257,273609532.1044922
2021-08-31,CLX,-0.0020740400879750557,192545501.70898438
2021-08-31,CME,-0.0005988101230704817,204051782.74154663
2021-08-31,CPAY,-4.0641438039881825e-05,147292639.22729492
2021-08-31,CPRT,-4.4813894334995376e-05,120540097.00622559
2021-08-31,CRM,0.0010733209374421265,1458697193.6462402
2021-08-31,CSCO,0.0005070401371922266,811814472.4437714
2021-08-31,CTAS,-3.3216843437127515e-05,111456798.13232422
2021-08-31,CTSH,-1.1376771995529143e-05,215360921.0205078
2021-08-31,DGX,6.16475297200679e-05,140379788.0218506
2021-08-31,DHR,0.0007935627436426347,538193463.4830627
2021-08-31,EBAY,0.0003415933453896087,472838626.50146484
2021-08-31,EL,0.01094010738515926,262479953.3706665
2021-08-31,FAST,0.0013991337520997517,109024719.06929016
2021-08-31,FDS,2.7335256250454092e-05,47609418.072509766
2021-08-31,FFIV,-6.0986938121618e-05,64734251.71356201
2021-08-31,FICO,-0.00021767171598486624,121633250.39520264
2021-08-31,FIS,-0.0014999312110295301,498397410.15625
2021-08-31,FISV,-0.00012267888591396478,363859578.76815796
2021-08-31,FTV,-3.9556246870968816e-05,131566467.72291183
2021-08-31,GEN,3.636947937701515e-05,113756002.26945877
2021-08-31,GNRC,2.0138805566930276e-06,244554101.54571533
2021-08-31,GPN,-0.0010082655445058644,487651786.6569519
2021-08-31,GRMN,0.00017988922510157055,93270431.65740967
2021-08-31,ICE,-0.00025610148815263366,184981195.42694092
2021-08-31,IDXX,-0.00024378291320333555,231419608.87756348
2021-08-31,IEX,-8.012993101480406e-05,61258196.41036987
2021-08-31,ILMN,-0.0007311114327984945,343460918.15289307
2021-08-31,INTC,-0.0006631126687260402,947612459.734726
2021-08-31,INTU,0.00032730576047000637,530665732.34558105
2021-08-31,IR,7.813438006878818e-05,113068609.16538239
2021-08-31,ISRG,7.291823414790847e-05,489037320.3918457
2021-08-31,ITW,-8.672749429444477e-05,156032077.37121582
2021-08-31,IVZ,-2.5364134699815914e-06,75790715.89975357
2021-08-31,JKHY,-5.2363643841556824e-05,53265114.389801025
2021-08-31,JNJ,-0.0014348149136771196,923051118.3044434
2021-08-31,KEYS,0.00013290363011835352,124454405.95092773
2021-08-31,KO,-0.0011569811408791396,568780484.2605591
2021-08-31,LITE,-0.000573085444830724,45443093.855667114
2021-08-31,MCD,-0.0009974427483888416,473921716.3711548
2021-08-31,MCO,-0.00017681225666359678,181033038.07983398
2021-08-31,META,0.0021212770131309733,3568622149.725342
2021-08-31,MMM,-0.000478276539590039,354188206.0912399
2021-08-31,MNST,-7.276112478565161e-06,123873010.52970886
2021-08-31,MPWR,0.00010737162547723054,126635044.67315674
2021-08-31,MRNA,0.0002971291664248879,7066097111.486816
2021-08-31,MSCI,0.00010155955058051107,162608015.8355713
2021-08-31,MSI,0.00016386377273492746,151783158.64334106
2021-08-31,MTD,3.783572729049601e-05,128084988.91601562
2021-08-31,NDSN,1.603659665119577e-05,30653300.0
2021-08-31,NEM,-0.0005176643435950536,281498757.39097595
2021-08-31,NOW,0.00010786051826820438,490720109.5714569
2021-08-31,NSC,-0.00032779193194318323,266170613.3544922
2021-08-31,NXPI,6.103028817375927e-06,372410770.3201294
2021-08-31,ODFL,4.3380882638047484e-05,108217134.88769531
2021-08-31,ORCL,-0.00039193326070369183,624916975.0331879
2021-08-31,PAYX,-0.00012665862723678506,119724010.86654663
2021-08-31,PFE,0.000736336393293964,1788001835.9996796
2021-08-31,PG,-0.0016126731619334062,727944973.6602783
2021-08-31,PNR,6.640785040635611e-06,89944286.94152832
2021-08-31,QCOM,-0.0009153712900694128,890718015.4037476
2021-08-31,REGN,0.0007547406973235186,572231329.5196533
2021-08-31,RMD,0.00011468746949539052,109113869.80133057
2021-08-31,ROL,-4.235935355240269e-05,34069924.4934082
2021-08-31,RVTY,-4.8215519447958495e-05,113115443.61495972
2021-08-31,SNPS,0.00043148116787916115,186995282.70568848
2021-08-31,SPGI,-5.0515651239927545e-05,445207124.68551636
2021-08-31,SWKS,-0.00012490081128602257,190616983.42590332
2021-08-31,SYK,-0.00016560020706549508,299935141.9265747
2021-08-31,TDY,-2.5869956093481274e-05,96195031.18591309
2021-08-31,TECH,3.000094227462657e-06,101367208.14208984
2021-08-31,TER,-0.00015636559157118386,122918460.06469727
2021-08-31,TMO,-0.00025358311272432807,474300914.65148926
2021-08-31,TPR,0.0009834126356568905,129356578.46260071
2021-08-31,TRMB,0.00011383674254683627,95093808.15734863
2021-08-31,TROW,0.00022814665095889208,131385913.37432861
2021-08-31,TTWO,-0.00019432565409700027,176369069.58465576
2021-08-31,TXN,-0.0006150718449298449,604437430.1757812
2021-08-31,TYL,-9.861438850741278e-05,72687132.18383789
2021-08-31,UNP,-0.0006398983540715671,465592009.1995239
2021-08-31,VRSK,5.688023782758362e-05,160162255.16281128
2021-08-31,VRSN,-8.925774891958404e-05,75596629.90875244
2021-08-31,VRTX,-0.00021739234190551633,343980635.7444763
2021-08-31,ZBRA,5.6238469411657235e-05,85563547.5769043
2021-08-31,ZTS,-0.0002688487654958511,222359338.79470825
2021-09-30,ABT,-9.122959791893828e-05,552156843.3620453
2021-09-30,ACN,0.00023122441138447025,653436387.6525879
2021-09-30,ADBE,-0.002118147636518415,1511010661.517334
2021-09-30,ADI,0.0004959704089983821,788434193.0023193
2021-09-30,ADSK,-0.00012343699563918589,421806865.82489014
2021-09-30,AKAM,-2.6732177818540722e-05,118376256.40449524
2021-09-30,ALGN,-3.104513771438888e-06,317836148.046875
2021-09-30,AMAT,0.0001548523548883171,931363061.3418579
2021-09-30,AME,-7.893515415469945e-05,159662448.91967773
2021-09-30,AMGN,4.538779146746365e-05,501978634.8953247
2021-09-30,AMT,-0.00037074931675217665,459324256.2438965
2021-09-30,AOS,-0.00010915585713626452,61266489.363861084
2021-09-30,AZO,0.0005442536526685522,275119951.78222656
2021-09-30,BIIB,-0.0004998114377412792,273865721.06018066
2021-09-30,BX,-0.00011264585049626259,441696998.86169434
2021-09-30,CBOE,5.370784754118725e-05,52674806.64978027
2021-09-30,CCI,-0.0003813386387977241,295111647.1710205
2021-09-30,CDNS,-5.420604024538537e-05,153314176.48010254
2021-09-30,CHD,9.376264949682639e-05,95451064.14375305
2021-09-30,CL,0.00018744988904629764,271814830.1937103
2021-09-30,CME,0.00013111201544300718,276842442.9450989
2021-09-30,CPAY,0.00010893041230521962,100231351.953125
2021-09-30,CPRT,2.2871694589838708e-05,128332018.11218262
2021-09-30,CRM,0.0018865678202621729,1347204374.836731
2021-09-30,CSCO,-0.0004941865689209804,894718820.867157
2021-09-30,CTAS,2.1694473966981927e-05,145185983.303833
2021-09-30,CTSH,0.00012527664539729172,165319509.49172974
2021-09-30,DGX,2.2499891246337625e-05,172566768.99414062
2021-09-30,DHR,3.9933786587578735e-07,633420978.7304077
2021-09-30,EBAY,-0.00015253281023200164,389484146.7983246
2021-09-30,EL,-0.0006787557605454457,303331043.37005615
2021-09-30,FAST,-2.2439912636595168e-05,136978094.94895935
2021-09-30,FDS,0.00013321481423177097,55908277.734375
2021-09-30,FFIV,4.3137050340944037e-05,66215004.791259766
2021-09-30,FICO,-9.146762695304376e-05,86684338.93890381
2021-09-30,FIS,9.819507746582253e-05,431376866.37802124
2021-09-30,FISV,-0.00013473928739287863,404484180.73654175
2021-09-30,FTV,2.8282740244946203e-05,164956444.57229805
2021-09-30,GEN,1.920265347190686e-05,92079582.6719284
2021-09-30,GNRC,-1.017169421478354e-05,255155840.4006958
2021-09-30,GPN,0.00013409775708412165,326682021.4653015
2021-09-30,GRMN,-0.00014872292764950105,113034910.59112549
2021-09-30,ICE,0.00013365506924449023,293678314.17884827
2021-09-30,IDXX,-8.62115400165446e-05,259115368.60351562
2021-09-30,IEX,-2.4267346291067344e-05,66249490.451049805
2021-09-30,ILMN,-0.0003131467979919601,342542381.1710205
2021-09-30,INTC,0.0009472943480077003,1015415436.9617462
2021-09-30,INTU,0.0007671815378459818,612734156.7260742
2021-09-30,IR,2.3982327052557862e-05,147281622.54123688
2021-09-30,ISRG,1.715043707645105e-05,550738382.6980591
2021-09-30,ITW,-0.0003548701554886343,207870422.52807617
2021-09-30,IVZ,1.4113832409688113e-05,87374331.82077408
2021-09-30,JKHY,-1.1152182858070432e-05,60977749.76654053
2021-09-30,JNJ,-0.00027151956476306055,991267321.7849731
2021-09-30,KEYS,-7.32985020825013e-05,126216724.05853271
2021-09-30,KO,-0.0001659942524333477,762568403.9167404
2021-09-30,MCD,0.0012615795686797514,614693927.9548645
2021-09-30,MCO,-4.376553322285939e-05,171177959.00115967
2021-09-30,META,-0.004535815686898148,5142288995.059204
2021-09-30,MMM,-0.00033525472038630107,468477003.2165222
2021-09-30,MNST,-3.4377798826277844e-05,131403612.98217773
2021-09-30,MPWR,8.357182565096226e-05,163328171.71173096
2021-09-30,MRNA,0.0011521594078615655,5529299381.295776
2021-09-30,MSCI,9.496726255671297e-05,189129653.0303955
2021-09-30,MSI,4.662385994445807e-05,155285877.85949707
2021-09-30,MTD,-0.00017659728958201735,144430782.83691406
2021-09-30,NDSN,7.593293621068592e-05,40073702.865600586
2021-09-30,NEM,-1.1968603140908099e-05,304146886.2071991
2021-09-30,NOW,6.477886955584718e-05,588194395.4277039
2021-09-30,NSC,2.6685605983509282e-05,310915869.6434021
2021-09-30,NXPI,-0.00016266263081142745,377954272.06954956
2021-09-30,ODFL,8.065207289283506e-05,180491644.7982788
2021-09-30,ORCL,0.0008952856803573842,1019005689.3306732
2021-09-30,PAYX,0.00016535754050038846,139845316.330719
2021-09-30,PFE,-0.00013417954756022102,997919416.9448853
2021-09-30,PG,0.0014682498512369607,907237480.0979614
2021-09-30,PNR,2.5549575741079956e-06,75042793.78890991
2021-09-30,QCOM,-0.000923026627763451,885070536.730957
2021-09-30,REGN,-0.00029133028809239046,422624585.8703613
2021-09-30,RMD,-0.00012585714900925507,145109805.33447266
2021-09-30,ROL,-5.5798345708504924e-05,44154433.40816498
2021-09-30,RVTY,-2.749307217689463e-06,127489755.52520752
2021-09-30,SNPS,-0.00017884301388007822,211160665.65551758
2021-09-30,SPGI,0.00017086989682969615,469792059.13594055
2021-09-30,SWKS,-0.00011564315631383071,204194011.88278198
2021-09-30,SYK,0.00012307695937546423,260142122.85308838
2021-09-30,TDY,-1.923070320120567e-05,126368486.24725342
2021-09-30,TECH,1.4302466828340903e-05,112583138.64593506
2021-09-30,TER,-7.532310591138835e-05,157234773.16589355
2021-09-30,TMO,0.001859338734490762,712038497.3724365
2021-09-30,TPR,-2.197942302963182e-05,117663417.82493591
2021-09-30,TRMB,-0.00014532830576619287,117015973.52676392
2021-09-30,TROW,-0.0002910120158395391,192377111.43875122
2021-09-30,TTWO,2.847552630297085e-05,160450465.1184082
2021-09-30,TXN,0.0011198848196999085,630379423.9685059
2021-09-30,TYL,9.674657357543713e-06,53505549.838256836
2021-09-30,UNP,-0.0004762249858387725,725113154.8072815
2021-09-30,VRSK,0.00016321088326236907,175430784.059906
2021-09-30,VRSN,2.0143676812018133e-05,87018328.80706787
2021-09-30,VRTX,-0.00016206814257082366,250304124.6963501
2021-09-30,ZBRA,-0.00018043128777829077,107139933.1451416
2021-09-30,ZTS,8.959181480103044e-05,283766601.92871094
2021-11-01,ABT,0.0008781980329444182,572774963.293457
2021-11-01,ACN,0.0013631791382436136,555263657.9315186
2021-11-01,ADBE,0.002094034665169102,1191195463.5986328
2021-11-01,ADI,-4.635672429223383e-05,492833503.0975342
2021-11-01,ADSK,0.0003869872268026887,265093349.4644165
2021-11-01,AKAM,-5.4489403052773245e-05,117066145.42427063
2021-11-01,ALGN,-0.000494965278886119,452903624.74975586
2021-11-01,AMAT,0.00018027186506267695,764583214.7842407
2021-11-01,AME,5.9390302079024865e-05,109358922.4937439
2021-11-01,AMGN,-0.0007770365190705973,519366561.2434387
2021-11-01,AMT,0.00018981411910237028,373889918.5836792
2021-11-01,AOS,0.00013446950832387086,77597139.87884521
2021-11-01,AZO,-0.0001805843977750704,294170198.60839844
2021-11-01,BIIB,-0.0003911736250734373,289201025.56762695
2021-11-01,BX,0.001050056308102904,386201010.41259766
2021-11-01,CBOE,2.475067852269661e-05,49917470.83282471
2021-11-01,CCI,-2.6799124276513653e-05,353326875.2220154
2021-11-01,CDNS,0.0003713076126025134,180209833.5548401
2021-11-01,CHD,2.5397236843741587e-05,88139426.01394653
2021-11-01,CL,-0.0002070876086026534,326672208.52279663
2021-11-01,CME,0.0005934194360372683,265462366.96166992
2021-11-01,CPAY,-0.00018934844504370847,117188960.28747559
2021-11-01,CPRT,5.4957484877987705e-05,90686644.53582764
2021-11-01,CRM,0.001345411754664027,1131372597.7554321
2021-11-01,CSCO,-0.00032699118952962333,765729517.5647736
2021-11-01,CTAS,8.23474011021944e-05,125938013.86108398
2021-11-01,CTSH,2.792541447469094e-05,168399475.86250305
2021-11-01,DGX,-6.011485928148733e-05,175087486.38153076
2021-11-01,DHR,-0.0003453615178448631,629172887.408844
2021-11-01,EBAY,0.0002412066641981894,375698378.40270996
2021-11-01,EL,0.0003640341930071008,325542794.4366455
2021-11-01,FAST,8.131586571449617e-05,132497277.79483795
2021-11-01,FDS,9.060976932842297e-05,77708134.13391113
2021-11-01,FFIV,1.9370745987009903e-05,67040747.703552246
2021-11-01,FICO,-4.4942438704002885e-05,84240072.7935791
2021-11-01,FIS,-0.0009110722481326591,362583004.46014404
2021-11-01,FISV,-0.0009009685663809545,291870797.5883484
2021-11-01,FTV,4.5617412584861424e-05,141062779.64113617
2021-11-01,GEN,-5.010431539572563e-05,60528276.541900635
2021-11-01,GNRC,0.0004070979927269587,235426830.25512695
2021-11-01,GPN,-0.0005726035620290462,244729628.59039307
2021-11-01,GRMN,-0.00031955680075750536,96444408.2321167
2021-11-01,ICE,0.0009260842873717069,279930005.72280884
2021-11-01,IDXX,0.00012687111702985084,162649043.9819336
2021-11-01,IEX,4.385408095910646e-05,65136618.12515259
2021-11-01,ILMN,-0.0001076681936128367,286512346.25413513
2021-11-01,INTC,-0.0024000297189407105,1381082248.2637405
2021-11-01,INTU,0.0015213439720854344,570559296.6796875
2021-11-01,IR,4.159170279638587e-05,84330108.31604004
2021-11-01,ISRG,0.00015776781907387823,535737793.46313477
2021-11-01,ITW,0.00034055135041003055,187383180.00030518
2021-11-01,IVZ,9.469707016408974e-06,90922038.94262314
2021-11-01,JKHY,-3.263938661621723e-05,53133779.17175293
2021-11-01,JNJ,-0.0013723392084315084,1038440525.3234863
2021-11-01,KEYS,0.0001421205678864986,112329087.1887207
2021-11-01,KO,0.0006059493539918512,747258524.8191833
2021-11-01,MCD,-0.0004166115065367161,636828959.2529297
2021-11-01,MCO,0.0005609980510456383,197660921.0144043
2021-11-01,META,-0.007928972526871927,9070919045.951843
2021-11-01,MMM,-0.00019392683378116442,385780538.3951874
2021-11-01,MNST,-9.122207265991906e-05,191561245.92590332
2021-11-01,MPWR,7.776098653702228e-05,117757714.13574219
2021-11-01,MRNA,-0.0020118975957801617,2925962634.1323853
2021-11-01,MSCI,0.00021738426598568762,157210937.8692627
2021-11-01,MSI,9.009193741730875e-05,139005031.930542
2021-11-01,MTD,8.875231377265553e-05,101362333.81347656
2021-11-01,NDSN,2.846925963148313e-05,36615707.51647949
2021-11-01,NEM,-0.00019259594317177445,316388203.7715912
2021-11-01,NOW,0.0001670081868573258,692804521.4653015
2021-11-01,NSC,0.0009690000032222318,315561329.11987305
2021-11-01,NXPI,-9.312720935816202e-05,394298543.0465698
2021-11-01,ODFL,0.00022236689955420792,165176221.7300415
2021-11-01,ORCL,0.0012393188043953035,708197322.1401215
2021-11-01,PAYX,0.00018721518495615642,149549037.05673218
2021-11-01,PFE,-0.0005890718030909653,923513272.4411011
2021-11-01,PG,-0.0006951466634807224,891420821.1647034
2021-11-01,PNR,-2.7746074096968512e-05,84668882.15637207
2021-11-01,QCOM,-0.0001664828367698365,830718509.7358704
2021-11-01,REGN,8.139602965373787e-05,475279833.6639404
2021-11-01,RMD,-0.00015961092143134802,154681438.6871338
2021-11-01,ROL,-7.284200806431424e-05,35118494.997787476
2021-11-01,RVTY,-4.0666166363248664e-05,88643738.74511719
2021-11-01,SNPS,0.00027844273918491407,181815738.14086914
2021-11-01,SPGI,0.0006166210835178987,530505128.43037415
2021-11-01,SWKS,-7.294230187517101e-05,214979876.25732422
2021-11-01,SYK,-0.00031583806103448187,266276673.17504883
2021-11-01,TDY,1.998240581394233e-06,104332778.12805176
2021-11-01,TECH,1.5260834416581796e-05,69004425.61035156
2021-11-01,TER,0.00035819231165456046,150311722.28126526
2021-11-01,TMO,0.0012932348673469624,619700563.1378174
2021-11-01,TPR,7.95439224743409e-06,98165838.50078583
2021-11-01,TRMB,3.293669061306295e-05,59382505.91773987
2021-11-01,TROW,0.00023585713321861313,209836276.1856079
2021-11-01,TTWO,0.0002060012579350142,187280599.40338135
2021-11-01,TXN,-0.0010995924452651025,684905789.087677
2021-11-01,TYL,0.00023739182078661922,68793120.49255371
2021-11-01,UNP,0.00219260157698818,595019731.0218811
2021-11-01,VRSK,1.6329277001232972e-05,134169053.2295227
2021-11-01,VRSN,8.659629585305124e-05,82384879.72106934
2021-11-01,VRTX,-0.00010397403691168091,266047701.1871338
2021-11-01,ZBRA,-2.0652479008047113e-05,107891380.8883667
2021-11-01,ZTS,0.0005691973857837162,245777516.8624878
2021-11-30,ABT,-0.0004915636421839592,634173657.522583
2021-11-30,ACN,-7.552678503079668e-05,760054478.9306641
2021-11-30,ADBE,0.0008367128796039347,1305448855.783081
2021-11-30,ADI,0.00022349456094207434,470201787.6686096
2021-11-30,ADSK,-0.0012381201478983556,405819937.33062744
2021-11-30,AKAM,0.00010516174389815303,158164633.95500183
2021-11-30,ALGN,-8.918328135412885e-05,284434315.36865234
2021-11-30,AMAT,0.0008596979625196503,1077812441.5397644
2021-11-30,AME,8.468105933113384e-05,127662655.3199768
2021-11-30,AMGN,-0.0004140989413744193,601072430.9165955
2021-11-30,AMT,-0.0007683309366800159,409195541.25213623
2021-11-30,AOS,8.67607427423834e-05,66888878.577804565
2021-11-30,AZO,6.616280619037252e-05,253782214.73999023
2021-11-30,BIIB,-0.0004188671066141466,278665057.83081055
2021-11-30,BX,0.00018984121778025526,430908893.1838989
2021-11-30,CBOE,-2.838022814405524e-05,72955172.2114563
2021-11-30,CCI,5.324847594423681e-05,243619299.82757568
2021-11-30,CDNS,0.00010889778083484399,200077245.19424438
2021-11-30,CHD,4.57538674403621e-05,84871529.98352051
2021-11-30,CL,-8.727250375459641e-05,260163465.39421082
2021-11-30,CME,5.35612224484075e-07,266024916.1705017
2021-11-30,CPAY,-0.0002995290988239861,158381843.18466187
2021-11-30,CPRT,-5.32445152949838e-05,128131943.34030151
2021-11-30,CRM,-0.0011995161573402809,1236123961.364746
2021-11-30,CSCO,-0.0004196247703336896,1082019955.2062988
2021-11-30,CTAS,-2.5046542102743694e-05,130211494.79675293
2021-11-30,CTSH,-4.406738858682337e-06,178832776.67770386
2021-11-30,DGX,2.337310924965092e-05,182036191.15905762
2021-11-30,DHR,0.0005573705152429539,836700867.4302673
2021-11-30,EBAY,-0.0005626899915848619,461815912.58354187
2021-11-30,EL,0.00025587934023948294,378185438.05389404
2021-11-30,FAST,5.3706015614189565e-05,152109312.16449738
2021-11-30,FDS,8.293363891597036e-05,88909695.2758789
2021-11-30,FFIV,8.052857087428064e-05,103712868.17321777
2021-11-30,FICO,-0.00016450577252931733,147419023.4375
2021-11-30,FIS,-0.0003468805012021674,486745791.1354065
2021-11-30,FISV,-0.00011854327776405008,574976842.918396
2021-11-30,FTV,-4.133265817161838e-05,114983367.23299026
2021-11-30,GEN,-3.069163729477794e-05,106791871.09279633
2021-11-30,GNRC,-0.00043798578829886813,269687033.53118896
2021-11-30,GPN,-0.0006350701269867256,445942359.7679138
2021-11-30,GRMN,-0.00017099255660716576,115960099.24316406
2021-11-30,ICE,-0.0003849629179660764,298681346.2020874
2021-11-30,IDXX,-0.0004405210968026242,201530349.1821289
2021-11-30,IEX,1.4055375422768407e-05,50471199.01123047
2021-11-30,ILMN,-0.0006274434263649096,323494684.9939728
2021-11-30,INTC,7.60574354838374e-05,1325699659.4486237
2021-11-30,INTU,0.0006429979005545712,846331869.708252
2021-11-30,IR,0.0001710565582498662,118829181.7565918
2021-11-30,ISRG,-0.0003845626003744834,454924331.4956665
2021-11-30,ITW,0.00012199305225755585,203917069.98138428
2021-11-30,IVZ,-0.0001256212872612775,71065458.2695961
2021-11-30,JKHY,-9.975001054253062e-05,99300413.25683594
2021-11-30,JNJ,-0.0016436606417294386,1222504141.3642883
2021-11-30,KEYS,0.00024386036979779247,176470090.0756836
2021-11-30,KO,-0.0015035235360528927,727540646.727562
2021-11-30,MCD,-5.9940041390531273e-05,609435625.4692078
2021-11-30,MCO,-0.00022615515340345966,236885310.15014648
2021-11-30,META,0.00024638324455748817,6564304464.573669
2021-11-30,MMM,-0.00036980984347074856,361795340.7978668
2021-11-30,MNST,-1.4122556551237264e-05,196216897.87139893
2021-11-30,MPWR,0.00011324816446899076,141492633.59985352
2021-11-30,MRNA,0.0002588377747254813,2159097441.899872
2021-11-30,MSCI,-0.0002593253123212144,179570788.3178711
2021-11-30,MSI,6.999270729349727e-05,162782052.79388428
2021-11-30,MTD,7.011140096662436e-05,137663734.86328125
2021-11-30,NDSN,1.7533801578532848e-07,28254265.58227539
2021-11-30,NEM,6.631579896383688e-05,288464421.06056213
2021-11-30,NOW,-0.00017398484844380595,569569398.3650208
2021-11-30,NSC,-0.0006218556958631303,262336643.1137085
2021-11-30,NXPI,0.0005693722446093834,525204678.5560608
2021-11-30,ODFL,7.236253696925755e-05,188372077.6123047
2021-11-30,ORCL,-0.0012971514728560979,590723995.3292847
2021-11-30,PAYX,-0.0001298060171205117,134300317.9840088
2021-11-30,PFE,0.005011839797468869,1937623407.4943542
2021-11-30,PG,0.00037506756205154396,925112142.8222656
2021-11-30,PNR,-3.906156756709961e-06,61858099.351882935
2021-11-30,PTC,0.0011425829637216958,94841721.02432251
2021-11-30,QCOM,0.004689478174072618,2070510744.0101624
2021-11-30,REGN,-3.35389450919505e-05,406019202.7862549
2021-11-30,RMD,-0.0001037506680985319,124970822.68371582
2021-11-30,ROL,-8.498761360978464e-05,39477973.34365845
2021-11-30,RVTY,5.2945021920777465e-05,147216608.72268677
2021-11-30,SNPS,0.00010717325748159454,183577863.1790161
2021-11-30,SPGI,-0.00037130914878193144,612283002.6855469
2021-11-30,SWKS,-0.00023151703998067295,299434580.5053711
2021-11-30,SYK,-0.0009944814934214272,298813035.9298706
2021-11-30,TDY,-0.00011126577746745536,88490999.90234375
2021-11-30,TECH,-4.4643394608417204e-05,100314543.84765625
2021-11-30,TER,0.00021672518833587128,168939834.24682617
2021-11-30,TMO,-3.7531767563894758e-06,796886468.0297852
2021-11-30,TPR,2.856216542736602e-05,162005462.1219635
2021-11-30,TRMB,-3.3066270113067545e-05,102660769.17800903
2021-11-30,TROW,-0.0003473994726963456,182171951.6921997
2021-11-30,TTWO,-0.00015457039889238563,242381897.3876953
2021-11-30,TXN,0.0004093306216064012,847766128.250885
2021-11-30,TYL,-8.915567523315893e-05,83244589.21508789
2021-11-30,UNP,-0.00034108262630213465,566738011.9789124
2021-11-30,VRSK,0.0002121995672860217,173341157.39746094
2021-11-30,VRSN,0.00017457123809348687,124157901.4328003
2021-11-30,VRTX,4.73967076662753e-05,312862839.2562866
2021-11-30,ZBRA,0.0002636185991623987,122224500.70495605
2021-11-30,ZTS,0.00024897735633369264,305019907.8338623
2021-12-31,A,0.004062944761639521,225702405.1322937
2021-12-31,ABT,0.0011913226480165413,688596389.8277283
2021-12-31,ACN,0.0020195327175134385,817269441.3574219
2021-12-31,ADBE,-0.0056656468091702585,1931840172.277832
2021-12-31,ADI,0.0018540876480974376,562459842.3675537
2021-12-31,ADSK,0.00023580463226270058,340288111.15722656
2021-12-31,AKAM,-2.716657160843714e-05,117979152.14233398
2021-12-31,ALGN,7.542079993237867e-05,302966099.2767334
2021-12-31,AMAT,-0.00014430207836124177,909462087.4473572
2021-12-31,AME,5.601307247345144e-05,99710392.06161499
2021-12-31,AMGN,0.0007278112181262082,584160230.8113098
2021-12-31,AMT,0.0005727848176371071,406095891.5283203
2021-12-31,AOS,3.242109780056423e-05,63223835.95466614
2021-12-31,AZO,0.00034082868421787295,325021814.5751953
2021-12-31,BIIB,-0.00011613023360670244,292450424.6749878
2021-12-31,BX,-0.0011747800711105127,535109336.9029999
2021-12-31,CBOE,-5.2192598678357707e-05,66701867.24319458
2021-12-31,CCI,0.0006138496044772396,262838082.50732422
2021-12-31,CDNS,-2.5003597667155354e-05,226300221.21505737
2021-12-31,CHD,0.00017228743052307175,139904064.20135498
2021-12-31,CL,0.0004377464288571114,338261420.7260132
2021-12-31,CME,-0.0001338083856918873,231314325.15945435
2021-12-31,CPAY,3.590137006373125e-05,118892403.62091064
2021-12-31,CPRT,-8.398666777255544e-06,106469546.01745605
2021-12-31,CRM,-0.0036253540712595754,1240490769.5037842
2021-12-31,CSCO,0.0019381442112377766,1142983322.6531982
2021-12-31,CTAS,-5.92041766992455e-06,234630300.14801025
2021-12-31,CTSH,0.00028432489990527993,185445868.39065552
2021-12-31,DGX,0.00018325994098595394,173141974.55749512
2021-12-31,DHR,-0.0005667879014091652,693730998.0027313
2021-12-31,EBAY,-0.0002734322302470394,421093335.4690552
2021-12-31,EL,0.0006051704295769733,366751387.64038086
2021-12-31,FAST,3.8009148613534546e-05,160880154.7077179
2021-12-31,FDS,-2.8027447522080938e-05,109418373.8861084
2021-12-31,FFIV,2.2310071468845593e-05,89188281.16836548
2021-12-31,FICO,0.00014108957831667217,129865566.09191895
2021-12-31,FIS,-6.400555215052388e-05,471428725.3009796
2021-12-31,FISV,0.00010689725179398573,385198344.3386078
2021-12-31,FTV,-3.697930922192446e-05,108108963.47330475
2021-12-31,GEN,-1.2895115406224688e-05,71329979.98437881
2021-12-31,GNRC,-0.0004992273826633885,275015454.28466797
2021-12-31,GPN,0.00023790124569525754,312380499.62272644
2021-12-31,GRMN,-7.846076526195692e-05,92775480.78689575
2021-12-31,ICE,-6.0609291569714216e-05,232945122.0588684
2021-12-31,IDXX,0.00011725136950653785,207107488.56506348
2021-12-31,IEX,-5.583253515459253e-06,66674097.88131714
2021-12-31,ILMN,-6.440399136700865e-05,394248998.5098572
2021-12-31,INTC,-0.00015732855039664317,1593499763.2457733
2021-12-31,INTU,-0.0010514974720194845,926943771.3867188
2021-12-31,IR,9.091409926771914e-06,109347626.12380981
2021-12-31,ISRG,0.0001663096520022134,514542696.54541016
2021-12-31,ITW,4.346750702722852e-05,216008610.2256775
2021-12-31,IVZ,-2.1761297306176447e-05,75456540.72990417
2021-12-31,JKHY,4.370519051926226e-05,66717344.592285156
2021-12-31,JNJ,0.0014389880072832525,1332194605.2017212
2021-12-31,KEYS,-1.694056434721437e-05,193486279.5639038
2021-12-31,KO,0.001390899261990118,1059617247.6425171
2021-12-31,MCD,0.0006163213043381827,686793629.2419434
2021-12-31,MCO,-0.0003504816237377582,197166753.46984863
2021-12-31,META,-0.0015353833805300532,5946516061.3220215
2021-12-31,MMM,-7.927919450967554e-05,343504318.60417175
2021-12-31,MNST,8.411742685440413e-05,143474206.23207092
2021-12-31,MPWR,-0.0003477888525591378,158319211.277771
2021-12-31,MRNA,-0.003972734339664422,2542782805.366516
2021-12-31,MSCI,-0.00036229121042610345,179864425.57983398
2021-12-31,MSI,6.165661864524722e-05,164020547.9309082
2021-12-31,MTD,0.00019413947006126798,128844636.58447266
2021-12-31,NDSN,-6.292554220840591e-05,52405038.16604614
2021-12-31,NEM,0.0002709767092515863,346075677.709198
2021-12-31,NOW,-0.00011525814473197079,653216037.9333496
2021-12-31,NSC,0.00037306075310256526,291025769.1543579
2021-12-31,NXPI,-0.00019391790970308981,383916919.01397705
2021-12-31,ODFL,-8.242318782283506e-05,217324748.5305786
2021-12-31,ORCL,-0.002043977347591746,900376907.4188232
2021-12-31,PAYX,0.00032181692470427967,182326152.30407715
2021-12-31,PFE,0.0010945649180081236,2225949787.4298096
2021-12-31,PG,0.0023870093943388626,1235246793.9971924
2021-12-31,PNR,-6.707661587245081e-05,79945773.53439331
2021-12-31,PTC,5.3548669440532356e-05,95149722.02453613
2021-12-31,QCOM,-0.0007411237505453167,1321828831.7871094
2021-12-31,REGN,-0.0003948867759867381,454878357.16552734
2021-12-31,RMD,-0.00010634436492231629,102856387.17193604
2021-12-31,ROL,-3.8803856450207426e-05,77433407.67383575
2021-12-31,RVTY,8.201336197324969e-05,161776329.322052
2021-12-31,SNPS,0.00012147611215632126,280118266.5512085
2021-12-31,SPGI,-0.00017957581553441557,493416329.2177582
2021-12-31,SWKS,-7.001839114547347e-05,224713951.93634033
2021-12-31,SYK,0.0005613870820638054,341939327.14538574
2021-12-31,TDY,-5.273527281231998e-06,71016867.55828857
2021-12-31,TECH,1.545660976062335e-05,61209901.763916016
2021-12-31,TER,2.9195342545623032e-05,198464850.24642944
2021-12-31,TMO,-3.6494487972344586e-05,709627694.5404053
2021-12-31,TPR,-4.1696577753288274e-05,127724806.69116974
2021-12-31,TRMB,-7.389561940267849e-05,80794340.19622803
2021-12-31,TROW,-0.00028299202976211696,195065907.6675415
2021-12-31,TTWO,2.4608982045739832e-05,148169964.96124268
2021-12-31,TXN,-0.0011549647535120406,809624532.535553
2021-12-31,TYL,-3.548148915730968e-05,75372929.36706543
2021-12-31,UNP,0.00017384939639960434,526113440.8859253
2021-12-31,VRSK,-0.00012009361310017256,199440416.3154602
2021-12-31,VRSN,4.336108873398328e-06,135481946.19369507
2021-12-31,VRTX,0.0004856345818024929,334588900.94833374
2021-12-31,ZBRA,-0.00012086978730323,147903134.0270996
2021-12-31,ZTS,0.00038194994133778845,274789184.349823
2022-01-21,A,-0.004062944761639521,258963221.86431885
2022-01-21,AAPL,-0.10000000000000002,14739879748.271942
2022-01-21,ABT,-0.02118185968518743,773220993.5455322
2022-01-21,ACN,-0.022563857043885385,973525588.8885498
2022-01-21,ADBE,-0.022889146230884925,1627239944.8013306
2022-01-21,ADI,-0.007781128549334089,615394550.3448486
2022-01-21,ADSK,-0.005203520620444764,347282307.27996826
2022-01-21,AKAM,-0.0016047703174955404,115603993.9792633
2022-01-21,ALGN,-0.0043672311056210545,439245064.15405273
2022-01-21,AMAT,-0.011828352854560919,1047844949.7032166
2022-01-21,AME,-0.0028560872637088137,117130431.51397705
2022-01-21,AMGN,-0.010963339716026789,495994092.55752563
2022-01-21,AMT,-0.010952079199009219,501794054.838562
2022-01-21,AOS,-0.001176351155017767,70897888.56658936
2022-01-21,AZO,-0.004027661135524521,270531852.4169922
2022-01-21,BIIB,-0.0030811758487592033,378838360.83602905
2022-01-21,BX,-0.007602553231340817,486550002.8076172
2022-01-21,CBOE,-0.0011790767901771952,59252021.5549469
2022-01-21,CCI,-0.0075813758819984305,306108384.94262695
2022-01-21,CDNS,-0.004380330033874064,232983788.1652832
2022-01-21,CHD,-0.002178381882057613,152106945.5810547
2022-01-21,CL,-0.006111984551849791,360793712.3451233
2022-01-21,CME,-0.006902294525457335,249232363.92822266
2022-01-21,CPAY,-0.001578165739423357,128804537.55111694
2022-01-21,CPRT,-0.0007570700325111198,128030708.8546753
2022-01-21,CRM,-0.01968051798842162,1352953576.7356873
2022-01-21,CSCO,-0.022519169480007147,1131164082.900238
2022-01-21,CTAS,-0.0009715498092685058,230009640.0466919
2022-01-21,CTSH,-0.003962437976623808,224438277.3010254
2022-01-21,DGX,-0.0019827829207561434,143774498.08044434
2022-01-21,DHR,-0.017475703819856605,892745979.3013916
2022-01-21,EBAY,-0.0038330352715526803,395744949.88536835
2022-01-21,EL,-0.011486435587437371,384877642.91534424
2022-01-21,FAST,-0.0015497248694053768,171907155.81798553
2022-01-21,FDS,-0.001540551376730792,118046340.35644531
2022-01-21,FFIV,-0.0012507252680586632,85962856.99768066
2022-01-21,FICO,-0.0010074644311087214,104549441.25061035
2022-01-21,FIS,-0.005767085041511218,358487993.7839508
2022-01-21,FISV,-0.005977169323538793,361772499.9786377
2022-01-21,FTV,-0.0016370048342006643,162637010.38352394
2022-01-21,GEN,-0.0012697908734156079,66439625.31270981
2022-01-21,GNRC,-0.0018901908371764635,246285524.97558594
2022-01-21,GPN,-0.003398427387436203,295162741.60995483
2022-01-21,GRMN,-0.0021982458731117428,103855915.96069336
2022-01-21,ICE,-0.006465748241477572,255228983.80126953
2022-01-21,IDXX,-0.004741343993658379,238917745.4864502
2022-01-21,IEX,-0.0015214543233385029,67905940.78063965
2022-01-21,ILMN,-0.004553139760462782,320691445.2481079
2022-01-21,INTC,-0.017628372412652683,1641018177.5686264
2022-01-21,INTU,-0.014810199817766819,965294623.223877
2022-01-21,IR,-0.0021825954817678715,88011873.2055664
2022-01-21,ISRG,-0.0035636802805924066,566445107.963562
2022-01-21,ITW,-0.006586554545666314,195236429.8828125
2022-01-21,IVZ,-0.0008905897436204028,91783599.74708557
2022-01-21,JKHY,-0.0010646586924600494,81661405.04074097
2022-01-21,JNJ,-0.038500294273908366,1035396528.9001465
2022-01-21,KEYS,-0.003254226297481059,188562463.49716187
2022-01-21,KO,-0.02156976226743403,1110244401.4266968
2022-01-21,MCD,-0.016944644443755638,659727887.3718262
2022-01-21,MCO,-0.006230539716054322,208763494.54193115
2022-01-21,META,-0.0818565991734435,5404780978.619385
2022-01-21,MMM,-0.007230858820231424,392214521.870018
2022-01-21,MNST,-0.0010684911593635772,177426525.55656433
2022-01-21,MPWR,-0.0018818469361539815,161377268.65844727
2022-01-21,MRNA,-0.008535054741584887,1935445254.2282104
2022-01-21,MSCI,-0.004263301691602186,296436498.7487793
2022-01-21,MSFT,-0.10000000000000002,10710495549.015808
2022-01-21,MSI,-0.003878538730026845,149213183.67919922
2022-01-21,MTD,-0.003356972589704266,162111459.0637207
2022-01-21,NDSN,-0.0012509629473617322,39565911.62109375
2022-01-21,NEM,-0.004181064051291766,336052791.0100937
2022-01-21,NOW,-0.002142513937001026,966156984.3788147
2022-01-21,NSC,-0.0063244512922509,283240468.06640625
2022-01-21,NXPI,-0.005447620159521774,393960974.2301941
2022-01-21,ODFL,-0.0017675789292097438,289547186.3769531
2022-01-21,ORCL,-0.020680233766418903,685053091.0102844
2022-01-21,PAYX,-0.00413865170340732,230959724.82032776
2022-01-21,PFE,-0.028025128403818607,1900449423.0531693
2022-01-21,PG,-0.035853836157023256,1261666064.125061
2022-01-21,PNR,-0.0010219759656268964,71467133.38851929
2022-01-21,PTC,-0.0011961316331622282,58203414.517211914
2022-01-21,QCOM,-0.017336444929581675,1582500989.8757935
2022-01-21,REGN,-0.006125302124824588,392167135.9863281
2022-01-21,RMD,-0.003197017864249783,104276561.05041504
2022-01-21,ROL,-0.0014172310495788806,60296789.74084854
2022-01-21,RVTY,-0.0018991427535446912,165241744.36645508
2022-01-21,SNPS,-0.004753023314528099,263848436.49139404
2022-01-21,SPGI,-0.009052390409231673,595570287.5721741
2022-01-21,SWKS,-0.0021610345364644528,243827240.04135132
2022-01-21,SYK,-0.008570088373179073,344274540.12298584
2022-01-21,TDY,-0.0013604121992239321,75397537.40844727
2022-01-21,TECH,-0.0004245704490969606,100234313.84735107
2022-01-21,TER,-0.002289244964237417,225422166.32080078
2022-01-21,TMO,-0.022434687869814264,1074392221.8017578
2022-01-21,TPR,-0.0009562531925487706,105660454.10900116
2022-01-21,TRMB,-0.0018427197501410626,88348297.00965881
2022-01-21,TROW,-0.003831111242132369,207991220.65963745
2022-01-21,TTWO,-0.001724703107712832,265424920.09887695
2022-01-21,TXN,-0.01481797800276701,862862319.6380615
2022-01-21,TYL,-0.0018824657788594646,87973808.57543945
2022-01-21,UNP,-0.014252623592263569,617356247.89505
2022-01-21,VRSK,-0.0031382630386003712,192574098.55651855
2022-01-21,VRSN,-0.0024270122914340935,119367947.66845703
2022-01-21,VRTX,-0.004809356662372519,341498250.6866455
2022-01-21,ZBRA,-0.002704104510429802,172281439.05029297
2022-01-21,ZTS,-0.009774449787472795,480238766.8121338
2022-01-24,A,0.004062944761639521,263766324.18823242
2022-01-24,AAPL,0.10000000000000002,14984145770.521545
2022-01-24,ABT,0.02118185968518743,789362148.1796265
2022-01-24,ACN,0.022563857043885385,999465346.5911865
2022-01-24,ADBE,0.022889146230884925,1699838918.8735962
2022-01-24,ADI,0.007781128549334089,626631934.2132568
2022-01-24,ADSK,0.005203520620444764,364246006.91833496
2022-01-24,AKAM,0.0016047703174955404,123506680.31806946
2022-01-24,ALGN,0.0043672311056210545,466725543.06640625
2022-01-24,AMAT,0.011828352854560919,1075861967.906952
2022-01-24,AME,0.0028560872637088137,118891442.28973389
2022-01-24,AMGN,0.010963339716026789,514768716.204834
2022-01-24,AMT,0.010952079199009219,517180486.12823486
2022-01-24,AOS,0.001176351155017767,75287642.97828674
2022-01-24,AZO,0.004027661135524521,278801805.48095703
2022-01-24,BIIB,0.0030811758487592033,391193859.0072632
2022-01-24,BX,0.007602553231340817,486550002.8076172
2022-01-24,CBOE,0.0011790767901771952,60569340.29350281
2022-01-24,CCI,0.0075813758819984305,325342170.5093384
2022-01-24,CDNS,0.004380330033874064,243653927.14233398
2022-01-24,CHD,0.002178381882057613,160423972.5479126
2022-01-24,CL,0.006111984551849791,371851445.2869415
2022-01-24,CME,0.006902294525457335,271823790.0024414
2022-01-24,CPAY,0.001578165739423357,129557975.48904419
2022-01-24,CPRT,0.0007570700325111198,133532115.0024414
2022-01-24,CRM,0.01968051798842162,1399455183.4625244
2022-01-24,CSCO,0.022519169480007147,1175284315.787506
2022-01-24,CTAS,0.0009715498092685058,230009640.0466919
2022-01-24,CTSH,0.003962437976623808,226562253.96614075
2022-01-24,DGX,0.0019827829207561434,154483906.97479248
2022-01-24,DHR,0.017475703819856605,942771918.3308411
2022-01-24,EBAY,0.0038330352715526803,397007676.9636154
2022-01-24,EL,0.011486435587437371,404746472.09472656
2022-01-24,FAST,0.0015497248694053768,181206156.09474182
2022-01-24,FDS,0.001540551376730792,119624628.44848633
2022-01-24,FFIV,0.0012507252680586632,87123682.09762573
2022-01-24,FICO,0.0010074644311087214,107241251.6998291
2022-01-24,FIS,0.005767085041511218,359950341.8876648
2022-01-24,FISV,0.005977169323538793,371443908.5472107
2022-01-24,FTV,0.0016370048342006643,173976087.3148861
2022-01-24,GEN,0.0012697908734156079,70548161.82909012
2022-01-24,GNRC,0.0018901908371764635,273846637.20092773
2022-01-24,GPN,0.003398427387436203,320437082.497406
2022-01-24,GRMN,0.0021982458731117428,108767324.73754883
2022-01-24,ICE,0.006465748241477572,274643032.39364624
2022-01-24,IDXX,0.004741343993658379,271682671.4904785
2022-01-24,IEX,0.0015214543233385029,67905940.78063965
2022-01-24,ILMN,0.004553139760462782,354560696.09562683
2022-01-24,INTC,0.017628372412652683,1660482849.410057
2022-01-24,INTU,0.014810199817766819,998628193.0633545
2022-01-24,IR,0.0021825954817678715,93863277.20146179
2022-01-24,ISRG,0.0035636802805924066,567604863.7313843
2022-01-24,ITW,0.006586554545666314,198148658.23745728
2022-01-24,IVZ,0.0008905897436204028,95517781.83383942
2022-01-24,JKHY,0.0010646586924600494,86386197.54257202
2022-01-24,JNJ,0.038500294273908366,1096988297.2610474
2022-01-24,KEYS,0.003254226297481059,190372308.23135376
2022-01-24,KO,0.02156976226743403,1154414517.388916
2022-01-24,MCD,0.016944644443755638,666823480.255127
2022-01-24,MCO,0.006230539716054322,218841332.22961426
2022-01-24,META,0.0818565991734435,5512205041.905212
2022-01-24,MMM,0.007230858820231424,406932043.7454071
2022-01-24,MNST,0.0010684911593635772,191114869.61021423
2022-01-24,MPWR,0.0018818469361539815,170972514.31884766
2022-01-24,MRNA,0.008535054741584887,1935445254.2282104
2022-01-24,MSCI,0.004263301691602186,297558604.7973633
2022-01-24,MSFT,0.10000000000000002,10844905739.230347
2022-01-24,MSI,0.003878538730026845,152635858.1817627
2022-01-24,MTD,0.003356972589704266,166351683.50219727
2022-01-24,NDSN,0.0012509629473617322,42212181.69250488
2022-01-24,NEM,0.004181064051291766,336052791.0100937
2022-01-24,NOW,0.002142513937001026,977854660.0265503
2022-01-24,NSC,0.0063244512922509,283240468.06640625
2022-01-24,NXPI,0.005447620159521774,398868914.7262573
2022-01-24,ODFL,0.0017675789292097438,297853217.5689697
2022-01-24,ORCL,0.020680233766418903,685053091.0102844
2022-01-24,PAYX,0.00413865170340732,230959724.82032776
2022-01-24,PFE,0.028025128403818607,1900449423.0531693
2022-01-24,PG,0.035853836157023256,1402853665.8554077
2022-01-24,PNR,0.0010219759656268964,73819560.02159119
2022-01-24,PTC,0.0011961316331622282,64905765.27557373
2022-01-24,QCOM,0.017336444929581675,1641966508.4632874
2022-01-24,REGN,0.006125302124824588,402352671.5698242
2022-01-24,RMD,0.003197017864249783,104276561.05041504
2022-01-24,ROL,0.0014172310495788806,61613798.46534729
2022-01-24,RVTY,0.0018991427535446912,174630122.65625
2022-01-24,SNPS,0.004753023314528099,269921765.8920288
2022-01-24,SPGI,0.009052390409231673,595570287.5721741
2022-01-24,SWKS,0.0021610345364644528,253158433.493042
2022-01-24,SYK,0.008570088373179073,344274540.12298584
2022-01-24,TDY,0.0013604121992239321,77301752.72979736
2022-01-24,TECH,0.0004245704490969606,108191491.7678833
2022-01-24,TER,0.002289244964237417,225422166.32080078
2022-01-24,TMO,0.022434687869814264,1102246339.3432617
2022-01-24,TPR,0.0009562531925487706,110799149.85790253
2022-01-24,TRMB,0.0018427197501410626,94011963.53340149
2022-01-24,TROW,0.003831111242132369,216353018.78738403
2022-01-24,TTWO,0.001724703107712832,329679721.1830139
2022-01-24,TXN,0.01481797800276701,906640346.950531
2022-01-24,TYL,0.0018824657788594646,90010269.08569336
2022-01-24,UNP,0.014252623592263569,634752972.5105286
2022-01-24,VRSK,0.0031382630386003712,197786093.07403564
2022-01-24,VRSN,0.0024270122914340935,120353266.14227295
2022-01-24,VRTX,0.004809356662372519,363156983.09555054
2022-01-24,ZBRA,0.002704104510429802,172281439.05029297
2022-01-24,ZTS,0.009774449787472795,486377823.49090576
2022-01-25,A,-0.004062944761639521,263766324.18823242
2022-01-25,AAPL,-0.10000000000000002,15242016945.195007
2022-01-25,ABT,-0.02118185968518743,806109178.4790039
2022-01-25,ACN,-0.022563857043885385,1040624730.9539795
2022-01-25,ADBE,-0.022889146230884925,1768744883.0566406
2022-01-25,ADI,-0.007781128549334089,632422602.9891968
2022-01-25,ADSK,-0.005203520620444764,389050622.3678589
2022-01-25,AKAM,-0.0016047703174955404,134628334.7126007
2022-01-25,ALGN,-0.0043672311056210545,486023432.7392578
2022-01-25,AMAT,-0.011828352854560919,1274370744.8883057
2022-01-25,AME,-0.0028560872637088137,119995619.2276001
2022-01-25,AMGN,-0.010963339716026789,535587033.79364014
2022-01-25,AMT,-0.010952079199009219,519566984.82818604
2022-01-25,AOS,-0.001176351155017767,79243296.81816101
2022-01-25,AZO,-0.004027661135524521,286039840.88134766
2022-01-25,BIIB,-0.0030811758487592033,378838360.83602905
2022-01-25,BX,-0.007602553231340817,504225041.513443
2022-01-25,CBOE,-0.0011790767901771952,61462006.88972473
2022-01-25,CCI,-0.0075813758819984305,325342170.5093384
2022-01-25,CDNS,-0.004380330033874064,256908581.87408447
2022-01-25,CHD,-0.002178381882057613,172325161.83624268
2022-01-25,CL,-0.006111984551849791,376370226.26304626
2022-01-25,CME,-0.006902294525457335,289210776.95999146
2022-01-25,CPAY,-0.001578165739423357,130982117.77801514
2022-01-25,CPRT,-0.0007570700325111198,137409321.4111328
2022-01-25,CRM,-0.01968051798842162,1481316741.6351318
2022-01-25,CSCO,-0.022519169480007147,1213479734.803009
2022-01-25,CTAS,-0.0009715498092685058,249218644.27642822
2022-01-25,CTSH,-0.003962437976623808,233337865.35606384
2022-01-25,DGX,-0.0019827829207561434,154483906.97479248
2022-01-25,DHR,-0.017475703819856605,989167333.2049408
2022-01-25,EBAY,-0.0038330352715526803,407730063.9623642
2022-01-25,EL,-0.011486435587437371,477173429.8049927
2022-01-25,FAST,-0.0015497248694053768,194277266.74804688
2022-01-25,FDS,-0.001540551376730792,122018194.34051514
2022-01-25,FFIV,-0.0012507252680586632,91451535.43014526
2022-01-25,FICO,-0.0010074644311087214,107740017.38739014
2022-01-25,FIS,-0.005767085041511218,377089051.94625854
2022-01-25,FISV,-0.005977169323538793,377697801.52893066
2022-01-25,FTV,-0.0016370048342006643,180570155.46116638
2022-01-25,GEN,-0.0012697908734156079,71089199.7513771
2022-01-25,GNRC,-0.0018901908371764635,273846637.20092773
2022-01-25,GPN,-0.003398427387436203,320437082.497406
2022-01-25,GRMN,-0.0021982458731117428,113029003.29742432
2022-01-25,ICE,-0.006465748241477572,290766967.43240356
2022-01-25,IDXX,-0.004741343993658379,285808835.96191406
2022-01-25,IEX,-0.0015214543233385029,69665406.565094
2022-01-25,ILMN,-0.004553139760462782,388225636.2625122
2022-01-25,INTC,-0.017628372412652683,1740500719.0031052
2022-01-25,INTU,-0.014810199817766819,1027038492.1661377
2022-01-25,IR,-0.0021825954817678715,99049800.79536438
2022-01-25,ISRG,-0.0035636802805924066,583704797.7416992
2022-01-25,ITW,-0.006586554545666314,201626450.7133484
2022-01-25,IVZ,-0.0008905897436204028,97493958.87813568
2022-01-25,JKHY,-0.0010646586924600494,86853863.32397461
2022-01-25,JNJ,-0.038500294273908366,1181414517.4606323
2022-01-25,KEYS,-0.003254226297481059,199188552.69241333
2022-01-25,KO,-0.02156976226743403,1154546725.485611
2022-01-25,MCD,-0.016944644443755638,705821097.769165
2022-01-25,MCO,-0.006230539716054322,235976140.473938
2022-01-25,META,-0.0818565991734435,5512205041.905212
2022-01-25,MMM,-0.007230858820231424,409926984.4980469
2022-01-25,MNST,-0.0010684911593635772,214925954.54826355
2022-01-25,MPWR,-0.0018818469361539815,181686760.16235352
2022-01-25,MRNA,-0.008535054741584887,1906886009.262085
2022-01-25,MSCI,-0.004263301691602186,301180516.5527344
2022-01-25,MSFT,-0.10000000000000002,11649996741.390991
2022-01-25,MSI,-0.003878538730026845,158768345.67260742
2022-01-25,MTD,-0.003356972589704266,172888782.98950195
2022-01-25,NDSN,-0.0012509629473617322,43061073.49243164
2022-01-25,NEM,-0.004181064051291766,336052791.0100937
2022-01-25,NOW,-0.002142513937001026,1055046267.5323486
2022-01-25,NSC,-0.0063244512922509,292613549.2904663
2022-01-25,NXPI,-0.005447620159521774,413378224.3713379
2022-01-25,ODFL,-0.0017675789292097438,297853217.5689697
2022-01-25,ORCL,-0.020680233766418903,772246508.0078125
2022-01-25,PAYX,-0.00413865170340732,230959724.82032776
2022-01-25,PFE,-0.028025128403818607,1909065696.5162277
2022-01-25,PG,-0.035853836157023256,1503772309.1949463
2022-01-25,PNR,-0.0010219759656268964,76939752.7381897
2022-01-25,PTC,-0.0011961316331622282,70806543.95484924
2022-01-25,QCOM,-0.017336444929581675,1717199784.2414856
2022-01-25,REGN,-0.006125302124824588,405165356.5185547
2022-01-25,RMD,-0.003197017864249783,107540720.03631592
2022-01-25,ROL,-0.0014172310495788806,62944716.57752991
2022-01-25,RVTY,-0.0018991427535446912,174630122.65625
2022-01-25,SNPS,-0.004753023314528099,265563496.74224854
2022-01-25,SPGI,-0.009052390409231673,602716274.2492371
2022-01-25,SWKS,-0.0021610345364644528,258110558.15048218
2022-01-25,SYK,-0.008570088373179073,347949948.0560303
2022-01-25,TDY,-0.0013604121992239321,80164154.17022705
2022-01-25,TECH,-0.0004245704490969606,108191491.7678833
2022-01-25,TER,-0.002289244964237417,229527534.96170044
2022-01-25,TMO,-0.022434687869814264,1102246339.3432617
2022-01-25,TPR,-0.0009562531925487706,105660454.10900116
2022-01-25,TRMB,-0.0018427197501410626,102083013.78135681
2022-01-25,TROW,-0.003831111242132369,223783533.82492065
2022-01-25,TTWO,-0.001724703107712832,329679721.1830139
2022-01-25,TXN,-0.01481797800276701,935708455.4298401
2022-01-25,TYL,-0.0018824657788594646,92745126.02081299
2022-01-25,UNP,-0.014252623592263569,657400235.4995728
2022-01-25,VRSK,-0.0031382630386003712,197786093.07403564
2022-01-25,VRSN,-0.0024270122914340935,122954102.08129883
2022-01-25,VRTX,-0.004809356662372519,363156983.09555054
2022-01-25,ZBRA,-0.002704104510429802,172281439.05029297
2022-01-25,ZTS,-0.009774449787472795,490087549.7772217
2022-01-28,A,0.004062944761639521,282811252.9022217
2022-01-28,AAPL,0.10000000000000002,16602002409.448242
2022-01-28,ABT,0.02118185968518743,984443321.7830658
2022-01-28,ACN,0.022563857043885385,1082577301.3122559
2022-01-28,ADBE,0.022889146230884925,1926668918.4509277
2022-01-28,ADI,0.007781128549334089,647917508.0688477
2022-01-28,ADSK,0.005203520620444764,410857274.6246338
2022-01-28,AKAM,0.0016047703174955404,143764217.46139526
2022-01-28,ALGN,0.0043672311056210545,487411758.90808105
2022-01-28,AMAT,0.011828352854560919,1588128797.2610474
2022-01-28,AME,0.0028560872637088137,126148776.01013184
2022-01-28,AMGN,0.010963339716026789,593993596.2364197
2022-01-28,AMT,0.010952079199009219,553315271.3699341
2022-01-28,AOS,0.001176351155017767,91278665.14816284
2022-01-28,AZO,0.004027661135524521,307732527.8991699
2022-01-28,BIIB,0.0030811758487592033,368820795.7374573
2022-01-28,BX,0.007602553231340817,546697385.735321
2022-01-28,CBOE,0.0011790767901771952,63056427.782440186
2022-01-28,CCI,0.0075813758819984305,366160510.1448059
2022-01-28,CDNS,0.004380330033874064,281603624.16534424
2022-01-28,CHD,0.002178381882057613,204085017.8012848
2022-01-28,CL,0.006111984551849791,461287086.3922119
2022-01-28,CME,0.006902294525457335,368975088.43688965
2022-01-28,CPAY,0.001578165739423357,130982117.77801514
2022-01-28,CPRT,0.0007570700325111198,147658207.67288208
2022-01-28,CRM,0.01968051798842162,1792530228.0715942
2022-01-28,CSCO,0.022519169480007147,1420318644.9531555
2022-01-28,CTAS,0.0009715498092685058,264741226.52130127
2022-01-28,CTSH,0.003962437976623808,237033074.21646118
2022-01-28,DGX,0.0019827829207561434,188150355.393219
2022-01-28,DHR,0.017475703819856605,1131472366.0426178
2022-01-28,EBAY,0.0038330352715526803,425143403.0570984
2022-01-28,EL,0.011486435587437371,569095772.0779419
2022-01-28,FAST,0.0015497248694053768,194661671.94366455
2022-01-28,FDS,0.001540551376730792,122018194.34051514
2022-01-28,FFIV,0.0012507252680586632,123994151.84707642
2022-01-28,FICO,0.0010074644311087214,110661448.34136963
2022-01-28,FIS,0.005767085041511218,415461062.08114624
2022-01-28,FISV,0.005977169323538793,401950565.14816284
2022-01-28,FTV,0.0016370048342006643,180570155.46116638
2022-01-28,GEN,0.0012697908734156079,82708586.5272522
2022-01-28,GNRC,0.0018901908371764635,275375572.8027344
2022-01-28,GPN,0.003398427387436203,353667336.98883057
2022-01-28,GRMN,0.0021982458731117428,113029003.29742432
2022-01-28,ICE,0.006465748241477572,328643853.7162781
2022-01-28,IDXX,0.004741343993658379,302261796.73461914
2022-01-28,IEX,0.0015214543233385029,71857888.67416382
2022-01-28,ILMN,0.004553139760462782,396341762.8992462
2022-01-28,INTC,0.017628372412652683,2079366627.3273468
2022-01-28,INTU,0.014810199817766819,1048450303.4057617
2022-01-28,IR,0.0021825954817678715,113216212.46452332
2022-01-28,ISRG,0.0035636802805924066,674427227.5482178
2022-01-28,ITW,0.006586554545666314,247195150.18692017
2022-01-28,IVZ,0.0008905897436204028,106024965.23170471
2022-01-28,JKHY,0.0010646586924600494,89074676.81884766
2022-01-28,JNJ,0.038500294273908366,1279580225.6774902
2022-01-28,KEYS,0.003254226297481059,223866043.0015564
2022-01-28,KO,0.02156976226743403,1166513798.8462448
2022-01-28,MCD,0.016944644443755638,791650637.336731
2022-01-28,MCO,0.006230539716054322,266927100.35247803
2022-01-28,META,0.0818565991734435,6485957150.9765625
2022-01-28,MMM,0.007230858820231424,450268624.50118256
2022-01-28,MNST,0.0010684911593635772,223916018.6000824
2022-01-28,MPWR,0.0018818469361539815,191050646.36993408
2022-01-28,MRNA,0.008535054741584887,1805291334.8327637
2022-01-28,MSCI,0.004263301691602186,314346297.6501465
2022-01-28,MSFT,0.10000000000000002,12742261175.598145
2022-01-28,MSI,0.003878538730026845,180013343.45092773
2022-01-28,MTD,0.003356972589704266,177681552.49023438
2022-01-28,NDSN,0.0012509629473617322,43696045.6161499
2022-01-28,NEM,0.004181064051291766,412701810.7028961
2022-01-28,NOW,0.002142513937001026,1284791985.1760864
2022-01-28,NSC,0.0063244512922509,337354111.57836914
2022-01-28,NXPI,0.005447620159521774,450965920.7748413
2022-01-28,ODFL,0.0017675789292097438,299481786.9293213
2022-01-28,ORCL,0.020680233766418903,868229222.0848083
2022-01-28,PAYX,0.00413865170340732,244722581.94732666
2022-01-28,PFE,0.028025128403818607,1920440893.4350967
2022-01-28,PG,0.035853836157023256,1520803606.565857
2022-01-28,PNR,0.0010219759656268964,86285990.93399048
2022-01-28,PTC,0.0011961316331622282,78508979.18014526
2022-01-28,QCOM,0.017336444929581675,1745580340.6539917
2022-01-28,REGN,0.006125302124824588,453909892.3614502
2022-01-28,RMD,0.003197017864249783,121950214.01672363
2022-01-28,ROL,0.0014172310495788806,64785668.56842041
2022-01-28,RVTY,0.0018991427535446912,174630122.65625
2022-01-28,SNPS,0.004753023314528099,289436770.1843262
2022-01-28,SPGI,0.009052390409231673,652936058.8840332
2022-01-28,SWKS,0.0021610345364644528,278514903.2394409
2022-01-28,SYK,0.008570088373179073,388301134.54589844
2022-01-28,TDY,0.0013604121992239321,96189479.16870117
2022-01-28,TECH,0.0004245704490969606,121573814.45465088
2022-01-28,TER,0.002289244964237417,253971754.1633606
2022-01-28,TMO,0.022434687869814264,1102246339.3432617
2022-01-28,TPR,0.0009562531925487706,101413004.26864624
2022-01-28,TRMB,0.0018427197501410626,113386388.61541748
2022-01-28,TROW,0.003831111242132369,264193733.22372437
2022-01-28,TTWO,0.001724703107712832,431190159.6359253
2022-01-28,TXN,0.01481797800276701,1018985961.895752
2022-01-28,TYL,0.0018824657788594646,92745126.02081299
2022-01-28,UNP,0.014252623592263569,752823326.0971069
2022-01-28,VRSK,0.0031382630386003712,205830363.86184692
2022-01-28,VRSN,0.0024270122914340935,133673770.8694458
2022-01-28,VRTX,0.004809356662372519,404849933.7944031
2022-01-28,ZBRA,0.002704104510429802,209646987.35961914
2022-01-28,ZTS,0.009774449787472795,524705597.4105835
2022-01-31,A,-0.00014459600518064008,282811252.9022217
2022-01-31,ABT,1.8245816417444133e-05,984443321.7830658
2022-01-31,ACN,-0.0012951202972382378,1109155225.7888794
2022-01-31,ADBE,0.00074617071477125,2024415048.9181519
2022-01-31,ADI,0.00024081893980664078,664623146.3378906
2022-01-31,ADSK,-9.506024902418333e-05,410857274.6246338
2022-01-31,AKAM,0.00013099601113365235,148022460.9764099
2022-01-31,ALGN,-0.0007321883379968253,499638938.5620117
2022-01-31,AMAT,-0.0003496536283254751,1588128797.2610474
2022-01-31,AME,7.983428692847272e-05,126148776.01013184
2022-01-31,AMGN,0.0012695615138139868,618210669.3481445
2022-01-31,AMT,-0.0005450617515788542,561437778.465271
2022-01-31,AOS,-1.9116841968595116e-05,100552922.14927673
2022-01-31,AZO,0.00018983044783167733,316086353.33862305
2022-01-31,BIIB,0.00012639355919274835,373065960.46829224
2022-01-31,BX,0.0009668695068492513,554901176.4953613
2022-01-31,CBOE,5.3559053790758204e-06,64664399.29733276
2022-01-31,CCI,-0.00025571890873187474,374156119.02389526
2022-01-31,CDNS,-0.0004281345251281061,257365864.894104
2022-01-31,CHD,0.00023255976443981334,204686137.77770996
2022-01-31,CL,0.00041387706052008633,474060427.4360657
2022-01-31,CME,0.0007604364691482018,377511389.9597168
2022-01-31,CPAY,0.0002782858830870391,132562007.80334473
2022-01-31,CPRT,-4.3843128510031725e-05,151565514.2173767
2022-01-31,CRM,0.00022914449688958907,1792530228.0715942
2022-01-31,CSCO,-0.0006562847682728586,1427782338.3865356
2022-01-31,CTAS,-2.2962445270465642e-05,276836539.3753052
2022-01-31,CTSH,0.00025373173470963437,240167180.06973267
2022-01-31,DGX,-0.0002726901054308263,189003536.27090454
2022-01-31,DHR,-0.000699635814327082,1131472366.0426178
2022-01-31,EBAY,-6.582229486737975e-06,435085164.5011902
2022-01-31,EL,-0.0007951819034754618,569095772.0779419
2022-01-31,FAST,-3.436732113847735e-05,199662829.7569275
2022-01-31,FDS,-6.26419917805275e-05,122018194.34051514
2022-01-31,FFIV,-7.799817284340118e-05,133554929.07562256
2022-01-31,FICO,0.00026335642416690946,119904655.80444336
2022-01-31,FIS,0.0012352326509342442,473064652.62184143
2022-01-31,FISV,0.0007500038226464197,419619791.342926
2022-01-31,FTNT,0.0008996493775679281,478778536.1557007
2022-01-31,FTV,3.576186855334257e-05,181981268.10715485
2022-01-31,GEN,0.00013512722173139352,90339197.88694382
2022-01-31,GNRC,-0.0002140395403211013,275375572.8027344
2022-01-31,GPN,0.000765727385672712,359332090.1992798
2022-01-31,GRMN,2.1496709703463287e-05,116108101.95083618
2022-01-31,ICE,0.0001516156010319394,338132741.7694092
2022-01-31,IDXX,-0.0007043835584918771,305420845.11413574
2022-01-31,IEX,1.1405214513776022e-05,71857888.67416382
2022-01-31,ILMN,6.050093566144655e-05,396341762.8992462
2022-01-31,INTC,-0.017628372412652683,2236907512.963867
2022-01-31,INTU,-0.0006818351968187648,1137888427.5268555
2022-01-31,IR,8.817900952087614e-06,113216212.46452332
2022-01-31,ISRG,-0.0004487192475027806,679954989.1616821
2022-01-31,ITW,0.0003126349223164116,255467929.29916382
2022-01-31,IVZ,7.82453284280608e-05,108617165.93351364
2022-01-31,JKHY,0.00011771659573009538,93226152.8717041
2022-01-31,JNJ,0.004351382173717042,1319251417.755127
2022-01-31,KEYS,-0.0003142205601801267,228681679.32891846
2022-01-31,KO,0.002992530590685532,1183999604.6880722
2022-01-31,MCD,0.0011794166532709954,808893374.810791
2022-01-31,MCO,-0.00018371484608650877,266927100.35247803
2022-01-31,META,0.0023962900294646344,6625525072.941589
2022-01-31,MMM,0.0002379541270799597,464048681.65509033
2022-01-31,MNST,-2.2495146842261855e-06,223916018.6000824
2022-01-31,MPWR,-0.00018323580474294515,200473784.84344482
2022-01-31,MRNA,-0.002246392056491091,1805291334.8327637
2022-01-31,MSCI,-0.00014057195639342792,321457000.3631592
2022-01-31,MSI,-0.00021946028662151807,192662682.60498047
2022-01-31,MTD,-0.00013784481005094714,180705002.72216797
2022-01-31,NDSN,8.42607768240084e-06,44923092.2203064
2022-01-31,NEM,0.000376272599143415,433203017.82073975
2022-01-31,NOW,-5.745518504287391e-06,1331471642.6258087
2022-01-31,NSC,6.112284347868733e-05,337354111.57836914
2022-01-31,NXPI,-1.7695151903794094e-05,484067590.0527954
2022-01-31,ODFL,-0.00012184777998906727,299481786.9293213
2022-01-31,ORCL,0.0005888512722811538,868229222.0848083
2022-01-31,PAYX,-0.00019279217434883377,251025065.27252197
2022-01-31,PFE,-0.0003892362009886782,1949306763.1263733
2022-01-31,PG,0.0030115262731891523,1520803606.565857
2022-01-31,PH,0.0037772921787613666,253438875.7019043
2022-01-31,PNR,-3.683945602650377e-05,89677055.0365448
2022-01-31,PTC,7.240632377701877e-05,82219665.98701477
2022-01-31,QCOM,0.001077854864049755,1761959346.1601257
2022-01-31,REGN,0.00039823009040234995,465466098.5748291
2022-01-31,RMD,-9.628403739589614e-05,126781824.51477051
2022-01-31,ROL,-4.822435101772132e-06,69765412.88452148
2022-01-31,RVTY,-0.00010189892651086305,175509316.87774658
2022-01-31,SNPS,-0.00032702091639260755,292740314.39208984
2022-01-31,SPGI,-0.0002503863970005505,658428111.3086853
2022-01-31,SWKS,9.451532878789479e-05,279214435.78948975
2022-01-31,SYK,0.00021504215849955065,405766721.3043213
2022-01-31,TDY,8.983297004386856e-05,96648728.29589844
2022-01-31,TECH,-8.317916684446745e-05,126264886.87591553
2022-01-31,TER,-0.00047251037872968605,256078588.9541626
2022-01-31,TMO,-0.0008345826791963003,1104746340.4083252
2022-01-31,TPR,3.156326575171672e-05,103295146.95339203
2022-01-31,TRMB,-0.00015730521363227913,117493651.35498047
2022-01-31,TROW,-0.0005060309473520733,287810532.04193115
2022-01-31,TTWO,2.711159852854467e-05,448202317.49038696
2022-01-31,TXN,0.0007777111785690662,1115599912.0132446
2022-01-31,TYL,-5.016063235941987e-05,91623301.69067383
2022-01-31,UNP,0.0010371199939223,786272225.0549316
2022-01-31,VRSK,-0.00016435286130861296,205830363.86184692
2022-01-31,VRSN,-0.000132007874997011,141703559.42382812
2022-01-31,VRTX,0.0010732235343847655,428694763.2888794
2022-01-31,ZBRA,-0.00014788419002610253,209646987.35961914
2022-01-31,ZTS,-0.0009306190406444762,524705597.4105835
2022-02-04,A,3.268175808448983e-05,258963221.86431885
2022-02-04,ABT,0.00017682364751913163,949518425.5943298
2022-02-04,ACN,0.00017739607991014775,1082577301.3122559
2022-02-04,ADBE,0.00019713500728971503,1795029720.53833
2022-02-04,ADI,6.690863001268706e-05,682000032.5866699
2022-02-04,ADSK,4.260811796493857e-05,389891188.2034302
2022-02-04,AKAM,1.4477500286301037e-05,156250223.71902466
2022-02-04,ALGN,3.0318788791437214e-05,512787134.7076416
2022-02-04,AMAT,9.574034741498434e-05,1588128797.2610474
2022-02-04,AME,2.448763084572387e-05,130955053.47824097
2022-02-04,AMGN,0.00010203091748943981,618997138.7016296
2022-02-04,AMT,8.68017748643056e-05,534707075.58898926
2022-02-04,AOS,9.652140280724504e-06,93137336.7652893
2022-02-04,AZO,3.517681763865951e-05,352844816.43066406
2022-02-04,BIIB,2.6753363201041745e-05,373065960.46829224
2022-02-04,BX,7.147495495177757e-05,707355794.1730499
2022-02-04,CBOE,9.87899373676806e-06,66799351.0093689
2022-02-04,CCI,6.110108208607062e-05,329589190.914917
2022-02-04,CDNS,3.296406357564032e-05,244111210.16235352
2022-02-04,CHD,2.0108932753055368e-05,217760954.41513062
2022-02-04,CL,5.443023165224107e-05,486701437.9257202
2022-02-04,CME,6.391251422411311e-05,423674705.31463623
2022-02-04,CPAY,1.548409970460944e-05,134176301.40075684
2022-02-04,CPRT,5.948809201194853e-06,151565514.2173767
2022-02-04,CRM,0.00016606045386241206,1719992056.3476562
2022-02-04,CSCO,0.00018235168781242234,1414932489.8090363
2022-02-04,CTAS,7.911879385694132e-06,234353391.44592285
2022-02-04,CTSH,3.5165792305195606e-05,248908880.7712555
2022-02-04,DGX,1.4263365301610612e-05,189003536.27090454
2022-02-04,DHR,0.000139924093091999,1015928804.5178223
2022-02-04,EBAY,3.191528381344842e-05,407730063.9623642
2022-02-04,EL,8.917250307114571e-05,619472963.1622314
2022-02-04,FAST,1.2639137525042622e-05,199662829.7569275
2022-02-04,FDS,1.2326793757223365e-05,112105504.13970947
2022-02-04,FFIV,9.781360876000463e-06,147222715.61050415
2022-02-04,FICO,1.059953116536172e-05,125982575.9979248
2022-02-04,FIS,5.84042072513365e-05,514764791.4985657
2022-02-04,FISV,5.610931007447861e-05,411838852.4028778
2022-02-04,FTNT,7.503702489491558e-06,472294056.5929413
2022-02-04,FTV,1.3952039522025861e-05,186466264.47603798
2022-02-04,GEN,1.1717995555763543e-05,95837153.69768143
2022-02-04,GNRC,1.3980269394482442e-05,261758553.43933105
2022-02-04,GPN,3.473195148767476e-05,337678976.2687683
2022-02-04,GRMN,1.8514199375904532e-05,116108101.95083618
2022-02-04,ICE,-0.006617363842509511,375055517.96188354
2022-02-04,IDXX,3.367106210780575e-05,327251068.359375
2022-02-04,IEX,1.2785116309775362e-05,85839316.84799194
2022-02-04,ILMN,3.8480977189930994e-05,396341762.8992462
2022-02-04,INTU,0.00011784040251908677,1027038492.1661377
2022-02-04,IR,1.827791411346735e-05,113668984.22241211
2022-02-04,ISRG,2.5980944845258556e-05,681530733.7005615
2022-02-04,ITW,5.754404602193678e-05,269541581.2477112
2022-02-04,IVZ,8.080759375046613e-06,120017493.54887009
2022-02-04,JKHY,9.861833526179399e-06,98859368.51501465
2022-02-04,JNJ,0.0003574128313278968,1355282785.6582642
2022-02-04,KEYS,2.4521695807474143e-05,228393078.05862427
2022-02-04,KO,0.00020486663211543785,1184310775.8216858
2022-02-04,MCD,0.00015116729446432511,808893374.810791
2022-02-04,MCO,5.043473153169744e-05,317638111.70196533
2022-02-04,META,0.0007027277850931296,6706082138.755798
2022-02-04,MMM,6.229510262964044e-05,494631404.18872833
2022-02-04,MNST,8.893198042563086e-06,233304091.8384552
2022-02-04,MPWR,1.41676000598185e-05,200473784.84344482
2022-02-04,MRNA,5.245182736998786e-05,1564985965.2275085
2022-02-04,MSCI,3.4386437815604916e-05,347870325.1464844
2022-02-04,MSI,3.0519263070297436e-05,215875048.31237793
2022-02-04,MTD,2.684976807239758e-05,180516424.7680664
2022-02-04,NDSN,1.050418173801108e-05,42212181.69250488
2022-02-04,NEM,3.80113622284366e-05,370691308.2386017
2022-02-04,NOW,1.7822137047085723e-05,1284791985.1760864
2022-02-04,NSC,5.3260136375172726e-05,337354111.57836914
2022-02-04,NXPI,4.5289356957665255e-05,640444147.0626831
2022-02-04,ODFL,1.3726544173047698e-05,310515660.1776123
2022-02-04,ORCL,0.00017739898490848338,795252984.6939087
2022-02-04,PAYX,3.291121709151062e-05,238575826.07421875
2022-02-04,PFE,0.00023050259166775694,1811539077.8860092
2022-02-04,PG,0.0003241641956235955,1509322510.546875
2022-02-04,PH,3.150524796886054e-05,266542954.1305542
2022-02-04,PNR,8.216724719536028e-06,92114995.33958435
2022-02-04,PTC,1.0580490203008011e-05,81337400.75302124
2022-02-04,QCOM,0.00015358808736938567,1793599500.933838
2022-02-04,REGN,5.4410802857451056e-05,499194458.6669922
2022-02-04,RMD,2.5862280034821047e-05,147733085.95199585
2022-02-04,ROL,1.1780471704745873e-05,69765412.88452148
2022-02-04,RVTY,1.4990265447183647e-05,177992117.04940796
2022-02-04,SNPS,3.691594307903348e-05,270877180.4962158
2022-02-04,SPGI,7.341484478947183e-05,669286539.3266296
2022-02-04,SWKS,1.8812857054178924e-05,285797731.6696167
2022-02-04,SYK,7.32741082078818e-05,398779426.16729736
2022-02-04,TDY,1.2096054928005789e-05,103353533.74328613
2022-02-04,TECH,2.8474411013921152e-06,127470823.58093262
2022-02-04,TER,1.5152831949789489e-05,256078588.9541626
2022-02-04,TMO,0.00018015992355853439,1093889905.911255
2022-02-04,TPR,8.239077358501929e-06,106617178.707695
2022-02-04,TRMB,1.40575312658083e-05,117629303.41262817
2022-02-04,TROW,2.773348585329103e-05,314144598.04382324
2022-02-04,TTWO,1.4611354934615864e-05,453644745.426178
2022-02-04,TXN,0.00013007891146625712,1307339338.0760193
2022-02-04,TYL,1.5282701274655676e-05,91316960.24780273
2022-02-04,UNP,0.0001275271120861586,824041109.841919
2022-02-04,VRSK,2.48044824542582e-05,200840838.28430176
2022-02-04,VRSN,1.914193549443395e-05,150466833.70819092
2022-02-04,VRTX,4.9064816547053636e-05,463072177.4986267
2022-02-04,ZBRA,2.1320658092106436e-05,222870292.41333008
2022-02-04,ZTS,7.37637088918091e-05,498801939.50271606
2022-02-11,A,-0.003951030514543371,228061124.60327148
2022-02-11,AAPL,-0.10000000000000002,15550113604.277039
2022-02-11,ABT,-0.021376929149124004,837515979.0203094
2022-02-11,ACN,-0.021446132826557295,942920080.9997559
2022-02-11,ADBE,-0.02383245195294589,1707837015.0604248
2022-02-11,ADI,-0.008088856119153416,635489644.9996948
2022-02-11,ADSK,-0.005151068489385519,407950477.42767334
2022-02-11,AKAM,-0.0017502438289154938,156250223.71902466
2022-02-11,ALGN,-0.0036653615564156664,512787134.7076416
2022-02-11,AMAT,-0.011574439573650428,1420993228.1539917
2022-02-11,AME,-0.0029604091814830103,153373162.94403076
2022-02-11,AMGN,-0.012334932147330216,705608071.8841553
2022-02-11,AMT,-0.01049381922229467,520742259.589386
2022-02-11,AOS,-0.0011668864533298964,88893582.18078613
2022-02-11,AZO,-0.004252668400994858,355592378.3691406
2022-02-11,BIIB,-0.0032343227711529934,294506383.4136963
2022-02-11,BX,-0.008640897693141846,737529191.0293579
2022-02-11,CBOE,-0.001194311689293039,76697761.2903595
2022-02-11,CCI,-0.007386758055352626,317250437.86468506
2022-02-11,CDNS,-0.003985159572321598,232779615.5303955
2022-02-11,CHD,-0.002431050579250482,192581541.2826538
2022-02-11,CL,-0.006580291844022118,474060427.4360657
2022-02-11,CME,-0.00772664350882965,497619132.55233765
2022-02-11,CPAY,-0.0018719357222150056,136544668.29223633
2022-02-11,CPRT,-0.0007191757132022829,142903873.22387695
2022-02-11,CRM,-0.02007572293917362,1565285550.7019043
2022-02-11,CSCO,-0.02204523639954671,1276059358.6694717
2022-02-11,CTAS,-0.0009564992433837343,201206170.1385498
2022-02-11,CTSH,-0.004251335503638638,274131754.5742035
2022-02-11,DGX,-0.0017243561806269277,173629567.89016724
2022-02-11,DHR,-0.016915992098621522,892745979.3013916
2022-02-11,EBAY,-0.003858368325879391,378162079.5682907
2022-02-11,EL,-0.010780426187033055,604587295.626831
2022-02-11,FAST,-0.0015279966857919421,195047484.76486206
2022-02-11,FDS,-0.0014902361787074879,112488656.31866455
2022-02-11,FFIV,-0.0011825084560912625,156184391.77703857
2022-02-11,FICO,-0.0012814203864409926,137253168.7286377
2022-02-11,FIS,-0.007060721899696799,466664292.9161072
2022-02-11,FISV,-0.006783282456259691,445790915.16571045
2022-02-11,FTNT,-0.0009071530800574196,435175305.09757996
2022-02-11,FTV,-0.0016867187422760328,203597481.61536217
2022-02-11,GEN,-0.001416636090702765,112239102.8339386
2022-02-11,GNRC,-0.0016901315662498446,235723467.42248535
2022-02-11,GPN,-0.00419888672459659,337678976.2687683
2022-02-11,GRMN,-0.0022382567821911106,115016412.47177124
2022-02-11,IDXX,-0.004070631497274308,297040970.5505371
2022-02-11,IEX,-0.0015456446541620543,96853963.29803467
2022-02-11,ILMN,-0.004652121673314159,351991383.2375641
2022-02-11,INTU,-0.014246205023467141,962473939.4744873
2022-02-11,IR,-0.0022096912968334265,118995790.39783478
2022-02-11,ISRG,-0.0031409419779348845,682981130.0445557
2022-02-11,ITW,-0.006956733514004662,279526570.0241089
2022-02-11,IVZ,-0.0009769158314235102,125261059.53950882
2022-02-11,JKHY,-0.0011922371217163242,108584779.61883545
2022-02-11,JNJ,-0.043209089278953304,1346874122.8118896
2022-02-11,KEYS,-0.0029645274331084066,240440879.5097351
2022-02-11,KO,-0.024767159490235,1224301173.0651855
2022-02-11,MCD,-0.01827522839149096,806303491.2734985
2022-02-11,MCO,-0.006097259601499511,328388157.8109741
2022-02-11,META,-0.08495561698800126,8528315193.470764
2022-02-11,MMM,-0.007531108049941024,516063058.544014
2022-02-11,MNST,-0.0010751348427219141,231722988.87557983
2022-02-11,MPWR,-0.001712778731470855,204663973.3062744
2022-02-11,MRNA,-0.006341114512463784,1276725751.9851685
2022-02-11,MSCI,-0.004157116173024363,342507504.47387695
2022-02-11,MSFT,-0.10000000000000002,12992902610.809326
2022-02-11,MSI,-0.0036895977064756243,226635173.10791016
2022-02-11,MTD,-0.0032459775477257165,186030309.20410156
2022-02-11,NDSN,-0.0012698932067821442,41640747.06726074
2022-02-11,NEM,-0.0045953480126636175,436666465.2481079
2022-02-11,NOW,-0.002154590555543824,1247888753.4713745
2022-02-11,NSC,-0.00643883427210476,337915694.31762695
2022-02-11,NXPI,-0.005475214364575645,668276131.1004639
2022-02-11,ODFL,-0.0016594576933937242,278248540.0253296
2022-02-11,ORCL,-0.02144648402360854,701588908.1581116
2022-02-11,PAYX,-0.003978770746149997,247971368.94760132
2022-02-11,PFE,-0.027866394794497686,1837314839.747429
2022-02-11,PG,-0.039189526625836,1477396632.1884155
2022-02-11,PH,-0.003808797426730227,276459046.4538574
2022-02-11,PNR,-0.0009933532343199287,84371614.77012634
2022-02-11,PTC,-0.001279118447142255,77026339.30587769
2022-02-11,QCOM,-0.018567887881000816,1815978596.3897705
2022-02-11,REGN,-0.006577943018084389,542101705.9173584
2022-02-11,RMD,-0.003126596106888708,152257172.85461426
2022-02-11,ROL,-0.0014241890861818544,64554055.271434784
2022-02-11,RVTY,-0.0018122340924810118,160040457.2692871
2022-02-11,SNPS,-0.004462918341214525,268183168.62487793
2022-02-11,SPGI,-0.008875418857020595,686503411.0377655
2022-02-11,SWKS,-0.0022743627223065265,302098229.1130066
2022-02-11,SYK,-0.008858404639886505,398779426.16729736
2022-02-11,TDY,-0.0014623412241958065,105325135.45227051
2022-02-11,TECH,-0.0003442387233538853,131341994.6395874
2022-02-11,TER,-0.0018318874174575205,256282861.15493774
2022-02-11,TMO,-0.021780265114176498,1068057176.6662598
2022-02-11,TPR,-0.0009960555356589892,117658045.72257996
2022-02-11,TRMB,-0.0016994720677745918,142649598.88381958
2022-02-11,TROW,-0.003352813780633587,341419658.7638855
2022-02-11,TTWO,-0.0017664260611759926,436439324.8878479
2022-02-11,TXN,-0.015725768092802333,1277999272.8561401
2022-02-11,TYL,-0.0018475878477747004,89310868.04351807
2022-02-11,UNP,-0.015417270698272027,792296048.4924316
2022-02-11,VRSK,-0.0029987146597460165,194019249.1027832
2022-02-11,VRSN,-0.0023141463519315165,154378722.22595215
2022-02-11,VRTX,-0.005931645013304338,463072177.4986267
2022-02-11,ZBRA,-0.0025775409784958058,248780583.38012695
2022-02-11,ZTS,-0.008917594455720127,524705597.4105835
2022-02-15,A,0.003951030514543371,228061124.60327148
2022-02-15,AAPL,0.10000000000000002,15550113604.277039
2022-02-15,ABT,0.021376929149124004,834389798.783493
2022-02-15,ACN,0.021446132826557295,930617985.635376
2022-02-15,ADBE,0.02383245195294589,1716910323.5870361
2022-02-15,ADI,0.008088856119153416,665519894.7013855
2022-02-15,ADSK,0.005151068489385519,389185704.826355
2022-02-15,AKAM,0.0017502438289154938,160252442.47436523
2022-02-15,ALGN,0.0036653615564156664,499638938.5620117
2022-02-15,AMAT,0.011574439573650428,1262105519.3092346
2022-02-15,AME,0.0029604091814830103,153373162.94403076
2022-02-15,AMGN,0.012334932147330216,687484748.8861084
2022-02-15,AMT,0.01049381922229467,486747050.1823425
2022-02-15,AOS,0.0011668864533298964,83630675.8972168
2022-02-15,AZO,0.004252668400994858,360528927.6611328
2022-02-15,BIIB,0.0032343227711529934,284992651.8096924
2022-02-15,BX,0.008640897693141846,751558984.7763062
2022-02-15,CBOE,0.001194311689293039,71465186.87782288
2022-02-15,CCI,0.007386758055352626,338124842.9702759
2022-02-15,CDNS,0.003985159572321598,232779615.5303955
2022-02-15,CHD,0.002431050579250482,192581541.2826538
2022-02-15,CL,0.006580291844022118,460987903.69262695
2022-02-15,CME,0.00772664350882965,497619132.55233765
2022-02-15,CPAY,0.0018719357222150056,140715455.59692383
2022-02-15,CPRT,0.0007191757132022829,142903873.22387695
2022-02-15,CRM,0.02007572293917362,1565285550.7019043
2022-02-15,CSCO,0.02204523639954671,1202690619.8534012
2022-02-15,CTAS,0.0009564992433837343,198028712.2894287
2022-02-15,CTSH,0.004251335503638638,283634820.0920105
2022-02-15,DGX,0.0017243561806269277,167235735.2874756
2022-02-15,DHR,0.016915992098621522,847403931.2795029
2022-02-15,EBAY,0.003858368325879391,339974313.33084106
2022-02-15,EL,0.010780426187033055,566406345.2957153
2022-02-15,FAST,0.0015279966857919421,183023888.14296722
2022-02-15,FDS,0.0014902361787074879,107590260.29968262
2022-02-15,FFIV,0.0011825084560912625,156184391.77703857
2022-02-15,FICO,0.0012814203864409926,125982575.9979248
2022-02-15,FIS,0.007060721899696799,483398998.6694336
2022-02-15,FISV,0.006783282456259691,445790915.16571045
2022-02-15,FTNT,0.0009071530800574196,402708649.74975586
2022-02-15,FTV,0.0016867187422760328,194120204.5593109
2022-02-15,GEN,0.001416636090702765,124844976.16796494
2022-02-15,GNRC,0.0016901315662498446,220654014.26391602
2022-02-15,GPN,0.00419888672459659,339993805.85861206
2022-02-15,GRMN,0.0022382567821911106,110894617.23594666
2022-02-15,IDXX,0.004070631497274308,271518532.1960449
2022-02-15,IEX,0.0015456446541620543,99036708.71810913
2022-02-15,ILMN,0.004652121673314159,343047006.34065247
2022-02-15,INTU,0.014246205023467141,962473939.4744873
2022-02-15,IR,0.0022096912968334265,135071431.81152344
2022-02-15,ISRG,0.0031409419779348845,660556737.4557495
2022-02-15,ITW,0.006956733514004662,282336609.32006836
2022-02-15,IVZ,0.0009769158314235102,126734125.8149147
2022-02-15,JKHY,0.0011922371217163242,110587475.64086914
2022-02-15,JNJ,0.043209089278953304,1390618306.8695068
2022-02-15,KEYS,0.0029645274331084066,249370003.65600586
2022-02-15,KO,0.024767159490235,1217565715.5189514
2022-02-15,MCD,0.01827522839149096,737731510.5331421
2022-02-15,MCO,0.006097259601499511,328388157.8109741
2022-02-15,META,0.08495561698800126,9068859402.259827
2022-02-15,MMM,0.007531108049941024,555711514.5528641
2022-02-15,MNST,0.0010751348427219141,231722988.87557983
2022-02-15,MPWR,0.001712778731470855,217317880.8151245
2022-02-15,MRNA,0.006341114512463784,1276725751.9851685
2022-02-15,MSCI,0.004157116173024363,342507504.47387695
2022-02-15,MSFT,0.10000000000000002,12908754201.953125
2022-02-15,MSI,0.0036895977064756243,235278450.0930786
2022-02-15,MTD,0.0032459775477257165,185479060.32714844
2022-02-15,NDSN,0.0012698932067821442,48128239.99633789
2022-02-15,NEM,0.0045953480126636175,463681731.8271637
2022-02-15,NOW,0.002154590555543824,1144867566.0266876
2022-02-15,NSC,0.00643883427210476,328290692.5292969
2022-02-15,NXPI,0.005475214364575645,668276131.1004639
2022-02-15,ODFL,0.0016594576933937242,258754646.0281372
2022-02-15,ORCL,0.02144648402360854,701588908.1581116
2022-02-15,PAYX,0.003978770746149997,249292671.40274048
2022-02-15,PFE,0.027866394794497686,1837314839.747429
2022-02-15,PG,0.039189526625836,1453629989.6728516
2022-02-15,PH,0.003808797426730227,276459046.4538574
2022-02-15,PNR,0.0009933532343199287,79752233.73718262
2022-02-15,PTC,0.001279118447142255,72406833.08029175
2022-02-15,QCOM,0.018567887881000816,1815978596.3897705
2022-02-15,REGN,0.006577943018084389,521072402.532959
2022-02-15,RMD,0.003126596106888708,150767147.6387024
2022-02-15,ROL,0.0014241890861818544,66075385.21595001
2022-02-15,RVTY,0.0018122340924810118,149764919.2565918
2022-02-15,SNPS,0.004462918341214525,265013150.9124756
2022-02-15,SPGI,0.008875418857020595,692074680.0229034
2022-02-15,SWKS,0.0022743627223065265,302098229.1130066
2022-02-15,SYK,0.008858404639886505,390607868.6126709
2022-02-15,TDY,0.0014623412241958065,105325135.45227051
2022-02-15,TECH,0.0003442387233538853,131341994.6395874
2022-02-15,TER,0.0018318874174575205,253793957.66601562
2022-02-15,TMO,0.021780265114176498,1052256788.5620117
2022-02-15,TPR,0.0009960555356589892,121643044.08187866
2022-02-15,TRMB,0.0016994720677745918,142649598.88381958
2022-02-15,TROW,0.003352813780633587,329301387.5
2022-02-15,TTWO,0.0017664260611759926,369728148.4916687
2022-02-15,TXN,0.015725768092802333,1257399652.1438599
2022-02-15,TYL,0.0018475878477747004,91316960.24780273
2022-02-15,UNP,0.015417270698272027,791355754.5074463
2022-02-15,VRSK,0.0029987146597460165,193056719.80285645
2022-02-15,VRSN,0.0023141463519315165,141862294.8928833
2022-02-15,VRTX,0.005931645013304338,448603029.927063
2022-02-15,ZBRA,0.0025775409784958058,261443820.75195312
2022-02-15,ZTS,0.008917594455720127,567222483.6898804
2022-02-17,A,-0.003951030514543371,231506904.23431396
2022-02-17,AAPL,-0.10000000000000002,15257099037.928009
2022-02-17,ABT,-0.021376929149124004,743195915.5338287
2022-02-17,ACN,-0.021446132826557295,901665569.720459
2022-02-17,ADBE,-0.02383245195294589,1817657048.3200073
2022-02-17,ADI,-0.008088856119153416,723263196.421051
2022-02-17,ADSK,-0.005151068489385519,378655715.5227661
2022-02-17,AKAM,-0.0017502438289154938,160252442.47436523
2022-02-17,ALGN,-0.0036653615564156664,487411758.90808105
2022-02-17,AMAT,-0.011574439573650428,1255812287.4267578
2022-02-17,AME,-0.0029604091814830103,153373162.94403076
2022-02-17,AMGN,-0.012334932147330216,687484748.8861084
2022-02-17,AMT,-0.01049381922229467,420394088.33999634
2022-02-17,AOS,-0.0011668864533298964,82884971.33331299
2022-02-17,AZO,-0.004252668400994858,360528927.6611328
2022-02-17,BIIB,-0.0032343227711529934,242222961.07406616
2022-02-17,BX,-0.008640897693141846,751558984.7763062
2022-02-17,CBOE,-0.001194311689293039,71465186.87782288
2022-02-17,CCI,-0.007386758055352626,343584006.03790283
2022-02-17,CDNS,-0.003985159572321598,232779615.5303955
2022-02-17,CHD,-0.002431050579250482,185051473.56033325
2022-02-17,CL,-0.006580291844022118,434842759.26971436
2022-02-17,CME,-0.00772664350882965,481061660.6590271
2022-02-17,CPAY,-0.0018719357222150056,142384839.7201538
2022-02-17,CPRT,-0.0007191757132022829,153307687.63504028
2022-02-17,CRM,-0.02007572293917362,1672812835.3759766
2022-02-17,CSCO,-0.02204523639954671,1202690619.8534012
2022-02-17,CTAS,-0.0009564992433837343,188233854.7592163
2022-02-17,CTSH,-0.004251335503638638,285645598.1498718
2022-02-17,DGX,-0.0017243561806269277,167235735.2874756
2022-02-17,DHR,-0.016915992098621522,876118479.6768494
2022-02-17,EBAY,-0.003858368325879391,334069848.05336
2022-02-17,EL,-0.010780426187033055,535605320.9579468
2022-02-17,FAST,-0.0015279966857919421,172952693.6187744
2022-02-17,FDS,-0.0014902361787074879,101348633.33740234
2022-02-17,FFIV,-0.0011825084560912625,150157968.63479614
2022-02-17,FICO,-0.0012814203864409926,121374242.31872559
2022-02-17,FIS,-0.007060721899696799,514764791.4985657
2022-02-17,FISV,-0.006783282456259691,451415555.11779785
2022-02-17,FTNT,-0.0009071530800574196,402708649.74975586
2022-02-17,FTV,-0.0016867187422760328,199068776.86421585
2022-02-17,GEN,-0.001416636090702765,124844976.16796494
2022-02-17,GNRC,-0.0016901315662498446,249801659.81140137
2022-02-17,GPN,-0.00419888672459659,339993805.85861206
2022-02-17,GRMN,-0.0022382567821911106,110894617.23594666
2022-02-17,IDXX,-0.004070631497274308,271518532.1960449
2022-02-17,IEX,-0.0015456446541620543,108542051.1428833
2022-02-17,ILMN,-0.004652121673314159,343047006.34065247
2022-02-17,INTU,-0.014246205023467141,949274181.52771
2022-02-17,IR,-0.0022096912968334265,135071431.81152344
2022-02-17,ISRG,-0.0031409419779348845,633928659.3078613
2022-02-17,ITW,-0.006956733514004662,281118614.2959595
2022-02-17,IVZ,-0.0009769158314235102,126734125.8149147
2022-02-17,JKHY,-0.0011922371217163242,108584779.61883545
2022-02-17,JNJ,-0.043209089278953304,1405908668.383789
2022-02-17,KEYS,-0.0029645274331084066,249370003.65600586
2022-02-17,KO,-0.024767159490235,1217565715.5189514
2022-02-17,MCD,-0.01827522839149096,751986856.0089111
2022-02-17,MCO,-0.006097259601499511,338886401.08947754
2022-02-17,META,-0.08495561698800126,9677408321.193695
2022-02-17,MMM,-0.007531108049941024,590517007.3637772
2022-02-17,MNST,-0.0010751348427219141,222070592.44537354
2022-02-17,MPWR,-0.001712778731470855,217317880.8151245
2022-02-17,MRNA,-0.006341114512463784,1122540743.826294
2022-02-17,MSCI,-0.004157116173024363,342507504.47387695
2022-02-17,MSFT,-0.10000000000000002,12101107631.329346
2022-02-17,MSI,-0.0036895977064756243,236810401.612854
2022-02-17,MTD,-0.0032459775477257165,194425640.53344727
2022-02-17,NDSN,-0.0012698932067821442,49192322.078704834
2022-02-17,NEM,-0.0045953480126636175,436666465.2481079
2022-02-17,NOW,-0.002154590555543824,1051368166.4810181
2022-02-17,NSC,-0.00643883427210476,316553703.3691406
2022-02-17,NXPI,-0.005475214364575645,668276131.1004639
2022-02-17,ODFL,-0.0016594576933937242,255798605.39398193
2022-02-17,ORCL,-0.02144648402360854,661093785.6884003
2022-02-17,PAYX,-0.003978770746149997,255806838.621521
2022-02-17,PFE,-0.027866394794497686,1753869274.546051
2022-02-17,PG,-0.039189526625836,1446335235.206604
2022-02-17,PH,-0.003808797426730227,259255451.6921997
2022-02-17,PNR,-0.0009933532343199287,76939752.7381897
2022-02-17,PTC,-0.001279118447142255,68558829.22172546
2022-02-17,QCOM,-0.018567887881000816,1815978596.3897705
2022-02-17,REGN,-0.006577943018084389,521072402.532959
2022-02-17,RMD,-0.003126596106888708,159154271.6369629
2022-02-17,ROL,-0.0014241890861818544,66075385.21595001
2022-02-17,RVTY,-0.0018122340924810118,148659640.0817871
2022-02-17,SNPS,-0.004462918341214525,271627462.77008057
2022-02-17,SPGI,-0.008875418857020595,696650938.8705139
2022-02-17,SWKS,-0.0022743627223065265,297441441.36657715
2022-02-17,SYK,-0.008858404639886505,390607868.6126709
2022-02-17,TDY,-0.0014623412241958065,94672313.4185791
2022-02-17,TECH,-0.0003442387233538853,138846249.9359131
2022-02-17,TER,-0.0018318874174575205,251163356.5612793
2022-02-17,TMO,-0.021780265114176498,1052256788.5620117
2022-02-17,TPR,-0.0009960555356589892,125812128.748703
2022-02-17,TRMB,-0.0016994720677745918,143647805.8052063
2022-02-17,TROW,-0.003352813780633587,329301387.5
2022-02-17,TTWO,-0.0017664260611759926,357743665.6715393
2022-02-17,TXN,-0.015725768092802333,1257399652.1438599
2022-02-17,TYL,-0.0018475878477747004,91316960.24780273
2022-02-17,UNP,-0.015417270698272027,758847149.5346069
2022-02-17,VRSK,-0.0029987146597460165,192031262.69073486
2022-02-17,VRSN,-0.0023141463519315165,136981320.18585205
2022-02-17,VRTX,-0.005931645013304338,442621605.21469116
2022-02-17,ZBRA,-0.0025775409784958058,262980795.75195312
2022-02-17,ZTS,-0.008917594455720127,564544163.3010864
2022-03-18,A,0.003596497465799695,328634897.50213623
2022-03-18,AAPL,0.1,14992027561.197662
2022-03-18,ABNB,0.008523467332179442,1074190320.9259033
2022-03-18,ABT,0.01971324577114023,730005887.6403809
2022-03-18,ACN,0.018647232238594564,874936106.8862915
2022-03-18,ADBE,0.02029414984229863,1572569919.6716309
2022-03-18,ADI,0.007692502230472813,599014740.3335571
2022-03-18,ADSK,0.0044181175632073445,410812755.2467346
2022-03-18,AKAM,0.00158746551456102,190002418.6225891
2022-03-18,ALGN,0.003677647002131907,333557289.9139404
2022-03-18,AMAT,0.010935680724036804,997822778.6056519
2022-03-18,AMD,0.013600023635417846,13064787471.793365
2022-03-18,AME,0.0027472343344932134,142909848.44436646
2022-03-18,AMGN,0.011551168999504228,790924222.12677
2022-03-18,AOS,0.001010680539989398,64984310.036087036
2022-03-18,AZO,0.0038810391554536553,348838327.1484375
2022-03-18,BIIB,0.0028336670666841775,230984197.9232788
2022-03-18,BX,0.008201979235196704,540688891.1239624
2022-03-18,CCI,0.006604913129855241,324134774.92370605
2022-03-18,CDNS,0.0038291305464191053,326379989.0258789
2022-03-18,CHD,0.002231176186710914,139176682.90100098
2022-03-18,CME,0.0077557399786459535,396457350.92163086
2022-03-18,COIN,0.00383347057716709,751747730.3649902
2022-03-18,CPAY,0.0017900501537724855,127881655.5152893
2022-03-18,CPRT,0.0006651569963502678,210417023.17276
2022-03-18,CRM,0.01767494052772737,1382687436.7393494
2022-03-18,CSCO,0.021484869044990352,1091391186.0071182
2022-03-18,CSGP,0.002201183243594451,196912705.03368378
2022-03-18,CSX,0.006821400744955356,722207517.8619385
2022-03-18,CTAS,0.0008919896465703853,167443620.4208374
2022-03-18,DDOG,0.00454859111337197,707610952.2743225
2022-03-18,DGX,0.001534984275405553,160949955.56869507
2022-03-18,DHR,0.015890052326703943,720811040.5305862
2022-03-18,EBAY,0.002962292931921677,480531824.57237244
2022-03-18,EFX,0.0024354399427741705,235945899.40338135
2022-03-18,EL,0.009967536790807334,475779748.67401123
2022-03-18,EMR,0.005057526339958874,321761726.21803284
2022-03-18,EW,0.006406680050830307,244175020.68328857
2022-03-18,FCX,0.006356415370258846,942640842.0761108
2022-03-18,FDS,0.0013954576370205816,116629335.88256836
2022-03-18,FFIV,0.0011128725682482273,96203189.3737793
2022-03-18,FICO,0.0011866695243314522,119207788.22479248
2022-03-18,FIS,0.005402488631317764,398423860.76431274
2022-03-18,FISV,0.005992393563707343,387902923.9135742
2022-03-18,FTV,0.001506209937691178,247441678.73195267
2022-03-18,GEN,0.0015355177096494596,164178224.40042496
2022-03-18,GPN,0.0034696335845927277,262601611.61270142
2022-03-18,HSY,0.0038083375829123817,225831721.68273926
2022-03-18,IDXX,0.004112452988654665,250691696.06018066
2022-03-18,IEX,0.0013393583246223751,85769475.32196045
2022-03-18,INCY,0.0013794544008037587,94140536.1366272
2022-03-18,INTU,0.011840826088979841,1016148028.3859253
2022-03-18,ISRG,0.00948722708673477,590655994.619751
2022-03-18,JKHY,0.001221984188879916,115929852.18200684
2022-03-18,JNJ,0.04020134221271254,1324072588.3369446
2022-03-18,KDP,0.005009741873131463,258962245.69072723
2022-03-18,KEYS,0.002688388318914619,177724961.16485596
2022-03-18,KO,0.024676740099958565,1268622044.1328049
2022-03-18,LH,0.0020757061325264873,249596274.10020447
2022-03-18,LIN,0.01362690007503762,959956602.0141602
2022-03-18,MCD,0.016810823120835917,1096949636.1053467
2022-03-18,MCO,0.005527790463688451,356849521.4111328
2022-03-18,MDT,0.012904109172868952,647330516.4318085
2022-03-18,META,0.05511715769835966,6823225631.67572
2022-03-18,MMM,0.006492932554099504,562592016.2511826
2022-03-18,MNST,0.0010203089358969742,291888195.95336914
2022-03-18,MPWR,0.001938319156136049,195114774.48120117
2022-03-18,MRK,0.01775560406214904,784054431.804657
2022-03-18,MRNA,0.005654897546452955,988144268.6981201
2022-03-18,MSCI,0.0037783221897468864,322989667.5857544
2022-03-18,MSFT,0.1,9849556762.513733
2022-03-18,MSI,0.0033971461454260312,212530871.9543457
2022-03-18,MTD,0.0029397771033157537,155818734.38720703
2022-03-18,NDSN,0.0012032533965109097,60691413.13781738
2022-03-18,NEM,0.004789736398726813,735467092.3843384
2022-03-18,NOW,0.00211497136512944,818292091.8617249
2022-03-18,NSC,0.005628016923095964,468144240.1275635
2022-03-18,NXPI,0.004787490784073135,505738623.39782715
2022-03-18,ON,0.0024736086220096608,382515024.4529724
2022-03-18,ORCL,0.019529660259822397,691677657.8006744
2022-03-18,PAYX,0.00391341125903744,179118375.15449524
2022-03-18,PFE,0.024476848446661238,1586705896.041298
2022-03-18,PG,0.03704137242221386,1284632090.058899
2022-03-18,PH,0.003542535704084954,229835068.9086914
2022-03-18,PLTR,0.0021948362265089686,692247933.0689907
2022-03-18,PTC,0.0011910666306700602,71196945.60203552
2022-03-18,QCOM,0.01767600821167844,1619781835.571289
2022-03-18,REGN,0.006338152683802658,383057917.2973633
2022-03-18,RMD,0.0032831537110453333,129185105.70449829
2022-03-18,ROK,0.0028249709929998243,189952732.83081055
2022-03-18,RVTY,0.0018391868171010446,132560401.19171143
2022-03-18,SNPS,0.004368104192874585,316780099.45373535
2022-03-18,SPGI,0.007825492792185133,1115437198.6054688
2022-03-18,SWKS,0.002086484040971413,259607046.52175903
2022-03-18,SYK,0.009197421559277094,410553661.4364624
2022-03-18,TECH,0.00037314348215383464,84866694.19250488
2022-03-18,TMO,0.01972958127816069,799756809.0393066
2022-03-18,TPR,0.0010443200070135014,171672476.1619568
2022-03-18,TRMB,0.0015987234127401448,112247483.42056274
2022-03-18,TROW,0.0030215696818834425,240499191.18881226
2022-03-18,TTWO,0.0017043408214891316,274261699.4628906
2022-03-18,TXN,0.01453542379214426,1005067942.8741455
2022-03-18,TYL,0.0016527266053289109,85448220.3414917
2022-03-18,UNP,0.014353853525034242,1002228532.1289062
2022-03-18,VRSK,0.002618878011798114,294952699.27597046
2022-03-18,VRSN,0.002157796957964881,124023139.96124268
2022-03-18,VRTX,0.005347442175368517,340808910.81848145
2022-03-18,WSM,0.0005051252803395884,175486470.9701538
2022-03-18,ZBH,0.0023735038197913267,194096168.044281
2022-03-18,ZBRA,0.0020353740696851296,185810078.51104736
2022-03-18,ZTS,0.008360184389266577,382459603.21655273
2022-03-31,A,-0.00010644247297788212,224258704.5272827
2022-03-31,ABNB,0.00071485017182394,791421349.3026733
2022-03-31,ABT,-0.0012213129076972182,604306200.730133
2022-03-31,ACN,0.0003751362214969786,804828500.5187988
2022-03-31,ADBE,-0.0013940806801383578,1734726703.4698486
2022-03-31,ADI,-0.00011445671276669352,538914022.9484558
2022-03-31,ADSK,-0.00033355779646039845,386457196.98791504
2022-03-31,AKAM,8.61001809613984e-05,165110851.38893127
2022-03-31,ALGN,-0.0006806699994700324,348720809.0286255
2022-03-31,AMAT,-0.000668592747431836,869530339.2692566
2022-03-31,AMD,-0.0020746945742485604,11563920165.494537
2022-03-31,AME,-5.240026561805899e-05,128569463.96484375
2022-03-31,AMGN,0.00023918559184519204,647192343.2411194
2022-03-31,AOS,-0.00011058659076006552,61549939.48364258
2022-03-31,AZO,0.00018982777425801886,346905418.1335449
2022-03-31,BIIB,-0.00013006529159454577,208704312.7746582
2022-03-31,BX,-0.000393836842526891,507968599.83062744
2022-03-31,CCI,0.00039170948185810513,290345275.06484985
2022-03-31,CDNS,0.00014632701982909835,255430263.52386475
2022-03-31,CHD,-6.491623854571133e-05,116129126.91345215
2022-03-31,CME,-0.00029989321895794365,390230981.3987732
2022-03-31,COIN,-0.00018631684566444056,697289434.0820312
2022-03-31,CPAY,-7.437359295735095e-05,87259968.32809448
2022-03-31,CPRT,-1.589285194775376e-05,174198720.8633423
2022-03-31,CRM,0.0006631545811606673,1235841634.829712
2022-03-31,CRWD,0.001126116577936817,1034933040.5319214
2022-03-31,CSCO,-0.000949932661550898,1093706839.0216827
2022-03-31,CSGP,9.619852124447513e-05,163363222.6255417
2022-03-31,CSX,0.0003803179629513426,728657165.7241821
2022-03-31,CTAS,7.447046801690202e-05,199114266.2536621
2022-03-31,DDOG,-0.00046050933340158196,544140894.7853088
2022-03-31,DGX,-5.117841867453149e-06,168868003.35083008
2022-03-31,DHR,0.00034749420153930635,728200421.9883804
2022-03-31,EBAY,8.037636347249001e-06,441045628.9613724
2022-03-31,EFX,9.277642029464732e-05,183132115.96069336
2022-03-31,EL,-0.0012110410053281472,436680575.7751465
2022-03-31,EMR,4.417603679364706e-05,316521270.98999023
2022-03-31,EW,9.424751917581214e-06,241732346.717453
2022-03-31,FCX,8.114045170294105e-05,809200838.0271912
2022-03-31,FDS,3.0717010087001314e-05,130164083.89434814
2022-03-31,FFIV,-6.109893734239195e-06,86269116.22695923
2022-03-31,FICO,-6.36516496658442e-05,112439513.26904297
2022-03-31,FIS,4.35261785731245e-05,335460846.30241394
2022-03-31,FISV,-4.515092096126199e-05,306048812.16049194
2022-03-31,FTV,-6.627564088212121e-05,192149817.1544819
2022-03-31,GEN,-0.00019223158266811055,140721251.877594
2022-03-31,GPN,-6.677042715369595e-05,230574776.00097656
2022-03-31,HSY,9.092609201771622e-05,193460552.87246704
2022-03-31,IDXX,-7.24916041612584e-05,252036343.18237305
2022-03-31,IEX,-6.0123039923396003e-05,81028603.02276611
2022-03-31,INCY,0.00015394413968083075,96171918.53942871
2022-03-31,INTU,-0.0003671146477993367,948109240.8325195
2022-03-31,ISRG,-6.328827301904823e-05,579652316.6046143
2022-03-31,JKHY,7.997781866232517e-05,104438496.48742676
2022-03-31,JNJ,0.0011858189946370376,1274311229.6134949
2022-03-31,KDP,-0.000316002487235228,228071529.2646408
2022-03-31,KEYS,-0.00010860496124620676,158626149.5185852
2022-03-31,KO,-0.0011777916934792854,1049770544.9668884
2022-03-31,LH,-0.00014701410614505585,184146081.76221466
2022-03-31,LIN,0.0005632867500637295,720585209.2636108
2022-03-31,LULU,0.0039326561413175,412645896.2158203
2022-03-31,LYV,0.0023082134050653883,233687690.34309387
2022-03-31,MCD,-0.0005755978130032972,963578679.0710449
2022-03-31,MCO,8.919110920436492e-06,299852797.0001221
2022-03-31,MDT,0.00013193859860868504,617610928.3378601
2022-03-31,META,0.0004013559569065184,6401451484.0660095
2022-03-31,MMM,-0.0002763617993196566,485426996.7911186
2022-03-31,MNST,-9.694146620210027e-05,203955772.56698608
2022-03-31,MPWR,2.3618922593725798e-05,206320433.0078125
2022-03-31,MRK,0.0004303976664204179,784054431.804657
2022-03-31,MRNA,0.0004076685139635253,1267435747.3594666
2022-03-31,MSCI,-0.00015783965277998014,287472864.30358887
2022-03-31,MSI,0.00017111166152771482,186206428.14331055
2022-03-31,MTD,-0.00020039433036031246,145310953.49121094
2022-03-31,NDSN,-4.999801488465546e-05,47259546.85592651
2022-03-31,NEM,0.0007054961429406835,636262215.0405884
2022-03-31,NOW,-0.00017344022505848137,791527210.18219
2022-03-31,NSC,0.0003540698213330964,311076052.9144287
2022-03-31,NXPI,-0.0003321780047705284,437694589.56985474
2022-03-31,ON,-0.00010894411425146694,373203519.3019867
2022-03-31,ORCL,0.0008011245576094693,720964052.3433685
2022-03-31,PAYX,0.0003746932677751976,199635581.7932129
2022-03-31,PFE,0.0013296536054881146,1578569073.3219147
2022-03-31,PG,-0.0023332817102755116,1046785397.782135
2022-03-31,PH,-0.00030033119721422155,197839502.59552002
2022-03-31,PLTR,0.00023620780583244894,502011515.19241333
2022-03-31,PTC,-8.888329162194415e-05,66134109.28649902
2022-03-31,QCOM,-0.0026618928889554465,1485142839.6720886
2022-03-31,REGN,0.0005053197526786891,486791395.9869385
2022-03-31,RMD,-0.00019852963943719527,122934693.8369751
2022-03-31,ROK,1.1834482157800728e-05,179893717.8237915
2022-03-31,RVTY,8.418531693374929e-05,123443910.74295044
2022-03-31,SNPS,8.67203093775316e-05,281638209.4390869
2022-03-31,SPGI,0.0003419018840263577,964085369.4414368
2022-03-31,SWKS,-0.00016248503915789391,238618729.2755127
2022-03-31,SYK,-0.00027153207971275864,386558787.33062744
2022-03-31,TECH,-4.8418490051342655e-06,74062960.06317139
2022-03-31,TMO,0.0007484282976039057,741100783.8226318
2022-03-31,TPR,-0.0001375280552539771,172086322.17407227
2022-03-31,TRMB,-1.8043973032512775e-05,75049107.36083984
2022-03-31,TROW,-6.018354538912113e-07,228621333.5472107
2022-03-31,TTWO,-0.00015813654281917277,228837236.99951172
2022-03-31,TXN,0.0004625150669914646,896652849.7055054
2022-03-31,TYL,-1.1438957703627023e-05,68493573.55499268
2022-03-31,UNP,0.0008886678678897732,1002228532.1289062
2022-03-31,VRSK,0.0004110866018890839,302623790.3503418
2022-03-31,VRSN,-1.0679014273472578e-05,122951362.99591064
2022-03-31,VRTX,0.000452312508810759,345258686.7202759
2022-03-31,WSM,-0.0005051252803395884,188429221.50268555
2022-03-31,ZBH,-2.3420316765013216e-05,194096168.044281
2022-03-31,ZBRA,-8.79484161290362e-05,137469322.5616455
2022-03-31,ZTS,-0.0005770313945951521,431992947.2076416
2022-04-11,A,-0.003490054992821813,218760091.52069092
2022-04-11,AAPL,-0.10000000000000003,14860403356.81305
2022-04-11,ABNB,-0.009238317504003382,685174893.5974121
2022-04-11,ABT,-0.01849193286344301,569129317.0944214
2022-04-11,ACN,-0.019022368460091543,769805818.939209
2022-04-11,ADBE,-0.018900069162160273,1689852915.0375366
2022-04-11,ADI,-0.0075780455177061196,533724262.5350952
2022-04-11,ADSK,-0.004084559766746946,357162428.1158447
2022-04-11,AKAM,-0.0016735656955224184,151719920.81756592
2022-04-11,ALGN,-0.0029969770026618747,289714522.7340698
2022-04-11,AMAT,-0.010267087976604968,899988716.8094635
2022-04-11,AMD,-0.011525329061169286,11563920165.494537
2022-04-11,AME,-0.0026948340688751544,122545974.60632324
2022-04-11,AMGN,-0.01179035459134942,651021407.1807861
2022-04-11,AOS,-0.0009000939492293324,72802480.85098267
2022-04-11,AZO,-0.004070866929711674,371980465.5517578
2022-04-11,BIIB,-0.0027036017750896317,191639378.54614258
2022-04-11,BX,-0.007808142392669813,454531603.6304474
2022-04-11,CCI,-0.006996622611713346,295785968.69888306
2022-04-11,CDNS,-0.003975457566248204,225342076.77841187
2022-04-11,CHD,-0.002166259948165203,106997793.54629517
2022-04-11,CME,-0.00745584675968801,390230981.3987732
2022-04-11,COIN,-0.0036471537315026495,672222780.3962708
2022-04-11,CPAY,-0.0017156765608151345,92191313.78097534
2022-04-11,CPRT,-0.000649264144402514,151707489.5248413
2022-04-11,CRM,-0.018338095108888036,1235841634.829712
2022-04-11,CRWD,-0.001126116577936817,950106349.4850159
2022-04-11,CSCO,-0.020534936383439454,1071799647.4903107
2022-04-11,CSGP,-0.002297381764838926,153427717.48886108
2022-04-11,CSX,-0.007201718707906699,569439720.999527
2022-04-11,CTAS,-0.0009664601145872873,206992076.32751465
2022-04-11,DDOG,-0.004088081779970388,460081659.5611572
2022-04-11,DGX,-0.0015298664335381,176149120.08590698
2022-04-11,DHR,-0.01623754652824325,756276601.1699066
2022-04-11,EBAY,-0.002970330568268926,348473602.41737366
2022-04-11,EFX,-0.002528216363068818,172543980.7861328
2022-04-11,EL,-0.008756495785479186,345275798.8357544
2022-04-11,EMR,-0.005101702376752521,273155100.1853943
2022-04-11,EW,-0.006416104802747888,265101737.85858154
2022-04-11,FCX,-0.006437555821961787,694950851.2958527
2022-04-11,FDS,-0.001426174647107583,153634644.83642578
2022-04-11,FFIV,-0.0011067626745139881,71774792.68951416
2022-04-11,FICO,-0.001123017874665608,110460439.12658691
2022-04-11,FIS,-0.005446014809890889,357845743.91593933
2022-04-11,FISV,-0.005947242642746081,256249640.27938843
2022-04-11,FTV,-0.0014399342968090569,138124099.58285713
2022-04-11,GEN,-0.001343286126981349,110985383.36162567
2022-04-11,GPN,-0.0034028631574390318,233098329.9949646
2022-04-11,HSY,-0.003899263674930098,198085458.102417
2022-04-11,IDXX,-0.004039961384493407,241125985.00671387
2022-04-11,IEX,-0.0012792352846989791,91879874.67041016
2022-04-11,INCY,-0.0015333985404845894,113950406.05430603
2022-04-11,INTU,-0.011473711441180505,894895674.798584
2022-04-11,ISRG,-0.009423938813715721,469060676.4953613
2022-04-11,JKHY,-0.0013019620075422412,99886293.96514893
2022-04-11,JNJ,-0.04138716120734958,1311111803.9588928
2022-04-11,KDP,-0.004693739385896235,169489752.2146225
2022-04-11,KEYS,-0.0025797833576684122,154725001.7791748
2022-04-11,KO,-0.02349894840647928,925803627.06604
2022-04-11,LH,-0.0019286920263814314,179329785.61922455
2022-04-11,LIN,-0.014190186825101349,562740801.3000488
2022-04-11,LULU,-0.0039326561413175,474194935.5331421
2022-04-11,LYV,-0.0023082134050653883,197354175.3768921
2022-04-11,MCD,-0.01623522530783262,650480715.1306152
2022-04-11,MCO,-0.005536709574608887,230281791.68701172
2022-04-11,MDT,-0.013036047771477637,608873601.4190674
2022-04-11,META,-0.05551851365526618,6253006366.272736
2022-04-11,MMM,-0.006216570754779847,403600628.7624054
2022-04-11,MNST,-0.000923367469694874,193052301.85966492
2022-04-11,MPWR,-0.0019619380787297747,229296134.7869873
2022-04-11,MRK,-0.01818600172856946,835427761.2789154
2022-04-11,MRNA,-0.00606256606041648,1140397828.7750244
2022-04-11,MSCI,-0.0036204825369669062,283762536.78131104
2022-04-11,MSFT,-0.10000000000000003,8968551886.532593
2022-04-11,MSI,-0.003568257806953746,162118559.98840332
2022-04-11,MTD,-0.0027393827729554412,158684414.66064453
2022-04-11,NDSN,-0.0011532553816262542,42893095.7611084
2022-04-11,NEM,-0.0054952325416674965,550888335.0471497
2022-04-11,NOW,-0.0019415311400709586,775144262.9184723
2022-04-11,NSC,-0.00598208674442906,312955065.3503418
2022-04-11,NXPI,-0.004455312779302606,441699050.2883911
2022-04-11,ON,-0.002364664507758194,384273587.8234863
2022-04-11,ORCL,-0.020330784817431866,578861173.7514496
2022-04-11,PAYX,-0.004288104526812638,277810887.44506836
2022-04-11,PFE,-0.025806502052149353,1485210124.5100021
2022-04-11,PG,-0.034708090711938346,975035913.3636475
2022-04-11,PH,-0.0032422045068707323,188999650.2105713
2022-04-11,PLTR,-0.0024310440323414176,446168072.4899292
2022-04-11,PTC,-0.001102183339048116,69116585.13946533
2022-04-11,QCOM,-0.015014115322722992,1704671886.0038757
2022-04-11,REGN,-0.006843472436481347,506580136.807251
2022-04-11,RMD,-0.003084624071608138,116402322.8881836
2022-04-11,ROK,-0.002836805475157625,177854502.85491943
2022-04-11,RVTY,-0.001923372134034794,112144889.3737793
2022-04-11,SNPS,-0.004454824502252116,295743284.0805054
2022-04-11,SPGI,-0.008167394676211491,841640515.8710632
2022-04-11,SWKS,-0.001923999001813519,235424542.3400879
2022-04-11,SYK,-0.008925889479564336,353053053.12805176
2022-04-11,TECH,-0.0003683016331487004,90771983.67919922
2022-04-11,TMO,-0.020478009575764594,718157499.5147705
2022-04-11,TPR,-0.0009067919517595243,138527070.88298798
2022-04-11,TRMB,-0.001580679439707632,80302664.49508667
2022-04-11,TROW,-0.0030209678464295513,206281273.77319336
2022-04-11,TTWO,-0.0015462042786699589,219276009.23461914
2022-04-11,TXN,-0.014997938859135725,856007018.006134
2022-04-11,TYL,-0.0016412876476252839,73613383.30078125
2022-04-11,UNP,-0.015242521392924015,988156209.274292
2022-04-11,VRSK,-0.003029964613687198,280304197.37091064
2022-04-11,VRSN,-0.0021471179436914085,118978716.59698486
2022-04-11,VRTX,-0.005799754684179276,436337464.0686035
2022-04-11,ZBH,-0.0023500835030263135,204014693.45855713
2022-04-11,ZBRA,-0.0019474256535560934,174073428.59649658
2022-04-11,ZTS,-0.007783152994671425,467390761.2609863
2022-08-16,A,0.003854988267702266,157760937.24822998
2022-08-16,AAPL,0.1,10024527957.96814
2022-08-16,ABNB,0.006506327372947925,619557534.4146729
2022-08-16,ABT,0.018534726381125643,423765892.1798706
2022-08-16,ACN,0.018829941741051633,495828696.2677002
2022-08-16,ADBE,0.018543507028577218,964116931.072998
2022-08-16,ADI,0.008598991740023437,503265487.2871399
2022-08-16,ADSK,0.0044930241744705205,283374509.7366333
2022-08-16,AKAM,0.0014701460609733183,131051269.07043457
2022-08-16,ALGN,0.002105121592245932,239454285.47973633
2022-08-16,AMAT,0.008998623954980418,601456114.3199921
2022-08-16,AMD,0.010853967357673727,7753486882.934189
2022-08-16,AME,0.0027238319606834823,99462938.41400146
2022-08-16,AMGN,0.013151567199946377,597415225.9307861
2022-08-16,AOS,0.0009715677873309682,44956146.45366669
2022-08-16,AZO,0.0046385994269146,312856760.44921875
2022-08-16,BIIB,0.0030092917281961903,181676705.92193604
2022-08-16,BX,0.006843332585694997,407141579.4868469
2022-08-16,CCI,0.007463440317894981,208654289.94140625
2022-08-16,CDNS,0.004902829962737845,312477414.0777588
2022-08-16,CF,0.0018867844854467022,181580773.0911255
2022-08-16,CHD,0.002090097275243063,129488517.45300293
2022-08-16,CL,0.006299560467682066,285860564.6747589
2022-08-16,CME,0.006815460722442779,247862012.44354248
2022-08-16,COIN,0.0013182737858767667,1351239468.1404114
2022-08-16,CPAY,0.0016525402764554836,96111447.11456299
2022-08-16,CPRT,0.0007225218399236755,123854680.19561768
2022-08-16,CRM,0.017324018870659326,778734374.3362427
2022-08-16,CRWD,0.0009924244733595165,517785012.4443054
2022-08-16,CSCO,0.018212085903356028,708180510.2190018
2022-08-16,CSGP,0.0027289200851733407,89993627.54573822
2022-08-16,CSX,0.006776576789146713,424541552.61268616
2022-08-16,CTAS,0.0010298773779632653,144574088.28430176
2022-08-16,DDOG,0.0030009310295690574,511141858.8546753
2022-08-16,DGX,0.0016639973197584475,100751406.3293457
2022-08-16,DHR,0.01758644733878831,591418141.8318787
2022-08-16,DVN,0.003978453046077599,582956703.8589478
2022-08-16,EBAY,0.0027496539741463134,232131088.74893188
2022-08-16,EFX,0.0024280756894565136,131144727.51312256
2022-08-16,EL,0.009571782335361687,292217958.0749512
2022-08-16,EMR,0.00510820102905176,212885777.60047913
2022-08-16,EW,0.005972833212254388,232576660.24627686
2022-08-16,FCX,0.00445076717901312,502244817.5499916
2022-08-16,FDS,0.0015385030298183352,73818858.4197998
2022-08-16,FFIV,0.0009662380040600376,91522402.7709961
2022-08-16,FICO,0.0012124469758528988,66919808.98590088
2022-08-16,FIS,0.006038927560302686,318616463.0508423
2022-08-16,FISV,0.0067560182398433075,311083646.6850281
2022-08-16,FTV,0.0016601782731781804,106829142.68027687
2022-08-16,GEN,0.0013589637277695039,128696061.34185791
2022-08-16,GPN,0.003315501383950973,239147766.89453125
2022-08-16,HSY,0.004472423974606247,176762693.42422485
2022-08-16,IDXX,0.003213152454243222,221257674.72839355
2022-08-16,IEX,0.0015181237089339843,80138491.64199829
2022-08-16,INCY,0.0016347626353870267,94657034.87548828
2022-08-16,INTU,0.011864525739391295,650348802.2644043
2022-08-16,IQV,0.004359229887452777,216293145.89767456
2022-08-16,ISRG,0.007837092532087753,447044291.5382385
2022-08-16,ITW,0.006188064165650588,175530878.54309082
2022-08-16,JKHY,0.001496321876450805,81286326.71661377
2022-08-16,JNJ,0.04442157348946066,958348425.4577637
2022-08-16,KDP,0.005229494268637641,245506332.11460114
2022-08-16,KEYS,0.002894339583742062,110736586.35864258
2022-08-16,KO,0.026509960247155774,705707634.1596603
2022-08-16,LH,0.002090523663712686,129569080.35339355
2022-08-16,LIN,0.014623107615936692,391842573.5183716
2022-08-16,LULU,0.003644311022975493,279274518.649292
2022-08-16,LYV,0.002010124219815833,117439126.3004303
2022-08-16,MCD,0.01884759483197662,603221505.4519653
2022-08-16,MCHP,0.0036345973297708008,266795813.30947876
2022-08-16,MCO,0.005549142664383662,249030077.3590088
2022-08-16,MDT,0.011719720317737405,394450867.6460266
2022-08-16,META,0.04329838240527249,4534251541.239929
2022-08-16,MMM,0.006519272538080594,400969328.8173523
2022-08-16,MNST,0.0012548581722893175,244529425.38032532
2022-08-16,MPWR,0.0020461937745651013,222643392.51708984
2022-08-16,MRK,0.021583648921355586,705709624.0242004
2022-08-16,MRNA,0.006294691806583397,615739857.6637268
2022-08-16,MSCI,0.003777238005910896,188266750.66375732
2022-08-16,MSFT,0.1,5982455798.4939575
2022-08-16,MSI,0.003831374753560058,172898170.17059326
2022-08-16,MTD,0.0029348729988957207,122034118.56689453
2022-08-16,NDSN,0.0012786747857429382,39243560.85510254
2022-08-16,NEM,0.0034136493483639934,480985334.04273987
2022-08-16,NOW,0.0016973535931651509,780229256.7157745
2022-08-16,NSC,0.00574196846060287,300838533.9805603
2022-08-16,NXPI,0.004824735630594626,411858257.54852295
2022-08-16,ON,0.002749112692976188,463738822.4992752
2022-08-16,PAYX,0.00439468866787732,176729279.11376953
2022-08-16,PFE,0.027444077596745296,835813162.2314453
2022-08-16,PG,0.03439229798950435,875429701.4549255
2022-08-16,PH,0.0036003323247989247,202984420.1385498
2022-08-16,PLTR,0.0019974824831580336,389205251.32226944
2022-08-16,PTC,0.0013760130721799711,80245064.10484314
2022-08-16,QCOM,0.015534150496946916,954714441.7243958
2022-08-16,REGN,0.006212576886847154,348132160.39733887
2022-08-16,RMD,0.003334602840971313,114689774.39117432
2022-08-16,ROK,0.0028187859518678713,198725498.1880188
2022-08-16,RVTY,0.0018406086273193062,93405268.75839233
2022-08-16,SNPS,0.005354415229820589,301671081.0058594
2022-08-16,SPGI,0.008180692991205682,582282397.7203522
2022-08-16,SWKS,0.0017132008251137146,167263449.90615845
2022-08-16,SYK,0.007814924570993698,292378260.75668335
2022-08-16,TDY,0.0017396158847924888,79083253.58581543
2022-08-16,TECH,0.00035716788098639227,67485512.46185303
2022-08-16,TMO,0.022613961567145804,615120368.3410645
2022-08-16,TPR,0.0008947382697970453,93783097.80426025
2022-08-16,TRMB,0.0016581932714839894,59770284.32884216
2022-08-16,TROW,0.002689086625166937,158027476.7879486
2022-08-16,TXN,0.015938565495518458,851033631.7199707
2022-08-16,TYL,0.001604446535167739,78730942.52929688
2022-08-16,UNP,0.013822289615876084,523811899.5826721
2022-08-16,VRSK,0.0029274676044572603,123767437.59460449
2022-08-16,VRSN,0.0019900023098206637,98167407.92541504
2022-08-16,VRTX,0.006792550112890939,381755215.48309326
2022-08-16,ZBH,0.00221086786115773,123365688.06304932
2022-08-16,ZBRA,0.0018352805665735187,115304868.97583008
2022-08-16,ZTS,0.008211813384193356,239337645.62683105
2022-08-17,A,-0.003854988267702266,162152547.53189087
2022-08-17,AAPL,-0.1,10192607924.542236
2022-08-17,ABNB,-0.006506327372947925,595703533.8726044
2022-08-17,ABT,-0.018534726381125643,393554778.9714813
2022-08-17,ACN,-0.018829941741051633,490764138.27667236
2022-08-17,ADBE,-0.018543507028577218,957961705.8258057
2022-08-17,ADI,-0.008598991740023437,503265487.2871399
2022-08-17,ADSK,-0.0044930241744705205,274578488.16070557
2022-08-17,AKAM,-0.0014701460609733183,131051269.07043457
2022-08-17,ALGN,-0.002105121592245932,219094874.21722412
2022-08-17,AMAT,-0.008998623954980418,586317412.1643066
2022-08-17,AMD,-0.010853967357673727,7448805551.160812
2022-08-17,AME,-0.0027238319606834823,99462938.41400146
2022-08-17,AMGN,-0.013151567199946377,559136025.4699707
2022-08-17,AOS,-0.0009715677873309682,44956146.45366669
2022-08-17,AZO,-0.0046385994269146,313256345.9472656
2022-08-17,BIIB,-0.0030092917281961903,177225434.7229004
2022-08-17,BX,-0.006843332585694997,378716745.01724243
2022-08-17,CCI,-0.007463440317894981,195575954.30603027
2022-08-17,CDNS,-0.004902829962737845,312477414.0777588
2022-08-17,CF,-0.0018867844854467022,187622354.8942566
2022-08-17,CHD,-0.002090097275243063,129488517.45300293
2022-08-17,CL,-0.006299560467682066,271378883.6277008
2022-08-17,CME,-0.006815460722442779,247862012.44354248
2022-08-17,COIN,-0.0013182737858767667,1262325426.347351
2022-08-17,CPAY,-0.0016525402764554836,105967821.79718018
2022-08-17,CPRT,-0.0007225218399236755,117886443.47381592
2022-08-17,CRM,-0.017324018870659326,754620842.2164917
2022-08-17,CRWD,-0.0009924244733595165,507289581.7581177
2022-08-17,CSCO,-0.018212085903356028,723784412.7710342
2022-08-17,CSGP,-0.0027289200851733407,86407884.15298462
2022-08-17,CSX,-0.006776576789146713,421393918.10626984
2022-08-17,CTAS,-0.0010298773779632653,142496931.69555664
2022-08-17,DDOG,-0.0030009310295690574,498973714.34173584
2022-08-17,DGX,-0.0016639973197584475,99053228.78265381
2022-08-17,DHR,-0.01758644733878831,591418141.8318787
2022-08-17,DVN,-0.003978453046077599,582956703.8589478
2022-08-17,EBAY,-0.0027496539741463134,232131088.74893188
2022-08-17,EFX,-0.0024280756894565136,130974778.28826904
2022-08-17,EL,-0.009571782335361687,297445578.7475586
2022-08-17,EMR,-0.00510820102905176,212885777.60047913
2022-08-17,EW,-0.005972833212254388,237540453.1387329
2022-08-17,FCX,-0.00445076717901312,494544462.8502846
2022-08-17,FDS,-0.0015385030298183352,75716927.4520874
2022-08-17,FFIV,-0.0009662380040600376,84591592.70324707
2022-08-17,FICO,-0.0012124469758528988,65895440.142822266
2022-08-17,FIS,-0.006038927560302686,318616463.0508423
2022-08-17,FISV,-0.0067560182398433075,317468896.50650024
2022-08-17,FTV,-0.0016601782731781804,106829142.68027687
2022-08-17,GEN,-0.0013589637277695039,128696061.34185791
2022-08-17,GPN,-0.003315501383950973,239147766.89453125
2022-08-17,HSY,-0.004472423974606247,176762693.42422485
2022-08-17,IDXX,-0.003213152454243222,221257674.72839355
2022-08-17,IEX,-0.0015181237089339843,78059393.37921143
2022-08-17,INCY,-0.0016347626353870267,93092992.33131409
2022-08-17,INTU,-0.011864525739391295,650348802.2644043
2022-08-17,IQV,-0.004359229887452777,210207712.64343262
2022-08-17,ISRG,-0.007837092532087753,447044291.5382385
2022-08-17,ITW,-0.006188064165650588,175530878.54309082
2022-08-17,JKHY,-0.001496321876450805,82693056.28814697
2022-08-17,JNJ,-0.04442157348946066,958348425.4577637
2022-08-17,KDP,-0.005229494268637641,250259997.06840515
2022-08-17,KEYS,-0.002894339583742062,113904389.94369507
2022-08-17,KO,-0.026509960247155774,705707634.1596603
2022-08-17,LH,-0.002090523663712686,123510939.29073334
2022-08-17,LIN,-0.014623107615936692,387437457.61260986
2022-08-17,LULU,-0.003644311022975493,273537463.381958
2022-08-17,LYV,-0.002010124219815833,113187284.49020386
2022-08-17,MCD,-0.01884759483197662,603221505.4519653
2022-08-17,MCHP,-0.0036345973297708008,276739474.3507385
2022-08-17,MCO,-0.005549142664383662,231709250.23498535
2022-08-17,MDT,-0.011719720317737405,363344707.17315674
2022-08-17,META,-0.04329838240527249,4457933454.037476
2022-08-17,MMM,-0.006519272538080594,421877295.57287216
2022-08-17,MNST,-0.0012548581722893175,230775910.71548462
2022-08-17,MPWR,-0.0020461937745651013,224423139.66064453
2022-08-17,MRK,-0.021583648921355586,675909569.908905
2022-08-17,MRNA,-0.006294691806583397,625967046.018219
2022-08-17,MSCI,-0.003777238005910896,181734254.68139648
2022-08-17,MSFT,-0.1,5960942536.149597
2022-08-17,MSI,-0.003831374753560058,172898170.17059326
2022-08-17,MTD,-0.0029348729988957207,122034118.56689453
2022-08-17,NDSN,-0.0012786747857429382,39243560.85510254
2022-08-17,NEM,-0.0034136493483639934,470232668.2525635
2022-08-17,NOW,-0.0016973535931651509,780229256.7157745
2022-08-17,NSC,-0.00574196846060287,293966698.4664917
2022-08-17,NXPI,-0.004824735630594626,406514099.4415283
2022-08-17,ON,-0.002749112692976188,491071647.91755676
2022-08-17,PAYX,-0.00439468866787732,176729279.11376953
2022-08-17,PFE,-0.027444077596745296,835813162.2314453
2022-08-17,PG,-0.03439229798950435,832970790.9675598
2022-08-17,PH,-0.0036003323247989247,204791054.82330322
2022-08-17,PLTR,-0.0019974824831580336,373112902.0719528
2022-08-17,PTC,-0.0013760130721799711,83762065.12298584
2022-08-17,QCOM,-0.015534150496946916,933727240.0367737
2022-08-17,REGN,-0.006212576886847154,348132160.39733887
2022-08-17,RMD,-0.003334602840971313,114689774.39117432
2022-08-17,ROK,-0.0028187859518678713,198725498.1880188
2022-08-17,RVTY,-0.0018406086273193062,93574585.78033447
2022-08-17,SNPS,-0.005354415229820589,324365759.93652344
2022-08-17,SPGI,-0.008180692991205682,582282397.7203522
2022-08-17,SWKS,-0.0017132008251137146,156850966.20941162
2022-08-17,SYK,-0.007814924570993698,286232405.8029175
2022-08-17,TDY,-0.0017396158847924888,79083253.58581543
2022-08-17,TECH,-0.00035716788098639227,71185693.80340576
2022-08-17,TMO,-0.022613961567145804,615120368.3410645
2022-08-17,TPR,-0.0008947382697970453,93783097.80426025
2022-08-17,TRMB,-0.0016581932714839894,59770284.32884216
2022-08-17,TROW,-0.002689086625166937,150996811.09466553
2022-08-17,TXN,-0.015938565495518458,851033631.7199707
2022-08-17,TYL,-0.001604446535167739,78730942.52929688
2022-08-17,UNP,-0.013822289615876084,516371226.47476196
2022-08-17,VRSK,-0.0029274676044572603,128116584.08508301
2022-08-17,VRSN,-0.0019900023098206637,98167407.92541504
2022-08-17,VRTX,-0.006792550112890939,381755215.48309326
2022-08-17,ZBH,-0.00221086786115773,121451763.23738098
2022-08-17,ZBRA,-0.0018352805665735187,114093221.38061523
2022-08-17,ZTS,-0.008211813384193356,237865818.3013916
2022-11-30,A,0.004364129568498382,189950924.5666504
2022-11-30,AAPL,0.1,11703667385.980225
2022-11-30,ABBV,0.02670629291413375,771917280.7006836
2022-11-30,ABNB,0.005865631252580406,570181913.0897522
2022-11-30,ABT,0.01794555674272452,488732742.24967957
2022-11-30,ADBE,0.015277054126582926,1041705611.9018555
2022-11-30,ADI,0.008163688273396663,645748618.5157776
2022-11-30,ADSK,0.004108787167898252,399308055.34973145
2022-11-30,AKAM,0.0014197307149133613,132274234.46083069
2022-11-30,ALGN,0.0014433145967879444,169527976.02844238
2022-11-30,ALLE,0.0009348243362024502,64060847.761535645
2022-11-30,AMAT,0.009115708962509161,922105323.2654572
2022-11-30,AMD,0.00873678984720851,5557152824.404144
2022-11-30,AME,0.0030768906222545353,123321106.23474121
2022-11-30,AMGN,0.014909246005588142,803963915.9500122
2022-11-30,AOS,0.0009136456642782185,59838812.61024475
2022-11-30,AZO,0.004985727503855301,311152116.1254883
2022-11-30,BIIB,0.004182868774626801,312279878.11279297
2022-11-30,BMY,0.01680500906488436,694729216.1842346
2022-11-30,BX,0.006011193647169174,409235226.4694214
2022-11-30,CBOE,0.0012612984679991033,101857499.27787781
2022-11-30,CCI,0.0057232971779979935,290292165.78826904
2022-11-30,CDNS,0.004440217818033414,243937485.1081848
2022-11-30,CF,0.002094012510007978,236772057.73544312
2022-11-30,CHD,0.0019053924257358282,116122620.04623413
2022-11-30,CL,0.006072006245501959,255387942.9244995
2022-11-30,CME,0.005907018176359135,369269314.9078369
2022-11-30,COIN,0.0009379287073148242,868268273.5858917
2022-11-30,CPAY,0.0014430403491047543,103940426.80511475
2022-11-30,CPRT,0.0007386693327172742,130844666.39556885
2022-11-30,CRL,0.0010758547383832922,140113498.3352661
2022-11-30,CRM,0.014777786174984434,1093603205.6015015
2022-11-30,CRWD,0.0006229374486316031,573581027.0584106
2022-11-30,CSCO,0.019054080733753725,857677486.7650986
2022-11-30,CSGP,0.00298429127364379,171023325.4776001
2022-11-30,CSX,0.006711927635218735,436348481.4169884
2022-11-30,CTAS,0.0010948610797541232,165715112.07580566
2022-11-30,DDOG,0.0021837131022507924,354604627.5192261
2022-11-30,DGX,0.0018121018987765458,159113637.96920776
2022-11-30,DHR,0.016159442852892104,625852035.4958038
2022-11-30,DVN,0.004248680043995681,671909279.3678284
2022-11-30,EBAY,0.0025167484109748415,248238232.16838837
2022-11-30,EFX,0.0022470453778008085,183780284.92889404
2022-11-30,EW,0.004495393561167548,392201369.14520264
2022-11-30,FCX,0.005499792645287995,478646231.8342209
2022-11-30,FDS,0.0016363790079975623,96412032.62786865
2022-11-30,FFIV,0.0008629573715103551,68552671.67663574
2022-11-30,FICO,0.0014535085700877162,115917456.3293457
2022-11-30,FIS,0.004202653874579868,544208085.0147247
2022-11-30,FISV,0.006535213932857496,387434126.24664307
2022-11-30,FTV,0.0017044524763049278,108700105.70245361
2022-11-30,GEN,0.0012459766385121704,135494992.31624603
2022-11-30,GPN,0.0027554537884847564,254143940.90423584
2022-11-30,HON,0.01385722139141968,582513633.2327042
2022-11-30,HSY,0.0045195370397624526,271327458.2672119
2022-11-30,IDXX,0.0033578967433501804,185987177.58483887
2022-11-30,IEX,0.0016918184025425558,74425373.69155884
2022-11-30,INCY,0.0016423587166756464,84836531.50558472
2022-11-30,INTU,0.010714772073835203,747062635.2920532
2022-11-30,IQV,0.003874666149828787,185753871.53320312
2022-11-30,ISRG,0.009018299162427499,462041360.3515625
2022-11-30,ITW,0.0066365862300304425,215526655.22232056
2022-11-30,JKHY,0.0012974331209226783,117421416.4276123
2022-11-30,JNJ,0.04438093563538828,1078508307.7766418
2022-11-30,KDP,0.005113307798403181,263146262.53852844
2022-11-30,KEYS,0.00315406916276486,165500915.8843994
2022-11-30,KO,0.025741282319108678,726753822.0901489
2022-11-30,LH,0.0018799347427268837,210820552.9464569
2022-11-30,LIN,0.015959516537910896,561352836.9384766
2022-11-30,LULU,0.004372253161662694,381793958.87298584
2022-11-30,LYV,0.0015242692493000701,179963887.59269714
2022-11-30,MCD,0.01912255106364886,833696477.0523071
2022-11-30,MCHP,0.004094372633564216,374318008.17108154
2022-11-30,MCO,0.005225783181669731,199883612.18719482
2022-11-30,MDT,0.009807454554985323,680633962.7418518
2022-11-30,META,0.031483216499526706,5038170757.261276
2022-11-30,MMM,0.005616033548861065,295232667.3646889
2022-11-30,MNST,0.0012691774435535472,235224544.83070374
2022-11-30,MPWR,0.001647407344378683,236247471.14105225
2022-11-30,MRK,0.026059908099250705,919405217.3812866
2022-11-30,MRNA,0.006610139612645374,649487043.812561
2022-11-30,MRVL,0.0036726687018886215,506134426.61151886
2022-11-30,MSCI,0.0039036284152720252,168409210.26306152
2022-11-30,MSFT,0.1,6556672920.524597
2022-11-30,MSI,0.004281720078287884,190491377.1133423
2022-11-30,MTD,0.003130094765179367,156471249.38964844
2022-11-30,NDSN,0.0012823525271561228,51664942.26760864
2022-11-30,NEM,0.0035055766945953962,311983759.8754883
2022-11-30,NOW,0.0015496349736919593,567064267.6849365
2022-11-30,NSC,0.005743916767927215,275399015.26260376
2022-11-30,NTAP,0.0013869112443321173,81660750.2696991
2022-11-30,NXPI,0.004519437753542604,364127059.4696045
2022-11-30,ON,0.0030324363062624606,415368450.16937256
2022-11-30,PAYX,0.0041622066101072875,172664397.8805542
2022-11-30,PFE,0.026680669725110854,946668407.4783325
2022-11-30,PG,0.0353140265628278,848779231.9755554
2022-11-30,PLTR,0.0014178543028228008,275270732.67593384
2022-11-30,PNR,0.0007045957278056234,59700772.05429077
2022-11-30,PTC,0.001393383491604015,123889751.1390686
2022-11-30,QCOM,0.013221381788448798,1021087583.7768555
2022-11-30,REGN,0.007864162207370245,461885412.45422363
2022-11-30,ROL,0.0018548670726977205,63041570.186042786
2022-11-30,RVTY,0.0016447697892764692,123368165.05889893
2022-11-30,SLB,0.006745583400152582,702924813.2720947
2022-11-30,SNPS,0.004845888169740533,237282981.49261475
2022-11-30,SPGI,0.007500421830417969,560252268.9813538
2022-11-30,SWKS,0.0014283226135439555,178507123.7323761
2022-11-30,SYK,0.008337406936575437,308137960.458374
2022-11-30,TDY,0.0018289968873652866,111270104.67224121
2022-11-30,TECH,0.00031033127803501256,90564037.0010376
2022-11-30,TMO,0.02073786971752434,748220405.0384521
2022-11-30,TRMB,0.0013978276261364228,68561006.341362
2022-11-30,TROW,0.0026648225192487597,198208270.74661255
2022-11-30,TXN,0.01574968479321297,931729865.6295776
2022-11-30,TYL,0.0013500344860118572,116669817.18139648
2022-11-30,UNP,0.012951728338058537,696726970.6466675
2022-11-30,VRSK,0.0027690319950981613,178407268.8217163
2022-11-30,VRSN,0.0020590609850237194,102411658.85620117
2022-11-30,VRTX,0.007507641788241358,404201958.7814331
2022-11-30,ZBH,0.0023561546132120754,129643147.60894775
2022-11-30,ZBRA,0.0013584301156178487,125968142.15698242
2022-11-30,ZTS,0.006792041145714866,376925221.0014343
2022-12-05,A,-0.004364129568498382,189950924.5666504
2022-12-05,AAPL,-0.1,10723529054.240417
2022-12-05,ABBV,-0.02670629291413375,818117449.3545532
2022-12-05,ABNB,-0.005865631252580406,512462169.9459076
2022-12-05,ABT,-0.01794555674272452,500729364.0823364
2022-12-05,ADBE,-0.015277054126582926,978252290.7287598
2022-12-05,ADI,-0.008163688273396663,631883817.0021057
2022-12-05,ADSK,-0.004108787167898252,348828437.38098145
2022-12-05,AKAM,-0.0014197307149133613,132274234.46083069
2022-12-05,ALGN,-0.0014433145967879444,168225045.58868408
2022-12-05,ALLE,-0.0009348243362024502,60750600.37231445
2022-12-05,AMAT,-0.009115708962509161,872388418.7583923
2022-12-05,AMD,-0.00873678984720851,4837821928.1188965
2022-12-05,AME,-0.0030768906222545353,123321106.23474121
2022-12-05,AMGN,-0.014909246005588142,808095214.0411377
2022-12-05,AOS,-0.0009136456642782185,60533312.86392212
2022-12-05,AZO,-0.004985727503855301,319440013.68408203
2022-12-05,BIIB,-0.004182868774626801,362995798.62060547
2022-12-05,BMY,-0.01680500906488436,694729216.1842346
2022-12-05,BX,-0.006011193647169174,446868148.14071655
2022-12-05,CBOE,-0.0012612984679991033,85965978.94630432
2022-12-05,CCI,-0.0057232971779979935,282071866.9921875
2022-12-05,CDNS,-0.004440217818033414,223781405.26504517
2022-12-05,CF,-0.002094012510007978,220495217.46749878
2022-12-05,CHD,-0.0019053924257358282,114541810.69259644
2022-12-05,CL,-0.006072006245501959,245581953.79753113
2022-12-05,CME,-0.005907018176359135,407006497.1420288
2022-12-05,COIN,-0.0009379287073148242,840844604.3212891
2022-12-05,CPAY,-0.0014430403491047543,88677906.37207031
2022-12-05,CPRT,-0.0007386693327172742,131630721.47216797
2022-12-05,CRL,-0.0010758547383832922,140113498.3352661
2022-12-05,CRM,-0.014777786174984434,1139824470.5986023
2022-12-05,CRWD,-0.0006229374486316031,584660271.0533142
2022-12-05,CSCO,-0.019054080733753725,857677486.7650986
2022-12-05,CSGP,-0.00298429127364379,179223964.68582153
2022-12-05,CSX,-0.006711927635218735,434000257.88707733
2022-12-05,CTAS,-0.0010948610797541232,146385438.89160156
2022-12-05,DDOG,-0.0021837131022507924,324955454.7859192
2022-12-05,DGX,-0.0018121018987765458,164195553.01437378
2022-12-05,DHR,-0.016159442852892104,586944074.3981857
2022-12-05,DVN,-0.004248680043995681,639922419.80896
2022-12-05,EBAY,-0.0025167484109748415,214749759.44900513
2022-12-05,EFX,-0.0022470453778008085,179788399.9847412
2022-12-05,EW,-0.004495393561167548,356597022.93434143
2022-12-05,FCX,-0.005499792645287995,476414646.8772888
2022-12-05,FDS,-0.0016363790079975623,92448418.05267334
2022-12-05,FFIV,-0.0008629573715103551,63002931.03790283
2022-12-05,FICO,-0.0014535085700877162,123474257.97729492
2022-12-05,FIS,-0.004202653874579868,538487569.4133759
2022-12-05,FISV,-0.006535213932857496,342470194.1925049
2022-12-05,FTV,-0.0017044524763049278,106199273.40112686
2022-12-05,GEN,-0.0012459766385121704,118458851.26590729
2022-12-05,GPN,-0.0027554537884847564,246877798.73046875
2022-12-05,HON,-0.01385722139141968,573537815.6009293
2022-12-05,HSY,-0.0045195370397624526,209692760.61172485
2022-12-05,IDXX,-0.0033578967433501804,166203417.72460938
2022-12-05,IEX,-0.0016918184025425558,78545517.83294678
2022-12-05,INCY,-0.0016423587166756464,84836531.50558472
2022-12-05,INTU,-0.010714772073835203,709187225.6484985
2022-12-05,IQV,-0.003874666149828787,185394073.04382324
2022-12-05,ISRG,-0.009018299162427499,434810492.4209595
2022-12-05,ITW,-0.0066365862300304425,223841296.8360901
2022-12-05,JKHY,-0.0012974331209226783,103090075.51956177
2022-12-05,JNJ,-0.04438093563538828,1078508307.7766418
2022-12-05,KDP,-0.005113307798403181,257408842.3625946
2022-12-05,KEYS,-0.00315406916276486,159641357.9498291
2022-12-05,KO,-0.025741282319108678,766848179.094696
2022-12-05,LH,-0.0018799347427268837,187269605.29817963
2022-12-05,LIN,-0.015959516537910896,486469044.73876953
2022-12-05,LULU,-0.004372253161662694,429051912.81433105
2022-12-05,LYV,-0.0015242692493000701,171664212.04948425
2022-12-05,MCD,-0.01912255106364886,773733564.1937256
2022-12-05,MCHP,-0.004094372633564216,366112275.50201416
2022-12-05,MCO,-0.005225783181669731,204254638.52996826
2022-12-05,MDT,-0.009807454554985323,680633962.7418518
2022-12-05,META,-0.031483216499526706,4372721361.531448
2022-12-05,MMM,-0.005616033548861065,293360964.7673378
2022-12-05,MNST,-0.0012691774435535472,224625011.8408203
2022-12-05,MPWR,-0.001647407344378683,216879074.7039795
2022-12-05,MRK,-0.026059908099250705,892882849.4945526
2022-12-05,MRNA,-0.006610139612645374,621336959.892273
2022-12-05,MRVL,-0.0036726687018886215,501224454.4496536
2022-12-05,MSCI,-0.0039036284152720252,180898551.31988525
2022-12-05,MSFT,-0.1,6321045820.774841
2022-12-05,MSI,-0.004281720078287884,183521386.38687134
2022-12-05,MTD,-0.003130094765179367,156471249.38964844
2022-12-05,NDSN,-0.0012823525271561228,50260544.2199707
2022-12-05,NEM,-0.0035055766945953962,311983759.8754883
2022-12-05,NOW,-0.0015496349736919593,567064267.6849365
2022-12-05,NSC,-0.005743916767927215,282020172.07107544
2022-12-05,NTAP,-0.0013869112443321173,90290889.18457031
2022-12-05,NXPI,-0.004519437753542604,334724174.53460693
2022-12-05,ON,-0.0030324363062624606,391247346.6117859
2022-12-05,PAYX,-0.0041622066101072875,168047089.04762268
2022-12-05,PFE,-0.026680669725110854,885271449.6013641
2022-12-05,PG,-0.0353140265628278,848779231.9755554
2022-12-05,PLTR,-0.0014178543028228008,251370538.06900978
2022-12-05,PNR,-0.0007045957278056234,52253111.5814209
2022-12-05,PTC,-0.001393383491604015,93468182.86590576
2022-12-05,QCOM,-0.013221381788448798,880229013.5681152
2022-12-05,REGN,-0.007864162207370245,412191063.16833496
2022-12-05,ROL,-0.0018548670726977205,61983888.80119324
2022-12-05,RVTY,-0.0016447697892764692,110587841.23306274
2022-12-05,SLB,-0.006745583400152582,633873572.0977783
2022-12-05,SNPS,-0.004845888169740533,286310692.666626
2022-12-05,SPGI,-0.007500421830417969,608948865.6553345
2022-12-05,SWKS,-0.0014283226135439555,173763794.9333191
2022-12-05,SYK,-0.008337406936575437,293273085.2745056
2022-12-05,TDY,-0.0018289968873652866,98636025.56304932
2022-12-05,TECH,-0.00031033127803501256,80505670.01342773
2022-12-05,TMO,-0.02073786971752434,746473261.71875
2022-12-05,TRMB,-0.0013978276261364228,59914056.02645874
2022-12-05,TROW,-0.0026648225192487597,194932079.89501953
2022-12-05,TXN,-0.01574968479321297,895950932.0121765
2022-12-05,TYL,-0.0013500344860118572,115732358.14208984
2022-12-05,UNP,-0.012951728338058537,684630571.2135315
2022-12-05,VRSK,-0.0027690319950981613,160356329.6043396
2022-12-05,VRSN,-0.0020590609850237194,104079034.99298096
2022-12-05,VRTX,-0.007507641788241358,404201958.7814331
2022-12-05,ZBH,-0.0023561546132120754,121552115.54412842
2022-12-05,ZBRA,-0.0013584301156178487,124868555.96008301
2022-12-05,ZTS,-0.006792041145714866,350391797.8248596
2022-12-13,A,0.004364129568498382,196933585.21270752
2022-12-13,AAPL,0.1,10039336786.297607
2022-12-13,ABBV,0.02670629291413375,784012593.2144165
2022-12-13,ABNB,0.005865631252580406,501463053.1845093
2022-12-13,ABT,0.01794555674272452,491101305.0312042
2022-12-13,ADBE,0.015277054126582926,850487977.1286011
2022-12-13,ADI,0.008163688273396663,573666596.8055725
2022-12-13,ADSK,0.004108787167898252,314531499.7375488
2022-12-13,AKAM,0.0014197307149133613,113903075.3982544
2022-12-13,ALGN,0.0014433145967879444,143114248.56948853
2022-12-13,ALLE,0.0009348243362024502,56740156.34536743
2022-12-13,AMAT,0.009115708962509161,668890888.343811
2022-12-13,AMD,0.00873678984720851,4436867017.639923
2022-12-13,AME,0.0030768906222545353,110930637.76626587
2022-12-13,AMGN,0.014909246005588142,725666187.3168945
2022-12-13,AOS,0.0009136456642782185,58039198.693847656
2022-12-13,AZO,0.004985727503855301,325228946.70410156
2022-12-13,BIIB,0.004182868774626801,306494907.6370239
2022-12-13,BMY,0.01680500906488436,596560920.5795288
2022-12-13,BX,0.006011193647169174,601206099.5491028
2022-12-13,CBOE,0.0012612984679991033,79235088.40484619
2022-12-13,CCI,0.0057232971779979935,274981801.18865967
2022-12-13,CDNS,0.004440217818033414,222837999.1973877
2022-12-13,CF,0.002094012510007978,205254582.59658813
2022-12-13,CHD,0.0019053924257358282,114541810.69259644
2022-12-13,CL,0.006072006245501959,267994105.966568
2022-12-13,CME,0.005907018176359135,423026769.03533936
2022-12-13,COIN,0.0009379287073148242,520350621.65031433
2022-12-13,CPAY,0.0014430403491047543,87085538.16833496
2022-12-13,CPRT,0.0007386693327172742,131630721.47216797
2022-12-13,CRL,0.0010758547383832922,143436731.41326904
2022-12-13,CRM,0.014777786174984434,1332085258.8615417
2022-12-13,CRWD,0.0006229374486316031,532995582.63816833
2022-12-13,CSCO,0.019054080733753725,772540673.5567093
2022-12-13,CSGP,0.00298429127364379,167021220.4662323
2022-12-13,CSX,0.006711927635218735,448186306.2963486
2022-12-13,CTAS,0.0010948610797541232,132971132.10449219
2022-12-13,DDOG,0.0021837131022507924,338619431.5132141
2022-12-13,DGX,0.0018121018987765458,157679650.0
2022-12-13,DHR,0.016159442852892104,552980413.1959839
2022-12-13,DVN,0.004248680043995681,673288135.0891113
2022-12-13,EBAY,0.0025167484109748415,200003765.4680252
2022-12-13,EFX,0.0022470453778008085,167157377.70385742
2022-12-13,EW,0.004495393561167548,373420120.12557983
2022-12-13,FCX,0.005499792645287995,472443311.0578537
2022-12-13,FDS,0.0016363790079975623,96522821.1807251
2022-12-13,FFIV,0.0008629573715103551,59595648.51226807
2022-12-13,FICO,0.0014535085700877162,111891201.42822266
2022-12-13,FIS,0.004202653874579868,549274771.9057083
2022-12-13,FISV,0.006535213932857496,297865706.7440033
2022-12-13,FTV,0.0017044524763049278,97088393.82734871
2022-12-13,GEN,0.0012459766385121704,76037779.34808731
2022-12-13,GPN,0.0027554537884847564,234147655.00793457
2022-12-13,HON,0.01385722139141968,560340738.4218445
2022-12-13,HSY,0.0045195370397624526,212944494.72885132
2022-12-13,IDXX,0.0033578967433501804,153582071.9329834
2022-12-13,IEX,0.0016918184025425558,71369373.55041504
2022-12-13,INCY,0.0016423587166756464,87255021.64001465
2022-12-13,INTU,0.010714772073835203,651848915.5502319
2022-12-13,IQV,0.003874666149828787,191180132.07473755
2022-12-13,ISRG,0.009018299162427499,419985088.35601807
2022-12-13,ITW,0.0066365862300304425,223841296.8360901
2022-12-13,JKHY,0.0012974331209226783,90006006.37741089
2022-12-13,JNJ,0.04438093563538828,1007260020.262146
2022-12-13,KDP,0.005113307798403181,257408842.3625946
2022-12-13,KEYS,0.00315406916276486,159641357.9498291
2022-12-13,KO,0.025741282319108678,766848179.094696
2022-12-13,LH,0.0018799347427268837,147413902.205719
2022-12-13,LIN,0.015959516537910896,447255929.5944214
2022-12-13,LULU,0.004372253161662694,463910527.7618408
2022-12-13,LYV,0.0015242692493000701,179963887.59269714
2022-12-13,MCD,0.01912255106364886,773733564.1937256
2022-12-13,MCHP,0.004094372633564216,307922583.5723877
2022-12-13,MCO,0.005225783181669731,204254638.52996826
2022-12-13,MDT,0.009807454554985323,648148394.6231842
2022-12-13,META,0.031483216499526706,3634532922.4327087
2022-12-13,MMM,0.005616033548861065,315396529.9027748
2022-12-13,MNST,0.0012691774435535472,190564022.43232727
2022-12-13,MPWR,0.001647407344378683,201521466.19262695
2022-12-13,MRK,0.026059908099250705,898649324.1855621
2022-12-13,MRNA,0.006610139612645374,625450320.4650879
2022-12-13,MRVL,0.0036726687018886215,434491193.72997284
2022-12-13,MSCI,0.0039036284152720252,176388300.4348755
2022-12-13,MSFT,0.1,5709116244.025421
2022-12-13,MSI,0.004281720078287884,164122108.8027954
2022-12-13,MTD,0.003130094765179367,131807751.66015625
2022-12-13,NDSN,0.0012823525271561228,47501066.43676758
2022-12-13,NEM,0.0035055766945953962,301797775.06103516
2022-12-13,NOW,0.0015496349736919593,515605804.7847748
2022-12-13,NSC,0.005743916767927215,282020172.07107544
2022-12-13,NTAP,0.0013869112443321173,113019357.19299316
2022-12-13,NXPI,0.004519437753542604,302260492.3477173
2022-12-13,ON,0.0030324363062624606,345680714.89982605
2022-12-13,PAYX,0.0041622066101072875,159486123.9429474
2022-12-13,PFE,0.026680669725110854,938870097.4754333
2022-12-13,PG,0.0353140265628278,881761902.6390076
2022-12-13,PLTR,0.0014178543028228008,200893920.61462402
2022-12-13,PNR,0.0007045957278056234,43183380.237960815
2022-12-13,PTC,0.001393383491604015,90952018.55926514
2022-12-13,QCOM,0.013221381788448798,857025498.5927582
2022-12-13,REGN,0.007864162207370245,391448050.62561035
2022-12-13,ROL,0.0018548670726977205,63333639.28756714
2022-12-13,RVTY,0.0016447697892764692,96775474.20272827
2022-12-13,SLB,0.006745583400152582,556192264.6661758
2022-12-13,SNPS,0.004845888169740533,265764060.00976562
2022-12-13,SPGI,0.007500421830417969,625996528.7770691
2022-12-13,SWKS,0.0014283226135439555,166555331.30264282
2022-12-13,SYK,0.008337406936575437,283636266.7160034
2022-12-13,TDY,0.0018289968873652866,85234964.28833008
2022-12-13,TECH,0.00031033127803501256,72560003.76434326
2022-12-13,TMO,0.02073786971752434,669665896.1914062
2022-12-13,TRMB,0.0013978276261364228,58771272.99346924
2022-12-13,TROW,0.0026648225192487597,184172567.93403625
2022-12-13,TXN,0.01574968479321297,846533569.8646545
2022-12-13,TYL,0.0013500344860118572,96629389.45007324
2022-12-13,UNP,0.012951728338058537,572132856.22406
2022-12-13,VRSK,0.0027690319950981613,161079771.79718018
2022-12-13,VRSN,0.0020590609850237194,102520364.13116455
2022-12-13,VRTX,0.007507641788241358,357622272.34191895
2022-12-13,ZBH,0.0023561546132120754,136242726.2435913
2022-12-13,ZBRA,0.0013584301156178487,123744663.56964111
2022-12-13,ZTS,0.006792041145714866,336352614.60723877
2022-12-14,A,-0.004364129568498382,204856065.57159424
2022-12-14,AAPL,-0.1,10039336786.297607
2022-12-14,ABBV,-0.02670629291413375,769233615.1290894
2022-12-14,ABNB,-0.005865631252580406,501463053.1845093
2022-12-14,ABT,-0.01794555674272452,491101305.0312042
2022-12-14,ADBE,-0.015277054126582926,850487977.1286011
2022-12-14,ADI,-0.008163688273396663,551174009.3887329
2022-12-14,ADSK,-0.004108787167898252,309313121.8078613
2022-12-14,AKAM,-0.0014197307149133613,109892247.7394104
2022-12-14,ALGN,-0.0014433145967879444,138619423.95324707
2022-12-14,ALLE,-0.0009348243362024502,57926847.86376953
2022-12-14,AMAT,-0.009115708962509161,668890888.343811
2022-12-14,AMD,-0.00873678984720851,4436867017.639923
2022-12-14,AME,-0.0030768906222545353,110930637.76626587
2022-12-14,AMGN,-0.014909246005588142,725666187.3168945
2022-12-14,AOS,-0.0009136456642782185,59410035.086631775
2022-12-14,AZO,-0.004985727503855301,325228946.70410156
2022-12-14,BIIB,-0.004182868774626801,302417590.22369385
2022-12-14,BMY,-0.01680500906488436,596560920.5795288
2022-12-14,BX,-0.006011193647169174,536793005.16319275
2022-12-14,CBOE,-0.0012612984679991033,74307163.81149292
2022-12-14,CCI,-0.0057232971779979935,277247268.18084717
2022-12-14,CDNS,-0.004440217818033414,222837999.1973877
2022-12-14,CF,-0.002094012510007978,205254582.59658813
2022-12-14,CHD,-0.0019053924257358282,114541810.69259644
2022-12-14,CL,-0.006072006245501959,282800145.7397461
2022-12-14,CME,-0.005907018176359135,427038487.7784729
2022-12-14,COIN,-0.0009379287073148242,520350621.65031433
2022-12-14,CPAY,-0.0014430403491047543,88648503.05786133
2022-12-14,CPRT,-0.0007386693327172742,131630721.47216797
2022-12-14,CRL,-0.0010758547383832922,143436731.41326904
2022-12-14,CRM,-0.014777786174984434,1321992090.6394958
2022-12-14,CRWD,-0.0006229374486316031,524980798.77319336
2022-12-14,CSCO,-0.019054080733753725,772540673.5567093
2022-12-14,CSGP,-0.00298429127364379,172229270.63827515
2022-12-14,CSX,-0.006711927635218735,438706035.1276398
2022-12-14,CTAS,-0.0010948610797541232,131887721.6506958
2022-12-14,DDOG,-0.0021837131022507924,338619431.5132141
2022-12-14,DGX,-0.0018121018987765458,157679650.0
2022-12-14,DHR,-0.016159442852892104,552980413.1959839
2022-12-14,DVN,-0.004248680043995681,673288135.0891113
2022-12-14,EBAY,-0.0025167484109748415,200003765.4680252
2022-12-14,EFX,-0.0022470453778008085,167157377.70385742
2022-12-14,EW,-0.004495393561167548,371808220.4986572
2022-12-14,FCX,-0.005499792645287995,460152319.3555832
2022-12-14,FDS,-0.0016363790079975623,97596482.57751465
2022-12-14,FFIV,-0.0008629573715103551,59595648.51226807
2022-12-14,FICO,-0.0014535085700877162,111891201.42822266
2022-12-14,FIS,-0.004202653874579868,549274771.9057083
2022-12-14,FISV,-0.006535213932857496,297865706.7440033
2022-12-14,FTV,-0.0017044524763049278,97088393.82734871
2022-12-14,GEN,-0.0012459766385121704,73140474.99036789
2022-12-14,GPN,-0.0027554537884847564,234147655.00793457
2022-12-14,HON,-0.01385722139141968,560340738.4218445
2022-12-14,HSY,-0.0045195370397624526,205744247.94387817
2022-12-14,IDXX,-0.0033578967433501804,153582071.9329834
2022-12-14,IEX,-0.0016918184025425558,71369373.55041504
2022-12-14,INCY,-0.0016423587166756464,89102661.55776978
2022-12-14,INTU,-0.010714772073835203,651848915.5502319
2022-12-14,IQV,-0.003874666149828787,192529689.24331665
2022-12-14,ISRG,-0.009018299162427499,419985088.35601807
2022-12-14,ITW,-0.0066365862300304425,213389805.06973267
2022-12-14,JKHY,-0.0012974331209226783,90006006.37741089
2022-12-14,JNJ,-0.04438093563538828,1007260020.262146
2022-12-14,KDP,-0.005113307798403181,257408842.3625946
2022-12-14,KEYS,-0.00315406916276486,162215261.51733398
2022-12-14,KO,-0.025741282319108678,766848179.094696
2022-12-14,LH,-0.0018799347427268837,151217296.20558167
2022-12-14,LIN,-0.015959516537910896,447255929.5944214
2022-12-14,LULU,-0.004372253161662694,463910527.7618408
2022-12-14,LYV,-0.0015242692493000701,164272181.09779358
2022-12-14,MCD,-0.01912255106364886,764382806.9595337
2022-12-14,MCHP,-0.004094372633564216,293132883.4388733
2022-12-14,MCO,-0.005225783181669731,204254638.52996826
2022-12-14,MDT,-0.009807454554985323,674406078.8383484
2022-12-14,META,-0.031483216499526706,3634532922.4327087
2022-12-14,MMM,-0.005616033548861065,316612013.8883896
2022-12-14,MNST,-0.0012691774435535472,190564022.43232727
2022-12-14,MPWR,-0.001647407344378683,201521466.19262695
2022-12-14,MRK,-0.026059908099250705,925171692.0722961
2022-12-14,MRNA,-0.006610139612645374,625450320.4650879
2022-12-14,MRVL,-0.0036726687018886215,434491193.72997284
2022-12-14,MSCI,-0.0039036284152720252,176388300.4348755
2022-12-14,MSFT,-0.1,5709116244.025421
2022-12-14,MSI,-0.004281720078287884,164122108.8027954
2022-12-14,MTD,-0.003130094765179367,131807751.66015625
2022-12-14,NDSN,-0.0012823525271561228,47501066.43676758
2022-12-14,NEM,-0.0035055766945953962,301797775.06103516
2022-12-14,NOW,-0.0015496349736919593,515605804.7847748
2022-12-14,NSC,-0.005743916767927215,282020172.07107544
2022-12-14,NTAP,-0.0013869112443321173,113019357.19299316
2022-12-14,NXPI,-0.004519437753542604,302260492.3477173
2022-12-14,ON,-0.0030324363062624606,345680714.89982605
2022-12-14,PAYX,-0.0041622066101072875,159486123.9429474
2022-12-14,PFE,-0.026680669725110854,938870097.4754333
2022-12-14,PG,-0.0353140265628278,881761902.6390076
2022-12-14,PLTR,-0.0014178543028228008,198876263.56663704
2022-12-14,PNR,-0.0007045957278056234,43183380.237960815
2022-12-14,PTC,-0.001393383491604015,85341305.4901123
2022-12-14,QCOM,-0.013221381788448798,857025498.5927582
2022-12-14,REGN,-0.007864162207370245,391448050.62561035
2022-12-14,ROL,-0.0018548670726977205,65411039.03198242
2022-12-14,RVTY,-0.0016447697892764692,96775474.20272827
2022-12-14,SLB,-0.006745583400152582,556192264.6661758
2022-12-14,SNPS,-0.004845888169740533,271246534.954834
2022-12-14,SPGI,-0.007500421830417969,625996528.7770691
2022-12-14,SWKS,-0.0014283226135439555,166555331.30264282
2022-12-14,SYK,-0.008337406936575437,283636266.7160034
2022-12-14,TDY,-0.0018289968873652866,85234964.28833008
2022-12-14,TECH,-0.00031033127803501256,72560003.76434326
2022-12-14,TMO,-0.02073786971752434,669665896.1914062
2022-12-14,TRMB,-0.0013978276261364228,61364055.70602417
2022-12-14,TROW,-0.0026648225192487597,184172567.93403625
2022-12-14,TXN,-0.01574968479321297,846533569.8646545
2022-12-14,TYL,-0.0013500344860118572,89730822.23510742
2022-12-14,UNP,-0.012951728338058537,572132856.22406
2022-12-14,VRSK,-0.0027690319950981613,159102257.98187256
2022-12-14,VRSN,-0.0020590609850237194,104187740.26794434
2022-12-14,VRTX,-0.007507641788241358,357622272.34191895
2022-12-14,ZBH,-0.0023561546132120754,144142003.96575928
2022-12-14,ZBRA,-0.0013584301156178487,122288338.23394775
2022-12-14,ZTS,-0.006792041145714866,327709901.57928467
2023-01-11,A,0.004285832107814764,192812238.22097778
2023-01-11,AAPL,0.1,10415027461.8721
2023-01-11,ABBV,0.02787995666332575,702328637.2848511
2023-01-11,ABNB,0.005112183181020908,406078163.45214844
2023-01-11,ABT,0.019068194093221937,460518236.8507385
2023-01-11,ADBE,0.015518646063350206,765759606.2255859
2023-01-11,ADI,0.008110169506048079,503866755.1979065
2023-01-11,ADSK,0.003958500964977349,227526139.29519653
2023-01-11,AKAM,0.0013136262898118067,101532490.26794434
2023-01-11,ALGN,0.0016115467706381435,185230125.239563
2023-01-11,ALLE,0.0009014576415621097,60685150.77171326
2023-01-11,AMAT,0.007979003199728997,596266098.0377197
2023-01-11,AMD,0.007589577136868667,3034660769.293976
2023-01-11,AME,0.0031428311515670888,115998341.49017334
2023-01-11,AMGN,0.014235245338817596,548180484.9853516
2023-01-11,AOS,0.0008964457693649613,61381959.44843292
2023-01-11,AZO,0.004963903633198022,313028665.5517578
2023-01-11,BIIB,0.003951919717483276,269273734.9914551
2023-01-11,BMY,0.01568135403228684,573243319.8963165
2023-01-11,BX,0.005072990320594216,337271140.8531189
2023-01-11,CBOE,0.0012990412314454773,69017378.6907196
2023-01-11,CCI,0.005714969846656069,309040806.7352295
2023-01-11,CDNS,0.004316680826209583,203292717.81921387
2023-01-11,CF,0.0017169320458970349,243378762.72125244
2023-01-11,CHD,0.0019533044528118044,84451223.10943604
2023-01-11,CL,0.006428876313818054,235017979.75845337
2023-01-11,CME,0.005859596241495468,299431820.2636719
2023-01-11,COIN,0.0007557368042815702,424529008.5254669
2023-01-11,CPAY,0.0014065744291603844,78426564.05029297
2023-01-11,CPRT,0.0007035648390822096,107248861.3861084
2023-01-11,CRL,0.0010678567543180373,101443711.74240112
2023-01-11,CRM,0.012730442066592157,1215772475.2792358
2023-01-11,CRWD,0.0005804449248043489,455325557.9559326
2023-01-11,CSCO,0.019008594392961004,778935734.0875626
2023-01-11,CSGP,0.0029629905367065095,124146764.47105408
2023-01-11,CSX,0.006622701125268394,352238275.81329346
2023-01-11,CTAS,0.001114855157443966,161627206.69555664
2023-01-11,DDOG,0.00220520877081261,250752395.86257935
2023-01-11,DGX,0.001943990858505044,158505544.62661743
2023-01-11,DHR,0.01633304010397406,683464311.9885101
2023-01-11,DVN,0.003971035733754049,472843554.621315
2023-01-11,EBAY,0.0023914258960190363,194662988.2675171
2023-01-11,EFX,0.0023038754149375157,116984376.52206421
2023-01-11,EW,0.004520512357291097,273144991.93611145
2023-01-11,FCX,0.005467241208643149,415988608.56723785
2023-01-11,FDS,0.0014818456772667781,97747700.93231201
2023-01-11,FFIV,0.0008339793455391138,66071202.2857666
2023-01-11,FICO,0.0014617251034938182,89574156.09741211
2023-01-11,FIS,0.004090513940254984,345381779.29000854
2023-01-11,FISV,0.006589756793652872,289957946.9795227
2023-01-11,FTV,0.0016879285539957065,83828816.85667229
2023-01-11,GEN,0.0012108256056531166,58204850.63009262
2023-01-11,GPN,0.0027456018975899918,163567431.66351318
2023-01-11,HON,0.014082711416741295,550085033.7242126
2023-01-11,HSY,0.004633570014583177,166383015.82870483
2023-01-11,IDXX,0.0033491087871698284,174565609.0637207
2023-01-11,IEX,0.0016935295282295532,78846012.86087036
2023-01-11,INCY,0.0017239247187540952,109318904.10842896
2023-01-11,INTU,0.010653098841848155,509184539.92614746
2023-01-11,IQV,0.0037912296493023785,177025551.78222656
2023-01-11,ISRG,0.009214557336942184,440744197.63183594
2023-01-11,ITW,0.006692008762580329,184524458.52737427
2023-01-11,JKHY,0.0012524679151451586,64430438.67492676
2023-01-11,JNJ,0.04585761505240893,1056608018.8468933
2023-01-11,KDP,0.004909423619726143,235671681.95877075
2023-01-11,KEYS,0.003022607089215595,139810005.5419922
2023-01-11,KO,0.02680103487686071,639627679.8305511
2023-01-11,LH,0.0019148822899577927,145216586.23975372
2023-01-11,LIN,0.016107908960049842,594695793.081665
2023-01-11,LULU,0.00383490268760344,628298604.598999
2023-01-11,LYV,0.001521150907816896,118624987.58544922
2023-01-11,MCD,0.01923396476142055,631839464.8330688
2023-01-11,MCHP,0.00378167954188238,273840961.09161377
2023-01-11,MCO,0.005082477854839881,163207556.92138672
2023-01-11,MDT,0.010040689860304899,569707916.9219971
2023-01-11,META,0.033401085714694044,3393260353.209305
2023-01-11,MMM,0.005566414615988874,315886798.4754181
2023-01-11,MNST,0.0013043423324126217,167542305.50003052
2023-01-11,MPWR,0.001587921500953703,201959344.44885254
2023-01-11,MRK,0.02733728289582703,944817861.239624
2023-01-11,MRNA,0.007027424057070643,1047506272.1588135
2023-01-11,MRVL,0.0030446292721515874,392611920.9121704
2023-01-11,MSCI,0.0037229159009823003,177675983.89892578
2023-01-11,MSFT,0.1,6487794912.923431
2023-01-11,MSI,0.004220683375716956,127647965.67993164
2023-01-11,MTD,0.00320549121831349,136727569.66552734
2023-01-11,NDSN,0.001318019765329712,53914190.590667725
2023-01-11,NEM,0.0036291391622549803,308880777.2403717
2023-01-11,NOW,0.0015047980005002382,476543405.88378906
2023-01-11,NSC,0.005745371355801596,238204080.46417236
2023-01-11,NTAP,0.0012827571771757329,98489429.41074371
2023-01-11,NXPI,0.004228902438857636,294962445.5192566
2023-01-11,ON,0.002618610997206038,366250924.4333267
2023-01-11,PAYX,0.004037623368531573,178101813.9602661
2023-01-11,PFE,0.028394193288269212,911008437.3775482
2023-01-11,PG,0.0373594806022632,877677862.8250122
2023-01-11,PLTR,0.0012636498829490042,193662309.95824337
2023-01-11,PNR,0.000720941327051179,66153323.16379547
2023-01-11,PTC,0.0013689790043641809,65055393.478393555
2023-01-11,QCOM,0.01196458913553748,859291721.7086792
2023-01-11,REGN,0.007858860896713784,391133886.4532471
2023-01-11,ROL,0.0017449846043366244,49872657.63645172
2023-01-11,RVTY,0.0017184892797924981,94280443.23043823
2023-01-11,SLB,0.007283517802073496,453015183.4598541
2023-01-11,SNPS,0.004723190711836014,221765241.82739258
2023-01-11,SPGI,0.007413879294635642,451987022.18733215
2023-01-11,SWKS,0.00141729515852783,182993962.49542236
2023-01-11,SYK,0.009074064102688073,325090329.7653198
2023-01-11,TDY,0.0018127751231935513,62926209.576416016
2023-01-11,TECH,0.00031508581056370426,57167265.967559814
2023-01-11,TMO,0.02122433703726427,872422175.9429932
2023-01-11,TRMB,0.0012315276671814957,69862475.0
2023-01-11,TROW,0.002422467383761963,184278271.2135315
2023-01-11,TXN,0.015013256495832124,829096961.2350464
2023-01-11,TYL,0.0013222390438807432,75692114.31884766
2023-01-11,UNP,0.01284241974163304,474215894.7067261
2023-01-11,VRSK,0.002768626428320582,122305080.10482788
2023-01-11,VRSN,0.002204237531646034,128187236.70959473
2023-01-11,VRTX,0.007134369081266585,333982937.0574951
2023-01-11,ZBH,0.0026043080592204897,154389508.82263184
2023-01-11,ZBRA,0.0013417751481719176,94563679.39758301
2023-01-11,ZTS,0.0067234499018575915,261295537.20092773
2023-01-18,A,-0.004285832107814764,187277618.989563
2023-01-18,AAPL,-0.1,9910504822.49527
2023-01-18,ABBV,-0.02787995666332575,702328637.2848511
2023-01-18,ABNB,-0.005112183181020908,406078163.45214844
2023-01-18,ABT,-0.019068194093221937,460518236.8507385
2023-01-18,ADBE,-0.015518646063350206,742084523.0041504
2023-01-18,ADI,-0.008110169506048079,425472586.4311218
2023-01-18,ADSK,-0.003958500964977349,220069897.782135
2023-01-18,AKAM,-0.0013136262898118067,96199326.33285522
2023-01-18,ALGN,-0.0016115467706381435,189410651.88674927
2023-01-18,ALLE,-0.0009014576415621097,56759955.45310974
2023-01-18,AMAT,-0.007979003199728997,578200484.230423
2023-01-18,AMD,-0.007589577136868667,2994357630.1002502
2023-01-18,AME,-0.0031428311515670888,93944159.58557129
2023-01-18,AMGN,-0.014235245338817596,506706843.0175781
2023-01-18,AOS,-0.0008964457693649613,55237282.28645325
2023-01-18,AZO,-0.004963903633198022,292476331.5185547
2023-01-18,BIIB,-0.003951919717483276,292641748.47717285
2023-01-18,BMY,-0.01568135403228684,562111963.2816315
2023-01-18,BX,-0.005072990320594216,319533872.64671326
2023-01-18,CBOE,-0.0012990412314454773,68965195.86715698
2023-01-18,CCI,-0.005714969846656069,294274047.0199585
2023-01-18,CDNS,-0.004316680826209583,188668505.01708984
2023-01-18,CF,-0.0017169320458970349,230527638.65890503
2023-01-18,CHD,-0.0019533044528118044,81083069.31419373
2023-01-18,CL,-0.006428876313818054,235017979.75845337
2023-01-18,CME,-0.005859596241495468,304858182.50198364
2023-01-18,COIN,-0.0007557368042815702,454621846.2436676
2023-01-18,CPAY,-0.0014065744291603844,75016398.65570068
2023-01-18,CPRT,-0.0007035648390822096,96632003.44352722
2023-01-18,CRL,-0.0010678567543180373,99352427.91061401
2023-01-18,CRM,-0.012730442066592157,1185756873.6587524
2023-01-18,CRWD,-0.0005804449248043489,455325557.9559326
2023-01-18,CSCO,-0.019008594392961004,706238288.9431
2023-01-18,CSGP,-0.0029629905367065095,117562264.77432251
2023-01-18,CSX,-0.006622701125268394,337458570.9920883
2023-01-18,CTAS,-0.001114855157443966,171530642.9901123
2023-01-18,DDOG,-0.00220520877081261,243228443.5585022
2023-01-18,DGX,-0.001943990858505044,158505544.62661743
2023-01-18,DHR,-0.01633304010397406,574590809.6381531
2023-01-18,DVN,-0.003971035733754049,450242440.143013
2023-01-18,EBAY,-0.0023914258960190363,176038776.6899109
2023-01-18,EFX,-0.0023038754149375157,116984376.52206421
2023-01-18,EW,-0.004520512357291097,244578003.64837646
2023-01-18,FCX,-0.005467241208643149,419074522.74684906
2023-01-18,FDS,-0.0014818456772667781,94720950.34179688
2023-01-18,FFIV,-0.0008339793455391138,67540675.84075928
2023-01-18,FICO,-0.0014617251034938182,84600950.9765625
2023-01-18,FIS,-0.004090513940254984,360401497.31140137
2023-01-18,FISV,-0.006589756793652872,280804462.11624146
2023-01-18,FTV,-0.0016879285539957065,78852846.66101837
2023-01-18,GEN,-0.0012108256056531166,56790955.69190979
2023-01-18,GPN,-0.0027456018975899918,153752272.57652283
2023-01-18,HON,-0.014082711416741295,514555231.8414688
2023-01-18,HSY,-0.004633570014583177,166383015.82870483
2023-01-18,IDXX,-0.0033491087871698284,170114978.8619995
2023-01-18,IEX,-0.0016935295282295532,67185210.24856567
2023-01-18,INCY,-0.0017239247187540952,125059519.1734314
2023-01-18,INTU,-0.010653098841848155,505678787.80059814
2023-01-18,IQV,-0.0037912296493023785,158329908.35647583
2023-01-18,ISRG,-0.009214557336942184,419181028.27301025
2023-01-18,ITW,-0.006692008762580329,182511997.2465515
2023-01-18,JKHY,-0.0012524679151451586,60330391.88156128
2023-01-18,JNJ,-0.04585761505240893,1019594233.0154419
2023-01-18,KDP,-0.004909423619726143,211249195.1986313
2023-01-18,KEYS,-0.003022607089215595,139810005.5419922
2023-01-18,KO,-0.02680103487686071,639627679.8305511
2023-01-18,LH,-0.0019148822899577927,145216586.23975372
2023-01-18,LIN,-0.016107908960049842,542707100.0152588
2023-01-18,LULU,-0.00383490268760344,484889232.40356445
2023-01-18,LYV,-0.001521150907816896,115719797.09968567
2023-01-18,MCD,-0.01923396476142055,578800493.8781738
2023-01-18,MCHP,-0.00378167954188238,252508737.17689514
2023-01-18,MCO,-0.005082477854839881,163207556.92138672
2023-01-18,MDT,-0.010040689860304899,512261842.50831604
2023-01-18,META,-0.033401085714694044,3150933482.1609497
2023-01-18,MMM,-0.005566414615988874,302145852.00813293
2023-01-18,MNST,-0.0013043423324126217,173051024.79934692
2023-01-18,MPWR,-0.001587921500953703,180958924.75280762
2023-01-18,MRK,-0.02733728289582703,913778307.5954437
2023-01-18,MRNA,-0.007027424057070643,725463764.8246765
2023-01-18,MRVL,-0.0030446292721515874,381572522.98049927
2023-01-18,MSCI,-0.0037229159009823003,166038699.7039795
2023-01-18,MSFT,-0.1,6201468511.180115
2023-01-18,MSI,-0.004220683375716956,127647965.67993164
2023-01-18,MTD,-0.00320549121831349,124200704.78515625
2023-01-18,NDSN,-0.001318019765329712,50819037.86010742
2023-01-18,NEM,-0.0036291391622549803,308880777.2403717
2023-01-18,NOW,-0.0015047980005002382,475675752.30026245
2023-01-18,NSC,-0.005745371355801596,235163315.33203125
2023-01-18,NTAP,-0.0012827571771757329,100359594.03705597
2023-01-18,NXPI,-0.004228902438857636,287083836.86065674
2023-01-18,ON,-0.002618610997206038,322649778.1036377
2023-01-18,PAYX,-0.004037623368531573,173480795.4925537
2023-01-18,PFE,-0.028394193288269212,861277870.1122284
2023-01-18,PG,-0.0373594806022632,860122642.7284241
2023-01-18,PLTR,-0.0012636498829490042,198752406.45895004
2023-01-18,PNR,-0.000720941327051179,58310805.12008667
2023-01-18,PTC,-0.0013689790043641809,74054213.52920532
2023-01-18,QCOM,-0.01196458913553748,837372064.1098022
2023-01-18,REGN,-0.007858860896713784,373586213.2385254
2023-01-18,ROL,-0.0017449846043366244,44554579.86602783
2023-01-18,RVTY,-0.0017184892797924981,91069039.00680542
2023-01-18,SLB,-0.007283517802073496,432701395.2829361
2023-01-18,SNPS,-0.004723190711836014,195320049.65515137
2023-01-18,SPGI,-0.007413879294635642,432146772.77545166
2023-01-18,SWKS,-0.00141729515852783,168851873.68164062
2023-01-18,SYK,-0.009074064102688073,294995692.3675537
2023-01-18,TDY,-0.0018127751231935513,62207509.826660156
2023-01-18,TECH,-0.00031508581056370426,57167265.967559814
2023-01-18,TMO,-0.02122433703726427,969401501.4953613
2023-01-18,TRMB,-0.0012315276671814957,51584859.59587097
2023-01-18,TROW,-0.002422467383761963,165874775.73509216
2023-01-18,TXN,-0.015013256495832124,758387963.3514404
2023-01-18,TYL,-0.0013222390438807432,81763082.32269287
2023-01-18,UNP,-0.01284241974163304,415576899.42855835
2023-01-18,VRSK,-0.002768626428320582,116992510.12878418
2023-01-18,VRSN,-0.002204237531646034,117091631.43920898
2023-01-18,VRTX,-0.007134369081266585,345627563.6779785
2023-01-18,ZBH,-0.0026043080592204897,154389508.82263184
2023-01-18,ZBRA,-0.0013417751481719176,94563679.39758301
2023-01-18,ZTS,-0.0067234499018575915,261295537.20092773
2023-01-20,A,0.004285832107814764,182258135.4888916
2023-01-20,AAPL,0.1,9667354650.302887
2023-01-20,ABBV,0.02787995666332575,825503197.3350525
2023-01-20,ABNB,0.005112183181020908,417094520.1725006
2023-01-20,ABT,0.019068194093221937,483517097.56851196
2023-01-20,ADBE,0.015518646063350206,742084523.0041504
2023-01-20,ADI,0.008110169506048079,461431600.0
2023-01-20,ADSK,0.003958500964977349,220069897.782135
2023-01-20,AKAM,0.0013136262898118067,96199326.33285522
2023-01-20,ALGN,0.0016115467706381435,189410651.88674927
2023-01-20,ALLE,0.0009014576415621097,58489431.9480896
2023-01-20,AMAT,0.007979003199728997,569049675.1895905
2023-01-20,AMD,0.007589577136868667,3025355394.818878
2023-01-20,AME,0.0031428311515670888,93944159.58557129
2023-01-20,AMGN,0.014235245338817596,536336462.70751953
2023-01-20,AOS,0.0008964457693649613,59605951.507377625
2023-01-20,AZO,0.004963903633198022,292476331.5185547
2023-01-20,BIIB,0.003951919717483276,296093831.33239746
2023-01-20,BMY,0.01568135403228684,562111963.2816315
2023-01-20,BX,0.005072990320594216,319533872.64671326
2023-01-20,CBOE,0.0012990412314454773,72032982.97767639
2023-01-20,CCI,0.005714969846656069,309217393.42803955
2023-01-20,CDNS,0.004316680826209583,192817373.84490967
2023-01-20,CF,0.0017169320458970349,230527638.65890503
2023-01-20,CHD,0.0019533044528118044,84451223.10943604
2023-01-20,CL,0.006428876313818054,242531916.52679443
2023-01-20,CME,0.005859596241495468,325410905.78308105
2023-01-20,COIN,0.0007557368042815702,618256878.9302826
2023-01-20,CPAY,0.0014065744291603844,68909346.07162476
2023-01-20,CPRT,0.0007035648390822096,97077185.2312088
2023-01-20,CRL,0.0010678567543180373,97380744.18869019
2023-01-20,CRM,0.012730442066592157,1185756873.6587524
2023-01-20,CRWD,0.0005804449248043489,462967095.73669434
2023-01-20,CSCO,0.019008594392961004,720655350.8098602
2023-01-20,CSGP,0.0029629905367065095,114144388.40141296
2023-01-20,CSX,0.006622701125268394,330267465.2077675
2023-01-20,CTAS,0.001114855157443966,170444063.62609863
2023-01-20,DDOG,0.00220520877081261,244262974.92027283
2023-01-20,DGX,0.001943990858505044,144863817.83065796
2023-01-20,DHR,0.01633304010397406,539131314.4302673
2023-01-20,DVN,0.003971035733754049,461194250.5859375
2023-01-20,EBAY,0.0023914258960190363,172092221.10977173
2023-01-20,EFX,0.0023038754149375157,137589593.61190796
2023-01-20,EW,0.004520512357291097,234351659.1934204
2023-01-20,FCX,0.005467241208643149,496076456.7035675
2023-01-20,FDS,0.0014818456772667781,88107029.05578613
2023-01-20,FFIV,0.0008339793455391138,72596050.31433105
2023-01-20,FICO,0.0014617251034938182,89574156.09741211
2023-01-20,FIS,0.004090513940254984,360401497.31140137
2023-01-20,FISV,0.006589756793652872,263401305.63659668
2023-01-20,FTV,0.0016879285539957065,80212797.3893795
2023-01-20,GEN,0.0012108256056531166,55887043.25790405
2023-01-20,GPN,0.0027456018975899918,150216172.00164795
2023-01-20,HON,0.014082711416741295,559097467.4467392
2023-01-20,HSY,0.004633570014583177,188693067.7001953
2023-01-20,IDXX,0.0033491087871698284,181869148.2711792
2023-01-20,IEX,0.0016935295282295532,67908958.65631104
2023-01-20,INCY,0.0017239247187540952,121814429.63180542
2023-01-20,INTU,0.010653098841848155,489340667.9260254
2023-01-20,IQV,0.0037912296493023785,158329908.35647583
2023-01-20,ISRG,0.009214557336942184,419181028.27301025
2023-01-20,ITW,0.006692008762580329,188971140.86914062
2023-01-20,JKHY,0.0012524679151451586,60330391.88156128
2023-01-20,JNJ,0.04585761505240893,1035926645.8473206
2023-01-20,KDP,0.004909423619726143,211249195.1986313
2023-01-20,KEYS,0.003022607089215595,139810005.5419922
2023-01-20,KO,0.02680103487686071,648803473.6501694
2023-01-20,LH,0.0019148822899577927,143065997.54466248
2023-01-20,LIN,0.016107908960049842,577839217.1966553
2023-01-20,LULU,0.00383490268760344,481984490.0756836
2023-01-20,LYV,0.001521150907816896,119068690.18363953
2023-01-20,MCD,0.01923396476142055,631839464.8330688
2023-01-20,MCHP,0.00378167954188238,261540870.5631256
2023-01-20,MCO,0.005082477854839881,168462212.06359863
2023-01-20,MDT,0.010040689860304899,512261842.50831604
2023-01-20,META,0.033401085714694044,3150933482.1609497
2023-01-20,MMM,0.005566414615988874,309881786.6862488
2023-01-20,MNST,0.0013043423324126217,183891902.83470154
2023-01-20,MPWR,0.001587921500953703,180958924.75280762
2023-01-20,MRK,0.02733728289582703,944393991.5840149
2023-01-20,MRNA,0.007027424057070643,725463764.8246765
2023-01-20,MRVL,0.0030446292721515874,381572522.98049927
2023-01-20,MSCI,0.0037229159009823003,166038699.7039795
2023-01-20,MSFT,0.1,6360138568.7812805
2023-01-20,MSI,0.004220683375716956,127647965.67993164
2023-01-20,MTD,0.00320549121831349,128363028.3569336
2023-01-20,NDSN,0.001318019765329712,50819037.86010742
2023-01-20,NEM,0.0036291391622549803,323937402.86216736
2023-01-20,NOW,0.0015047980005002382,491497872.30300903
2023-01-20,NSC,0.005745371355801596,235163315.33203125
2023-01-20,NTAP,0.0012827571771757329,94964656.85806274
2023-01-20,NXPI,0.004228902438857636,294962445.5192566
2023-01-20,ON,0.002618610997206038,329375737.4130249
2023-01-20,PAYX,0.004037623368531573,173480795.4925537
2023-01-20,PFE,0.028394193288269212,1044226944.2520142
2023-01-20,PG,0.0373594806022632,884699893.4829712
2023-01-20,PLTR,0.0012636498829490042,198752406.45895004
2023-01-20,PNR,0.000720941327051179,58310805.12008667
2023-01-20,PTC,0.0013689790043641809,77845132.60726929
2023-01-20,QCOM,0.01196458913553748,859323285.9771729
2023-01-20,REGN,0.007858860896713784,380375471.4477539
2023-01-20,ROL,0.0017449846043366244,43583911.991119385
2023-01-20,RVTY,0.0017184892797924981,88972442.8817749
2023-01-20,SLB,0.007283517802073496,453015183.4598541
2023-01-20,SNPS,0.004723190711836014,195320049.65515137
2023-01-20,SPGI,0.007413879294635642,426047002.4266968
2023-01-20,SWKS,0.00141729515852783,168851873.68164062
2023-01-20,SYK,0.009074064102688073,267739315.60058594
2023-01-20,TDY,0.0018127751231935513,62207509.826660156
2023-01-20,TECH,0.00031508581056370426,61520614.82696533
2023-01-20,TMO,0.02122433703726427,1001391147.2808838
2023-01-20,TRMB,0.0012315276671814957,46995641.96815491
2023-01-20,TROW,0.002422467383761963,160921448.0430603
2023-01-20,TXN,0.015013256495832124,833615363.3178711
2023-01-20,TYL,0.0013222390438807432,81763082.32269287
2023-01-20,UNP,0.01284241974163304,415576899.42855835
2023-01-20,VRSK,0.002768626428320582,116992510.12878418
2023-01-20,VRSN,0.002204237531646034,117091631.43920898
2023-01-20,VRTX,0.007134369081266585,345627563.6779785
2023-01-20,ZBH,0.0026043080592204897,178963558.83636475
2023-01-20,ZBRA,0.0013417751481719176,93560259.36279297
2023-01-20,ZTS,0.0067234499018575915,263785317.49191284
2023-01-31,A,-3.6316743534294676e-05,188210534.63287354
2023-01-31,ABBV,-0.0030108493667557155,886461230.834198
2023-01-31,ABNB,0.0013697162199903506,506053038.07258606
2023-01-31,ABT,-0.00033489020630545624,557755169.6971893
2023-01-31,ADBE,0.0006878031359940032,852440717.1020508
2023-01-31,ADI,0.00016169942994989986,525382697.71499634
2023-01-31,ADSK,0.000488442088154622,231686269.57092285
2023-01-31,AKAM,3.875459220033109e-05,101396569.86083984
2023-01-31,ALGN,0.0003994179943354007,234910196.169281
2023-01-31,ALLE,8.077291101249288e-05,62313352.868270874
2023-01-31,AMAT,0.0009339911762253454,614662350.6896973
2023-01-31,AMD,0.0010021711020989756,3415798305.3100586
2023-01-31,AME,3.769984457181958e-05,135628968.6553955
2023-01-31,AMGN,-0.0008876741250519564,548218921.1654663
2023-01-31,AOS,0.00013803370335242087,72532994.9262619
2023-01-31,AZO,-0.00017437764708092777,344032615.36865234
2023-01-31,BIIB,9.85587296614722e-05,306012068.611145
2023-01-31,BMY,-0.00023246506684795887,573243319.8963165
2023-01-31,BX,0.0013290400126266836,388248554.33807373
2023-01-31,CBOE,-5.7751763278276504e-05,73680386.5436554
2023-01-31,CCI,0.0003736574721230545,301660888.3178711
2023-01-31,CDNS,0.0004768171918354564,217250011.2060547
2023-01-31,CF,-5.158110713329028e-05,237245029.29840088
2023-01-31,CHD,-4.158746222836284e-05,98695899.10507202
2023-01-31,CL,-0.0004954722729284995,310854982.17658997
2023-01-31,CME,0.0001464968988742531,329236812.3802185
2023-01-31,COIN,0.0004627090154161352,770403468.7164307
2023-01-31,CPAY,0.00015355632094225889,75817958.64257812
2023-01-31,CPRT,4.737723754829042e-05,104595650.74691772
2023-01-31,CRL,9.524436560396114e-05,105548735.69641113
2023-01-31,CRM,0.003004795192919834,1371360466.7419434
2023-01-31,CRWD,-1.0833489805768775e-05,529616106.1225891
2023-01-31,CSCO,-6.124644698813145e-05,767738908.2777023
2023-01-31,CSGP,-4.885687111675762e-05,123768570.70083618
2023-01-31,CSX,-0.00017355704409166648,372702151.30558014
2023-01-31,CTAS,-4.60889858917039e-05,161627206.69555664
2023-01-31,DDOG,-1.527562611026035e-05,292627963.2888794
2023-01-31,DGX,-0.00014378075524642533,145000550.21514893
2023-01-31,DHR,-0.0004596081953277924,710203061.5576019
2023-01-31,DVN,1.2409006083887418e-05,465837798.2810974
2023-01-31,EBAY,0.0003936492818879811,199348336.59706116
2023-01-31,EFX,0.0002659581151598896,167640606.45751953
2023-01-31,EW,1.3626414158307565e-05,231632717.74291992
2023-01-31,FCX,0.0007963446930948749,559865904.2032242
2023-01-31,FDS,4.227321097115028e-05,84987367.49572754
2023-01-31,FFIV,3.2508169818651865e-06,78330285.36453247
2023-01-31,FICO,0.00012497177195496434,117315577.75268555
2023-01-31,FIS,0.0003234594387156011,352656262.88986206
2023-01-31,FISV,0.0001966357128531113,273540843.95217896
2023-01-31,FTV,5.5845600633606116e-05,100617778.72719955
2023-01-31,GEN,5.76580810453997e-05,61996652.41508484
2023-01-31,GPN,0.0002946578226047541,145977294.0750122
2023-01-31,HON,-0.00071560654741799,596118259.4875336
2023-01-31,HSY,-0.0002487474079859893,229806029.05197144
2023-01-31,IDXX,0.0004995899448235132,242331878.67279053
2023-01-31,IEX,4.095495926179863e-05,79080413.26599121
2023-01-31,INCY,5.901674742110445e-05,141495201.45187378
2023-01-31,INTU,0.0006342276797282661,520986179.46014404
2023-01-31,IQV,0.0003504883641319142,163081443.6843872
2023-01-31,ISRG,-0.0008901810481038268,444133874.76348877
2023-01-31,ITW,0.00030377594025829055,193105710.83068848
2023-01-31,JKHY,1.0757786230476685e-06,60876900.803375244
2023-01-31,JNJ,-0.004466046648255777,1174790125.6446838
2023-01-31,KDP,-0.00017042506514158492,217170594.65503693
2023-01-31,KEYS,6.924039330183417e-05,181861967.10891724
2023-01-31,KO,-0.0015931067294794113,804564563.8895035
2023-01-31,LH,8.545945385914555e-05,135543701.4258728
2023-01-31,LIN,-0.00016234229542408038,632996085.3637695
2023-01-31,LULU,-0.00025091605802129123,515553441.0369873
2023-01-31,LYV,0.00019178506981335636,131917395.5986023
2023-01-31,MCD,-0.00019212118987266616,689228195.0469971
2023-01-31,MCHP,0.0002951344174947309,300703081.3838959
2023-01-31,MCO,0.0006618379724055408,269222722.7279663
2023-01-31,MDT,0.0005083559554863587,546178169.467926
2023-01-31,META,0.006940991418036092,3790875756.7840576
2023-01-31,MMM,-0.00035455590574039273,431441927.3257141
2023-01-31,MNST,2.455606623122126e-07,199848117.7154541
2023-01-31,MPWR,0.00028101040515487313,196095765.24353027
2023-01-31,MRK,-0.0015157733499364806,966542228.1475067
2023-01-31,MRNA,-0.00030677811630976017,626929097.7127075
2023-01-31,MRVL,0.00041598416103366806,408785495.25756836
2023-01-31,MSCI,0.00042789214498907806,171126824.75738525
2023-01-31,MSI,-0.00011381863688260038,136908606.47125244
2023-01-31,MTD,0.00011131332525598494,136169906.25
2023-01-31,NDSN,-1.864402410376581e-06,58824839.6446228
2023-01-31,NEM,0.0003416091210192533,344672039.4666672
2023-01-31,NOW,-0.0015047980005002382,754505034.2655182
2023-01-31,NSC,-0.00015358536908673202,282911462.1208191
2023-01-31,NTAP,9.738153125744484e-05,103505757.705307
2023-01-31,NXPI,0.0005833219158632623,339913320.5093384
2023-01-31,ON,0.00039020671468646597,369211586.542511
2023-01-31,PAYX,-8.795481868277121e-05,185153985.71853638
2023-01-31,PFE,-0.0045183727218487575,1103529678.460312
2023-01-31,PG,-0.0031163006833776347,1016158629.1160583
2023-01-31,PLTR,0.00023045188973600775,205543312.5872612
2023-01-31,PNR,0.00014510730250478154,82921059.94987488
2023-01-31,PTC,0.000131836178464898,88233113.59062195
2023-01-31,QCOM,0.0021799154731242387,979951792.2988892
2023-01-31,REGN,0.00020190904853499732,400493006.8206787
2023-01-31,ROL,-4.895553496277443e-05,43583911.991119385
2023-01-31,RVTY,-7.395419231757527e-05,102411071.81396484
2023-01-31,SLB,-0.007283517802073496,494085659.8617554
2023-01-31,SNPS,0.0003825110854339779,203453466.92199707
2023-01-31,SPGI,0.0006835864502535548,465410070.6378937
2023-01-31,SWKS,0.00024686694002545753,175175340.47851562
2023-01-31,SYK,0.00011684141665934539,316837880.98983765
2023-01-31,TDY,6.361270185502072e-05,77956385.71624756
2023-01-31,TECH,-1.9605678883229268e-05,66598312.88757324
2023-01-31,TMO,0.00022243892448952848,1057122333.8378906
2023-01-31,TRMB,0.00014829406819546055,47150940.37914276
2023-01-31,TROW,0.00010168389005325244,173490589.56298828
2023-01-31,TXN,0.0006979439515063697,1022781646.408844
2023-01-31,TYL,-3.071213196022835e-05,75310764.10675049
2023-01-31,UNP,-0.0004865597125937801,546841696.1967468
2023-01-31,VRSK,1.490009969179907e-05,143902259.75646973
2023-01-31,VRSN,7.84071939775692e-05,119326680.12008667
2023-01-31,VRTX,0.0006537802999547742,426909715.6158447
2023-01-31,ZBH,-6.651709211433036e-05,193815860.05897522
2023-01-31,ZBRA,0.00027253883277391527,96317743.33496094
2023-01-31,ZTS,0.0006843109917222829,394378226.020813
2023-02-21,A,1.6211145606721475e-05,158398658.84246826
2023-02-21,ABBV,9.48712229358259e-05,814564899.1012573
2023-02-21,ABNB,2.4727293818293042e-05,651262966.557312
2023-02-21,ABT,7.14642237932446e-05,460560431.86531067
2023-02-21,ADBE,6.182472240172376e-05,951538854.3579102
2023-02-21,ADI,3.155570936119734e-05,665029044.8410034
2023-02-21,ADSK,1.696429713964054e-05,257164413.84887695
2023-02-21,AKAM,5.159092629320903e-06,104314503.647995
2023-02-21,ALGN,7.671473055255451e-06,323040653.6437988
2023-02-21,ALLE,3.74703493038293e-06,62223475.69580078
2023-02-21,AMAT,3.4001488930950063e-05,706074683.3843231
2023-02-21,AMD,3.277599203168821e-05,4408963648.429489
2023-02-21,AME,1.2133160293639148e-05,136175828.46069336
2023-02-21,AMGN,5.091861115769265e-05,622087229.0901184
2023-02-21,AOS,3.946355271555778e-06,75544330.59654236
2023-02-21,AZO,1.827119012223332e-05,384973184.375
2023-02-21,BIIB,1.545185515399762e-05,229798376.58233643
2023-02-21,BMY,5.893476479363301e-05,626891508.9454651
2023-02-21,BX,2.4422607524343838e-05,386434342.8348541
2023-02-21,CBOE,4.7352986360966066e-06,73237418.57261658
2023-02-21,CCI,2.3227030743188173e-05,235805018.35021973
2023-02-21,CDNS,1.8286342717863807e-05,267547467.06237793
2023-02-21,CF,6.353017753863441e-06,232984579.70352173
2023-02-21,CHD,7.292860440907866e-06,123373113.6920929
2023-02-21,CL,2.2634881534698212e-05,295586733.14476013
2023-02-21,CME,2.291217752604848e-05,327599745.2056885
2023-02-21,COIN,4.648154178485842e-06,1290170546.295166
2023-02-21,CPAY,5.951621440888682e-06,109078519.4770813
2023-02-21,CPRT,2.8647105147088002e-06,104345187.51449585
2023-02-21,CRL,4.437023988402124e-06,108456728.48434448
2023-02-21,CRM,6.002713262655626e-05,1340645700.0984192
2023-02-21,CRWD,2.1729663550890945e-06,488978890.3404236
2023-02-21,CSCO,7.228076382432072e-05,878198214.8735046
2023-02-21,CSGP,1.1116901839540363e-05,157694972.79052734
2023-02-21,CSX,2.4602338096589224e-05,423928459.6506119
2023-02-21,CTAS,4.077152931886456e-06,141352454.55322266
2023-02-21,DDOG,8.354205605693842e-06,456235310.5140686
2023-02-21,DGX,6.8674814902233705e-06,134278367.15927124
2023-02-21,DHR,6.055432064381097e-05,658567399.9290619
2023-02-21,DVN,1.5196133478335462e-05,491225672.83382416
2023-02-21,EBAY,1.0624566653934589e-05,195877074.968338
2023-02-21,EFX,9.803458034678397e-06,199477400.35324097
2023-02-21,EW,1.7296933302767513e-05,273829428.47213745
2023-02-21,FCX,2.3894466631837336e-05,479330632.45925903
2023-02-21,FDS,5.81424259031094e-06,72424153.02276611
2023-02-21,FFIV,3.193884221492759e-06,80092115.36483765
2023-02-21,FICO,6.052966485975983e-06,140512998.50463867
2023-02-21,FIS,1.6838523694289245e-05,333870832.9193115
2023-02-21,FISV,2.588888088088121e-05,331633176.0269165
2023-02-21,FTV,6.6521883797731555e-06,106887498.37776184
2023-02-21,GEN,4.839039745018663e-06,72135494.01111603
2023-02-21,GPN,-0.003040259720194746,164566827.16827393
2023-02-21,HON,5.099312858081878e-05,580934831.3272705
2023-02-21,HSY,1.6727318680309806e-05,241226066.95861816
2023-02-21,IDXX,1.468210141447818e-05,258419878.49273682
2023-02-21,IEX,6.616749951222521e-06,92710574.57427979
2023-02-21,INCY,6.801604709887055e-06,127078817.10472107
2023-02-21,INTU,4.305914394143323e-05,525526806.11572266
2023-02-21,IQV,1.579991787819656e-05,172475646.69189453
2023-02-21,ISRG,3.175601557716713e-05,392945160.4476929
2023-02-21,ITW,2.6687674882707943e-05,227461093.49136353
2023-02-21,JKHY,4.782046328123896e-06,85576457.15637207
2023-02-21,JNJ,0.0001579014745847207,1243268155.2398682
2023-02-21,KDP,1.8078436954050564e-05,212905583.9548111
2023-02-21,KEYS,1.1794848455936886e-05,187815277.28729248
2023-02-21,KO,9.61637642437757e-05,856802223.8517761
2023-02-21,LH,7.63094811817664e-06,139143111.37683105
2023-02-21,LIN,6.082950191325931e-05,800093387.322998
2023-02-21,LULU,1.367227180611337e-05,412677149.6887207
2023-02-21,LYV,6.534546217144312e-06,130364028.47518921
2023-02-21,MCD,7.264124783580919e-05,762880928.489685
2023-02-21,MCHP,1.5552320451055722e-05,398543623.1021881
2023-02-21,MCO,2.1913543617046484e-05,265591925.34179688
2023-02-21,MDT,4.0242734305473427e-05,437624200.9197235
2023-02-21,META,0.00015389785197000155,5536735024.028778
2023-02-21,MMM,1.988231437958371e-05,339380254.72257614
2023-02-21,MNST,4.976770873490978e-06,184872689.51187134
2023-02-21,MPWR,7.129642950262291e-06,269378012.98828125
2023-02-21,MRK,9.850446819237649e-05,830771484.0450287
2023-02-21,MRNA,2.5638069421438786e-05,487719611.1053467
2023-02-21,MRVL,1.3201624995992905e-05,409148190.750885
2023-02-21,MSCI,1.583459473623698e-05,244628453.6376953
2023-02-21,MSI,1.5666958832052068e-05,182480249.52545166
2023-02-21,MTD,1.2653019649440551e-05,146277508.39233398
2023-02-21,NDSN,5.020898714403138e-06,54977955.15823364
2023-02-21,NEM,1.5147698753807497e-05,338565158.74385834
2023-02-21,NSC,2.1331669393224312e-05,384843321.9268799
2023-02-21,NTAP,5.26498380214028e-06,107930767.95959473
2023-02-21,NXPI,1.8357780362985264e-05,383837937.6068115
2023-02-21,ON,1.147810464260544e-05,541894445.9049225
2023-02-21,PAYX,1.5067283318489881e-05,181038280.2745819
2023-02-21,PFE,9.108201065364044e-05,876712338.1559372
2023-02-21,PG,0.00013063164340298972,940747594.733429
2023-02-21,PLTR,5.699732631125323e-06,337394712.31594086
2023-02-21,PNR,3.3038215496864268e-06,85607458.45222473
2023-02-21,PTC,5.725343097268739e-06,85272543.9491272
2023-02-21,QCOM,5.395877037493203e-05,926609245.438385
2023-02-21,REGN,3.075040424211674e-05,399757966.8670654
2023-02-21,ROL,6.47004936797234e-06,45811297.49317169
2023-02-21,RVTY,6.273608981981378e-06,98861154.64324951
2023-02-21,SNPS,1.9477344629875368e-05,281637687.3245239
2023-02-21,SPGI,3.08903921937137e-05,461199340.72558594
2023-02-21,SWKS,6.348482539820588e-06,217878885.93902588
2023-02-21,SYK,3.506167053404438e-05,294252589.89105225
2023-02-21,TDY,7.1580859554538565e-06,78119634.76867676
2023-02-21,TECH,1.1272041698751436e-06,70424305.65490723
2023-02-21,TMO,8.18156373390555e-05,672358144.0124512
2023-02-21,TRMB,5.2637746062844225e-06,58301749.503707886
2023-02-21,TROW,9.629188348666672e-06,194489311.63864136
2023-02-21,TXN,5.9935436461544533e-05,967991364.9536133
2023-02-21,TYL,4.926945552457878e-06,96976244.78607178
2023-02-21,UNP,4.713540930118172e-05,623413391.0705566
2023-02-21,VRSK,1.0618658829915969e-05,175294147.71957397
2023-02-21,VRSN,8.707883804007568e-06,114383206.42852783
2023-02-21,VRTX,2.97104052587073e-05,400213833.46099854
2023-02-21,ZBH,9.68122135361349e-06,165110141.18385315
2023-02-21,ZBRA,6.158320833488714e-06,111122172.0489502
2023-02-21,ZTS,2.8259290806431983e-05,335446479.35028076
2023-02-24,A,3.6636131176886674e-05,169928139.42260742
2023-02-24,ABBV,0.00021440277280265416,842629496.8612671
2023-02-24,ABNB,5.5882070394876714e-05,730158228.0090332
2023-02-24,ABT,0.00016150448221612101,462211323.5572815
2023-02-24,ADBE,0.00013971983811835592,968817300.7080078
2023-02-24,ADI,7.131384391842292e-05,702598393.7355042
2023-02-24,ADSK,3.83382044927081e-05,269588314.33258057
2023-02-24,AKAM,1.1659212674219833e-05,115433058.76617432
2023-02-24,ALGN,1.7337028485869127e-05,323040653.6437988
2023-02-24,ALLE,8.468054421580497e-06,79272748.38485718
2023-02-24,AMAT,7.684114614128768e-05,735992873.8090515
2023-02-24,AMD,7.407160312148005e-05,4408963648.429489
2023-02-24,AME,2.74201504873086e-05,147506868.17321777
2023-02-24,AMGN,0.00011507273840934834,594446798.9326477
2023-02-24,AOS,8.918505385540178e-06,68787691.80831909
2023-02-24,AZO,4.1291697349165116e-05,377891351.92871094
2023-02-24,BIIB,3.4920184302916595e-05,234353624.32861328
2023-02-24,BMY,0.00013318872251467072,626891508.9454651
2023-02-24,BX,5.5193499253532e-05,373692245.0378418
2023-02-24,CBOE,1.0701465905150944e-05,77360086.02790833
2023-02-24,CCI,5.249157374813667e-05,232609348.0545044
2023-02-24,CDNS,4.132594122647267e-05,311594463.6024475
2023-02-24,CF,1.4357405543451033e-05,228868779.15725708
2023-02-24,CHD,1.648138868465005e-05,124181049.31259155
2023-02-24,CL,5.115335517896346e-05,282988160.79177856
2023-02-24,CME,5.178002602384841e-05,315158247.22213745
2023-02-24,COIN,1.0504525117756075e-05,1378010567.4285889
2023-02-24,CPAY,1.345027607013564e-05,124176441.00952148
2023-02-24,CPRT,6.474058820196129e-06,104345187.51449585
2023-02-24,CRL,1.0027384665936383e-05,123169531.59790039
2023-02-24,CRM,0.00013565740253219244,1281634631.0691833
2023-02-24,CRWD,4.9107621607567126e-06,488978890.3404236
2023-02-24,CSCO,0.00016334980940122326,884915636.6168976
2023-02-24,CSGP,2.5123472699246224e-05,169529603.30047607
2023-02-24,CSX,5.5599678618091335e-05,420883389.9526596
2023-02-24,CTAS,9.214099562395231e-06,141352454.55322266
2023-02-24,DDOG,1.8879959496631744e-05,428223244.59381104
2023-02-24,DGX,1.5520060015151256e-05,135239908.90197754
2023-02-24,DHR,0.00013684881304835972,631175703.4395294
2023-02-24,DVN,3.434227000360425e-05,543102645.845604
2023-02-24,EBAY,2.4010827308202937e-05,195877074.968338
2023-02-24,EFX,2.215517541195042e-05,190613437.99362183
2023-02-24,EW,3.908994051446575e-05,289956491.3368225
2023-02-24,FCX,5.399993530147591e-05,472194296.46606445
2023-02-24,FDS,1.3139808832791445e-05,68179720.52307129
2023-02-24,FFIV,7.217969916566776e-06,78048418.65539551
2023-02-24,FICO,1.3679309258537347e-05,132688098.84033203
2023-02-24,FIS,3.805396471384063e-05,383181507.2425842
2023-02-24,FISV,-0.006812281387386865,375109389.89868164
2023-02-24,FTV,1.5033511634962929e-05,115200262.55155563
2023-02-24,GEN,1.0935914041458519e-05,72135494.01111603
2023-02-24,HON,0.00011524114292281278,580934831.3272705
2023-02-24,HSY,3.78026486391762e-05,230543441.45126343
2023-02-24,IDXX,3.318059108359077e-05,232775257.081604
2023-02-24,IEX,1.4953423099052163e-05,94801913.40026855
2023-02-24,INCY,1.537118279052634e-05,116454087.90016174
2023-02-24,INTU,9.731085538758864e-05,577126247.8713989
2023-02-24,IQV,3.570678334599911e-05,180449053.5308838
2023-02-24,ISRG,7.176652289508575e-05,364690526.6998291
2023-02-24,ITW,6.031240367143642e-05,227461093.49136353
2023-02-24,JKHY,1.0807112638508594e-05,85576457.15637207
2023-02-24,JNJ,0.0003568470283501213,1417822151.2550354
2023-02-24,KDP,4.085608776760799e-05,217334907.42664337
2023-02-24,KEYS,2.665558781139157e-05,194068716.54510498
2023-02-24,KO,0.00021732383181096576,856802223.8517761
2023-02-24,LH,1.7245444772615807e-05,149477851.53167725
2023-02-24,LIN,0.0001374707047597512,849920492.7215576
2023-02-24,LULU,3.0898442067360705e-05,385110384.50164795
2023-02-24,LYV,1.4767648024422916e-05,130364028.47518921
2023-02-24,MCD,0.00016416447974300363,762880928.489685
2023-02-24,MCHP,3.514722931818263e-05,398543623.1021881
2023-02-24,MCO,4.952317855757768e-05,247200924.57122803
2023-02-24,MDT,9.094595340138588e-05,493669211.8759155
2023-02-24,META,0.0003477991025061383,5536735024.028778
2023-02-24,MMM,4.493273303328698e-05,311887864.8169327
2023-02-24,MNST,1.1247177403855531e-05,179063760.17723083
2023-02-24,MPWR,1.6112527806910575e-05,282718264.3508911
2023-02-24,MRK,0.00022261366998696866,823273505.147934
2023-02-24,MRNA,5.794036382330333e-05,504492703.10668945
2023-02-24,MRVL,2.9834810989591305e-05,408146195.28160095
2023-02-24,MSCI,3.578515078225559e-05,233219552.78625488
2023-02-24,MSI,3.540630457824975e-05,191163867.64678955
2023-02-24,MTD,2.8594998706842328e-05,155087546.6369629
2023-02-24,NDSN,1.1346903444656945e-05,52410751.00708008
2023-02-24,NEM,3.423281068688777e-05,350594216.2513733
2023-02-24,NSC,4.8208180783233974e-05,370917717.1485901
2023-02-24,NTAP,1.1898519814628177e-05,112169159.10453796
2023-02-24,NXPI,4.1487385642625246e-05,383837937.6068115
2023-02-24,ON,2.59397674630831e-05,583017180.1063538
2023-02-24,PAYX,3.405107705075575e-05,176879252.5943756
2023-02-24,PFE,0.00020583940031836806,837202171.66996
2023-02-24,PG,0.00029521898943279945,897728073.9967346
2023-02-24,PLTR,1.2881023797633746e-05,436853435.7190609
2023-02-24,PNR,7.46642110407991e-06,93492302.20184326
2023-02-24,PTC,1.2938901779850328e-05,83235916.23764038
2023-02-24,QCOM,0.00012194329984797046,893001867.3995972
2023-02-24,REGN,6.94939069012749e-05,403492547.177124
2023-02-24,ROL,1.4621889354179312e-05,47530857.59010315
2023-02-24,RVTY,1.4177946900993579e-05,106880305.02471924
2023-02-24,SNPS,4.4017527826146e-05,321624370.94421387
2023-02-24,SPGI,6.981027053666079e-05,461199340.72558594
2023-02-24,SWKS,1.4347156255669702e-05,234814249.88555908
2023-02-24,SYK,7.923708737977465e-05,294830126.3977051
2023-02-24,TDY,1.617680714253219e-05,74112320.19958496
2023-02-24,TECH,2.5474078657067452e-06,82433367.8981781
2023-02-24,TMO,0.0001848980013251858,649726980.9631348
2023-02-24,TRMB,1.1895787110902762e-05,62198486.33670807
2023-02-24,TROW,2.1761337293919707e-05,185824545.40634155
2023-02-24,TXN,0.00013545017518309943,877424879.5097351
2023-02-24,TYL,1.1134575429782266e-05,103755061.02600098
2023-02-24,UNP,0.00010652294909487339,605291981.2957764
2023-02-24,VRSK,2.399747601144987e-05,186913470.3994751
2023-02-24,VRSN,1.9679249144763725e-05,120943974.46212769
2023-02-24,VRTX,6.714357706621293e-05,393837315.5380249
2023-02-24,ZBH,2.1878928489569866e-05,159072111.5776062
2023-02-24,ZBRA,1.3917403208784079e-05,118179690.78826904
2023-02-24,ZTS,6.386415309976318e-05,335446479.35028076
2023-02-28,A,-0.0010534874199500705,169928139.42260742
2023-02-28,ABBV,-0.003951568534577107,859842946.4012146
2023-02-28,ABNB,-5.947567521937935e-05,730158228.0090332
2023-02-28,ABT,-0.005046909387312072,457168324.53308105
2023-02-28,ACN,0.013242288785458382,510516698.3413696
2023-02-28,ADBE,-0.004797935315381469,981082441.7480469
2023-02-28,ADI,-0.0011262123638457692,702598393.7355042
2023-02-28,ADSK,-0.0011391036597090676,283628067.552948
2023-02-28,AKAM,-0.0004878439346517288,137566645.4978943
2023-02-28,ALGN,-0.002035973266514669,314388501.22680664
2023-02-28,ALLE,-0.000994445641926566,81387156.68411255
2023-02-28,AMAT,-0.0014192418961239362,689906927.3845673
2023-02-28,AMD,0.0011277377128272419,4227702590.8916473
2023-02-28,AME,-0.0006932800789604255,151608687.62512207
2023-02-28,AMGN,-0.003917197838250019,603647334.7221375
2023-02-28,AOS,-0.0010473443333744782,62424121.422958374
2023-02-28,APP,0.0003915372574558369,46805051.677036285
2023-02-28,AZO,-0.0008498989064503167,377891351.92871094
2023-02-28,BIIB,-0.004100850486601662,234353624.32861328
2023-02-28,BMY,-0.00416102550097793,611139724.8630524
2023-02-28,BX,-0.0014786753016564477,299150939.4973755
2023-02-28,CBOE,-0.00021973185374738716,81271047.26104736
2023-02-28,CCI,-0.0017725310652009097,232609348.0545044
2023-02-28,CDNS,-0.0007719652451526841,323354500.0190735
2023-02-28,CF,-0.0003827875818245561,245849752.78663635
2023-02-28,CHD,-0.0003347571596109063,120039555.42297363
2023-02-28,CL,-0.006007192277603216,274112711.1946106
2023-02-28,CME,-0.0009161007165932218,315158247.22213745
2023-02-28,COIN,-0.0012335984989939473,1378010567.4285889
2023-02-28,COP,0.010247339994972638,814797745.255661
2023-02-28,CPAY,-0.0015795326476136676,126664280.3390503
2023-02-28,CPRT,-0.00010973368500805504,123502926.51748657
2023-02-28,CRL,-0.001177565528576337,137206543.82019043
2023-02-28,CRM,-0.003378701066651873,1127600427.0065308
2023-02-28,CRWD,-4.50483931688098e-05,478637507.75871277
2023-02-28,CSCO,-0.0037453345667520354,878198214.8735046
2023-02-28,CSGP,-0.0007701533465511532,171266661.00997925
2023-02-28,CSX,-0.001642798110312,411307827.6834488
2023-02-28,CTAS,-0.0002171628624653457,141815143.81713867
2023-02-28,CVX,0.024194752451996218,1533551325.9284973
2023-02-28,DDOG,-0.00034491303663836473,388034161.58065796
2023-02-28,DGX,-0.0005560924008076002,137414285.72387695
2023-02-28,DHR,-0.003673068090320787,631175703.4395294
2023-02-28,DVN,-0.0013016323581293908,553100428.9951324
2023-02-28,EBAY,-0.0009005297509317002,222094218.4829712
2023-02-28,EFX,-0.002601792163544034,169944957.01293945
2023-02-28,EMR,0.003794493087211514,294855337.99095154
2023-02-28,EW,-0.0007947169062753868,293028425.13656616
2023-02-28,EXE,0.0009149900123652462,145588887.27874756
2023-02-28,EXPE,0.0012490201659591004,248875760.86883545
2023-02-28,FCX,-0.006341480303671337,472194296.46606445
2023-02-28,FDS,-0.0003196231811910604,68619425.13275146
2023-02-28,FFIV,-0.00018370570421704225,78048418.65539551
2023-02-28,FICO,-0.0002846458015926339,132688098.84033203
2023-02-28,FIS,-0.0014996958378298603,383181507.2425842
2023-02-28,FTNT,0.0036034807206069288,302730521.4601517
2023-02-28,FTV,-0.0003902769575280631,117505524.56638336
2023-02-28,GEN,-0.0004034233851542639,80256419.81306076
2023-02-28,GILD,0.0077900200550840475,524799352.87857056
2023-02-28,GIS,0.003778445717386994,249462693.5195923
2023-02-28,GOOG,0.09000601293771676,3183313321.7983246
2023-02-28,HLT,0.0030027603100816103,224460653.19900513
2023-02-28,HON,-0.003731262776221744,597915848.8749924
2023-02-28,HSY,-0.0006500957572247688,241226066.95861816
2023-02-28,IDXX,-0.0038965614244914105,232775257.081604
2023-02-28,IEX,-0.00042966256151528276,94801913.40026855
2023-02-28,INCY,-0.0004749549048500179,116454087.90016174
2023-02-28,INTU,-0.002522464644942983,577126247.8713989
2023-02-28,IQV,-0.004193224714658488,180449053.5308838
2023-02-28,IR,0.0018249353449782957,119107035.30216217
2023-02-28,ISRG,-0.0021997790764646348,342065290.56243896
2023-02-28,ITW,-0.0015662250799157798,252279626.09710693
2023-02-28,JKHY,-0.0003328695764207811,85716802.29568481
2023-02-28,JNJ,-0.010235362340432166,1372110283.9134216
2023-02-28,KDP,-0.001023195815437313,226383726.60064697
2023-02-28,KEYS,-0.0008719168145445823,191172926.45874023
2023-02-28,KO,-0.005440032490483714,856802223.8517761
2023-02-28,LH,-0.0020252181367077307,153215790.23246002
2023-02-28,LIN,-0.002522570203538717,960675009.2254639
2023-02-28,LULU,-0.0006711820399347597,368863974.520874
2023-02-28,LYV,-0.0017342381718718197,154181721.20552063
2023-02-28,MCD,-0.004102405921872117,755753267.4865723
2023-02-28,MCHP,-0.0006420364950215232,398543623.1021881
2023-02-28,MCO,-0.0016585240970742572,241629380.45806885
2023-02-28,MDT,-0.0021327346538799665,517546517.2470093
2023-02-28,META,-0.004175632241048034,5733951490.74707
2023-02-28,MMM,-0.005276673757661352,311887864.8169327
2023-02-28,MNST,-0.0002762063342086807,185512210.27183533
2023-02-28,MOS,0.0013990576088896165,197554573.8433838
2023-02-28,MPWR,-0.001892174076865749,282718264.3508911
2023-02-28,MRK,-0.005192917022161084,830771484.0450287
2023-02-28,MRNA,-0.002658543138202677,504492703.10668945
2023-02-28,MRVL,-0.0005381412255293081,408146195.28160095
2023-02-28,MSCI,-0.0009636402643069175,214517212.71972656
2023-02-28,MSI,-0.0007430919995460483,194043140.1184082
2023-02-28,MTD,-0.0008957925662680488,160784691.6748047
2023-02-28,NDAQ,0.002137828065977041,110039167.43602753
2023-02-28,NDSN,-0.0003594497036901918,55155650.79116821
2023-02-28,NEM,-0.004020128792714929,369297116.73698425
2023-02-28,NSC,-0.001683646536261585,374575471.61865234
2023-02-28,NTAP,-0.00029567824041619906,117526442.3992157
2023-02-28,NUE,0.0038108245867839413,256534461.43112183
2023-02-28,NVR,0.0012918762186265548,130255934.5703125
2023-02-28,NXPI,-0.0010556538426136886,378960243.93310547
2023-02-28,ODFL,0.001450402763156991,276957951.1230469
2023-02-28,ON,-0.0004524663345301513,583017180.1063538
2023-02-28,P,0.0006329293340843024,146409755.7056427
2023-02-28,PAYX,-0.0009165546916723765,168690834.51156616
2023-02-28,PFE,-0.006130048296327805,837202171.66996
2023-02-28,PG,-0.007574202785216706,888204391.4024353
2023-02-28,PH,0.003557974476802336,345181918.42041016
2023-02-28,PLTR,-0.001512682529113771,436853435.7190609
2023-02-28,PNR,-0.0008768188722097269,93492302.20184326
2023-02-28,PTC,-0.00037738019806525525,83235916.23764038
2023-02-28,QCOM,-0.003578225338738604,860365767.6589966
2023-02-28,REGN,-0.0014658102865332343,421242329.9499512
2023-02-28,ROL,-0.0003724455518263599,50131982.84626007
2023-02-28,RSG,0.0031712993408099417,198537919.25849915
2023-02-28,RVTY,-0.00044507516065749,123482888.70048523
2023-02-28,SNPS,-0.0008694476986324052,327171690.22979736
2023-02-28,SPGI,-0.00013752780945185464,477310477.0635681
2023-02-28,STLD,0.0016918029443026739,173580569.94552612
2023-02-28,SWKS,-0.00029834337251626,234814249.88555908
2023-02-28,SYK,-0.009305204277261237,294830126.3977051
2023-02-28,TDY,-0.001899722718146558,70383489.70031738
2023-02-28,TECH,-7.84900027368469e-05,82433367.8981781
2023-02-28,TER,0.001222054365292267,150153102.61917114
2023-02-28,TMO,-0.0051551191016302005,644533297.7386475
2023-02-28,TRMB,-0.0013969812970941434,64229257.76596069
2023-02-28,TROW,-0.0005775068388925962,179103094.9848175
2023-02-28,TXN,-0.003590778387726345,814136373.7854004
2023-02-28,TYL,-0.00025098217196824527,104795406.55517578
2023-02-28,UNP,-0.0026625561450136642,623413391.0705566
2023-02-28,VRSK,-0.0007646964792315195,202716402.69470215
2023-02-28,VRSN,-0.0007032241836061846,124416857.21206665
2023-02-28,VRTX,-0.002097392934907104,383991275.04119873
2023-02-28,WSM,0.0003487709566055828,120671958.51593018
2023-02-28,WST,0.0018223550590396997,196387184.78393555
2023-02-28,XOM,0.034803638773992354,1776306405.519867
2023-02-28,ZBH,-0.0005485673260258515,157990257.5492859
2023-02-28,ZBRA,-0.0016343897049881056,132888972.47924805
2023-02-28,ZTS,-0.0014913410896039338,337793720.66192627
2023-03-10,A,-0.003248875221114007,171185582.25402832
2023-03-10,AAPL,-0.09999999999999998,8596410717.160797
2023-03-10,ABBV,-0.021226812757731407,855800095.4750061
2023-03-10,ABNB,-0.006503033090005049,721149275.188446
2023-03-10,ABT,-0.013919363205613775,508905058.5739136
2023-03-10,ACN,-0.013242288785458382,508942126.37786865
2023-03-10,ADBE,-0.01161005844448282,1051510699.5162964
2023-03-10,ADI,-0.00724852612543183,619570560.005188
2023-03-10,ADSK,-0.003363141895055252,273003317.1386719
2023-03-10,AKAM,-0.0008813552526639498,153905174.74021912
2023-03-10,AMAT,-0.007604595114902644,675971672.2537994
2023-03-10,AMD,-0.009826333546948052,4223096260.671234
2023-03-10,AME,-0.0025268042279594305,126142308.41827393
2023-03-10,AMGN,-0.009596364725082662,532901384.0423584
2023-03-10,APP,-0.0003915372574558369,38693551.480960846
2023-03-10,AZO,-0.003999189967138176,374612584.35058594
2023-03-10,BMY,-0.011479986951769256,445106966.75491333
2023-03-10,BX,-0.005002971138342328,292831516.22924805
2023-03-10,CBOE,-0.0010369943789610612,78450964.2791748
2023-03-10,CCI,-0.004391814858069539,238257590.50445557
2023-03-10,CDNS,-0.004081145056836692,329574409.01794434
2023-03-10,CF,-0.001303273780236503,221407264.75372314
2023-03-10,CHD,-0.0016007340800980932,114594249.6307373
2023-03-10,CME,-0.005164684627326396,292659776.0040283
2023-03-10,COP,-0.010247339994972638,693583638.4239197
2023-03-10,CPRT,-0.0006505471609573499,132039244.31228638
2023-03-10,CRM,-0.012552220728018867,1302328893.4333801
2023-03-10,CRWD,-0.0005316467703456162,534508784.02290344
2023-03-10,CSCO,-0.015437643952446381,829276964.4510269
2023-03-10,CSGP,-0.0021802206935773853,150483436.96517944
2023-03-10,CSX,-0.004886547987579408,441014159.08145905
2023-03-10,CTAS,-0.000864894561581198,126250449.89318848
2023-03-10,CVX,-0.024194752451996218,1174051186.2380981
2023-03-10,DDOG,-0.0018722542731663106,354503460.6151581
2023-03-10,DGX,-0.001266505243956393,135751440.94314575
2023-03-10,DHR,-0.01239776695201765,572788318.4260559
2023-03-10,DVN,-0.0027313507851904856,557828604.9694061
2023-03-10,EBAY,-0.0019191808209374547,233201233.00476074
2023-03-10,EMR,-0.003794493087211514,265366712.84294128
2023-03-10,EW,-0.003795808738991251,262106947.20611572
2023-03-10,EXE,-0.0009149900123652462,142358694.63653564
2023-03-10,EXPE,-0.0012490201659591004,258296477.75726318
2023-03-10,FDS,-0.0012234497584699704,68619425.13275146
2023-03-10,FFIV,-0.0006639363124419963,60638971.79031372
2023-03-10,FICO,-0.001321783349600662,130723974.26757812
2023-03-10,FIS,-0.0029691700295488544,393154405.67626953
2023-03-10,FTNT,-0.0036034807206069288,253641310.0982666
2023-03-10,FTV,-0.0013751828971159856,107718166.494421
2023-03-10,GEN,-0.0008808352553307296,69148208.78038406
2023-03-10,GILD,-0.0077900200550840475,478160992.641449
2023-03-10,GIS,-0.003778445717386994,210469489.84565735
2023-03-10,GOOG,-0.09000601293771676,2777323487.7342224
2023-03-10,HLT,-0.0030027603100816103,212734569.22302246
2023-03-10,HON,-0.009802076364605193,587510333.0276718
2023-03-10,HSY,-0.0037892568166919046,198815516.47872925
2023-03-10,IEX,-0.0013263920990263438,81442652.21710205
2023-03-10,INCY,-0.0013301593488255952,98644082.82928467
2023-03-10,INTU,-0.00890523187596246,620347355.7785034
2023-03-10,IR,-0.0018249353449782957,116819074.8167038
2023-03-10,ISRG,-0.0062281197508459755,328803019.76852417
2023-03-10,ITW,-0.005516559701476984,197922386.06414795
2023-03-10,JKHY,-0.0009362632763140577,80225682.6385498
2023-03-10,JNJ,-0.03167095456665583,1278435450.1487732
2023-03-10,KDP,-0.003774737263868904,267830963.0147934
2023-03-10,KEYS,-0.0022583811042401754,189231082.08007812
2023-03-10,KO,-0.020081383252952327,820218153.3443451
2023-03-10,LIN,-0.013621296667760055,1038583923.248291
2023-03-10,LULU,-0.0029573753035208633,343849750.831604
2023-03-10,MCD,-0.01517624337725458,670632087.0727539
2023-03-10,MCHP,-0.003485477014124826,379231540.8267975
2023-03-10,MCO,-0.004157228452345789,215761396.68121338
2023-03-10,MDT,-0.00854749984961815,485242554.9606323
2023-03-10,META,-0.03666814184615824,4545424412.850952
2023-03-10,MNST,-0.0010446055071435998,185512210.27183533
2023-03-10,MOS,-0.0013990576088896165,238452711.410141
2023-03-10,MRK,-0.020949710661908812,762510848.8643646
2023-03-10,MRNA,-0.004145681235802948,504492703.10668945
2023-03-10,MRVL,-0.0029655086436415315,435115050.573349
2023-03-10,MSCI,-0.0032387875271829535,201263122.89123535
2023-03-10,MSFT,-0.09999999999999998,6790677028.177643
2023-03-10,MSI,-0.003414846002698609,184101695.1751709
2023-03-10,MTD,-0.002462259995657709,129265000.79345703
2023-03-10,NDAQ,-0.002137828065977041,116045427.6506424
2023-03-10,NDSN,-0.0009730734613882038,47575133.7890625
2023-03-10,NSC,-0.003977679300629737,374575471.61865234
2023-03-10,NTAP,-0.0011016239716337471,98013331.19277954
2023-03-10,NUE,-0.0038108245867839413,232875901.58843994
2023-03-10,NVR,-0.0012918762186265548,117455753.90625
2023-03-10,NXPI,-0.00381641567811282,316444912.6426697
2023-03-10,ODFL,-0.001450402763156991,222203294.62280273
2023-03-10,ON,-0.0025937692494680414,525128659.65919495
2023-03-10,P,-0.0006329293340843024,158890023.48804474
2023-03-10,PAYX,-0.003082232218545671,154850133.79478455
2023-03-10,PFE,-0.018042693681064658,794711218.5569763
2023-03-10,PG,-0.027094827766504646,811591178.4599304
2023-03-10,PH,-0.003557974476802336,286017859.1949463
2023-03-10,PTC,-0.0011420992296409427,77477938.73901367
2023-03-10,QCOM,-0.010742181340146017,797478808.9416504
2023-03-10,REGN,-0.006695203969858938,403492547.177124
2023-03-10,ROL,-0.0013446754562696417,45596926.81026459
2023-03-10,RSG,-0.0031712993408099417,182091991.59545898
2023-03-10,RVTY,-0.0012199114827004078,121543205.71937561
2023-03-10,SNPS,-0.004299748971093608,298054017.4621582
2023-03-10,SPGI,-0.008060638598167717,453942384.1429901
2023-03-10,STLD,-0.0016918029443026739,173091195.03173828
2023-03-10,SWKS,-0.0013865143648325179,205745789.7720337
2023-03-10,TECH,-0.00022066474097920998,66771697.229766846
2023-03-10,TER,-0.001222054365292267,148216144.50798035
2023-03-10,TMO,-0.01655837049878784,603798412.4389648
2023-03-10,TROW,-0.0019780349605652055,172659741.66793823
2023-03-10,TXN,-0.012315807671256793,739339756.2042236
2023-03-10,TYL,-0.0010566062609345098,96094424.62310791
2023-03-10,UNP,-0.009846962242421651,671868967.9489136
2023-03-10,VRSK,-0.0020534461836222272,183856695.12557983
2023-03-10,VRSN,-0.0016078076749661899,107223054.53109741
2023-03-10,VRTX,-0.005787610428639176,305586282.24334717
2023-03-10,WSM,-0.0003487709566055828,111256014.35165405
2023-03-10,WST,-0.0018223550590396997,181862619.9005127
2023-03-10,XOM,-0.034803638773992354,1509576485.13031
2023-03-10,ZBH,-0.002020783790923491,154408942.42134094
2023-03-10,ZTS,-0.006008543247882136,305406922.40753174
2023-03-14,A,0.003248875221114007,180882554.35180664
2023-03-14,AAPL,0.09999999999999998,8628896573.699951
2023-03-14,ABBV,0.021226812757731407,855800095.4750061
2023-03-14,ABNB,0.006503033090005049,700567873.0552673
2023-03-14,ABT,0.013919363205613775,517342844.89746094
2023-03-14,ACN,0.013242288785458382,526343826.6555786
2023-03-14,ADBE,0.01161005844448282,1065309396.9528198
2023-03-14,ADI,0.00724852612543183,598971391.7037964
2023-03-14,ADSK,0.003363141895055252,297513398.6732483
2023-03-14,AKAM,0.0008813552526639498,154339990.60821533
2023-03-14,AMAT,0.007604595114902644,781243976.2954712
2023-03-14,AMD,0.009826333546948052,4535413681.339264
2023-03-14,AME,0.0025268042279594305,136090776.45263672
2023-03-14,AMGN,0.009596364725082662,532901384.0423584
2023-03-14,APP,0.0003915372574558369,30733942.291784286
2023-03-14,AZO,0.003999189967138176,374612584.35058594
2023-03-14,BMY,0.011479986951769256,445106966.75491333
2023-03-14,BX,0.005002971138342328,301454116.29486084
2023-03-14,CBOE,0.0010369943789610612,81271047.26104736
2023-03-14,CCI,0.004391814858069539,249506874.4354248
2023-03-14,CDNS,0.004081145056836692,337482511.14349365
2023-03-14,CF,0.001303273780236503,221407264.75372314
2023-03-14,CHD,0.0016007340800980932,114594249.6307373
2023-03-14,CME,0.005164684627326396,292659776.0040283
2023-03-14,COP,0.010247339994972638,713260090.1573181
2023-03-14,CPRT,0.0006505471609573499,139103994.77005005
2023-03-14,CRM,0.012552220728018867,1302328893.4333801
2023-03-14,CRWD,0.0005316467703456162,604618266.4112091
2023-03-14,CSCO,0.015437643952446381,846302681.7157745
2023-03-14,CSGP,0.0021802206935773853,156431188.93966675
2023-03-14,CSX,0.004886547987579408,441014159.08145905
2023-03-14,CTAS,0.000864894561581198,131221216.46728516
2023-03-14,CVX,0.024194752451996218,1174051186.2380981
2023-03-14,DDOG,0.0018722542731663106,372578325.93307495
2023-03-14,DGX,0.001266505243956393,138536294.43511963
2023-03-14,DHR,0.01239776695201765,560027219.7921753
2023-03-14,DVN,0.0027313507851904856,599213057.4279785
2023-03-14,EBAY,0.0019191808209374547,240965061.9747162
2023-03-14,EMR,0.003794493087211514,263501983.0066681
2023-03-14,EW,0.003795808738991251,279322220.21751404
2023-03-14,EXE,0.0009149900123652462,133964572.91870117
2023-03-14,EXPE,0.0012490201659591004,258296477.75726318
2023-03-14,FDS,0.0012234497584699704,74058280.75561523
2023-03-14,FFIV,0.0006639363124419963,60638971.79031372
2023-03-14,FICO,0.001321783349600662,133173054.63256836
2023-03-14,FIS,0.0029691700295488544,412151407.195282
2023-03-14,FTNT,0.0036034807206069288,248730465.04440308
2023-03-14,FTV,0.0013751828971159856,111839584.64004517
2023-03-14,GEN,0.0008808352553307296,76549640.15169144
2023-03-14,GILD,0.0077900200550840475,472668986.0221863
2023-03-14,GIS,0.003778445717386994,216099987.80136108
2023-03-14,GOOG,0.09000601293771676,2777323487.7342224
2023-03-14,HLT,0.0030027603100816103,212734569.22302246
2023-03-14,HON,0.009802076364605193,599200744.4137802
2023-03-14,HSY,0.0037892568166919046,196166319.16732788
2023-03-14,IEX,0.0013263920990263438,79186840.80810547
2023-03-14,INCY,0.0013301593488255952,96218754.44946289
2023-03-14,INTU,0.00890523187596246,660049602.4002075
2023-03-14,IR,0.0018249353449782957,124135424.31087494
2023-03-14,ISRG,0.0062281197508459755,337660647.8668213
2023-03-14,ITW,0.005516559701476984,207303114.61639404
2023-03-14,JKHY,0.0009362632763140577,80225682.6385498
2023-03-14,JNJ,0.03167095456665583,1316017093.4196472
2023-03-14,KDP,0.003774737263868904,261398089.79625702
2023-03-14,KEYS,0.0022583811042401754,187685818.6920166
2023-03-14,KO,0.020081383252952327,820218153.3443451
2023-03-14,LIN,0.013621296667760055,1038583923.248291
2023-03-14,LULU,0.0029573753035208633,343849750.831604
2023-03-14,MCD,0.01517624337725458,715471855.2947998
2023-03-14,MCHP,0.003485477014124826,386053794.5251465
2023-03-14,MCO,0.004157228452345789,239212486.51885986
2023-03-14,MDT,0.00854749984961815,531032309.1308594
2023-03-14,META,0.03666814184615824,4478509932.878113
2023-03-14,MNST,0.0010446055071435998,191681557.40585327
2023-03-14,MOS,0.0013990576088896165,247359330.82466125
2023-03-14,MRK,0.020949710661908812,762510848.8643646
2023-03-14,MRNA,0.004145681235802948,532522500.91934204
2023-03-14,MRVL,0.0029655086436415315,497438505.0271988
2023-03-14,MSCI,0.0032387875271829535,201263122.89123535
2023-03-14,MSFT,0.09999999999999998,6916015323.004913
2023-03-14,MSI,0.003414846002698609,184101695.1751709
2023-03-14,MTD,0.002462259995657709,114363911.52954102
2023-03-14,NDAQ,0.002137828065977041,120333886.63311005
2023-03-14,NDSN,0.0009730734613882038,51572055.44204712
2023-03-14,NSC,0.003977679300629737,371288917.3339844
2023-03-14,NTAP,0.0011016239716337471,103705197.29537964
2023-03-14,NUE,0.0038108245867839413,232875901.58843994
2023-03-14,NVR,0.0012918762186265548,120493210.20507812
2023-03-14,NXPI,0.00381641567811282,353318974.5361328
2023-03-14,ODFL,0.001450402763156991,222203294.62280273
2023-03-14,ON,0.0025937692494680414,525128659.65919495
2023-03-14,P,0.0006329293340843024,158890023.48804474
2023-03-14,PAYX,0.003082232218545671,161594059.78736877
2023-03-14,PFE,0.018042693681064658,810907519.0326691
2023-03-14,PG,0.027094827766504646,815255061.1404419
2023-03-14,PH,0.003557974476802336,286017859.1949463
2023-03-14,PTC,0.0011420992296409427,78229186.79847717
2023-03-14,QCOM,0.010742181340146017,836727339.5477295
2023-03-14,REGN,0.006695203969858938,403492547.177124
2023-03-14,ROL,0.0013446754562696417,47944863.4475708
2023-03-14,RSG,0.0031712993408099417,189617531.42547607
2023-03-14,RVTY,0.0012199114827004078,121543205.71937561
2023-03-14,SNPS,0.004299748971093608,312335047.9385376
2023-03-14,SPGI,0.008060638598167717,453942384.1429901
2023-03-14,STLD,0.0016918029443026739,180795970.2140808
2023-03-14,SWKS,0.0013865143648325179,202049807.79685974
2023-03-14,TECH,0.00022066474097920998,66771697.229766846
2023-03-14,TER,0.001222054365292267,150198319.21958923
2023-03-14,TMO,0.01655837049878784,641628251.8859863
2023-03-14,TROW,0.0019780349605652055,177330756.11724854
2023-03-14,TXN,0.012315807671256793,755528611.819458
2023-03-14,TYL,0.0010566062609345098,106374563.55285645
2023-03-14,UNP,0.009846962242421651,660550981.9412231
2023-03-14,VRSK,0.0020534461836222272,200961035.64605713
2023-03-14,VRSN,0.0016078076749661899,105123066.53518677
2023-03-14,VRTX,0.005787610428639176,305586282.24334717
2023-03-14,WSM,0.0003487709566055828,111256014.35165405
2023-03-14,WST,0.0018223550590396997,173865993.4249878
2023-03-14,XOM,0.034803638773992354,1509576485.13031
2023-03-14,ZBH,0.002020783790923491,156428382.730484
2023-03-14,ZTS,0.006008543247882136,305406922.40753174
2023-03-15,A,-0.003248875221114007,199772291.31088257
2023-03-15,AAPL,-0.09999999999999998,8628896573.699951
2023-03-15,ABBV,-0.021226812757731407,867534607.2532654
2023-03-15,ABNB,-0.006503033090005049,700567873.0552673
2023-03-15,ABT,-0.013919363205613775,527551843.7427521
2023-03-15,ACN,-0.013242288785458382,538904522.3907471
2023-03-15,ADBE,-0.01161005844448282,1080060809.2834473
2023-03-15,ADI,-0.00724852612543183,598971391.7037964
2023-03-15,ADSK,-0.003363141895055252,297513398.6732483
2023-03-15,AKAM,-0.0008813552526639498,153905174.74021912
2023-03-15,AMAT,-0.007604595114902644,797065261.0778809
2023-03-15,AMD,-0.009826333546948052,4535413681.339264
2023-03-15,AME,-0.0025268042279594305,136090776.45263672
2023-03-15,AMGN,-0.009596364725082662,558446519.921875
2023-03-15,APP,-0.0003915372574558369,30733942.291784286
2023-03-15,AZO,-0.003999189967138176,383529453.0029297
2023-03-15,BMY,-0.011479986951769256,451309781.95648193
2023-03-15,BX,-0.005002971138342328,301454116.29486084
2023-03-15,CBOE,-0.0010369943789610612,82541798.30513
2023-03-15,CCI,-0.004391814858069539,255756349.56359863
2023-03-15,CDNS,-0.004081145056836692,337482511.14349365
2023-03-15,CF,-0.001303273780236503,233859597.06001282
2023-03-15,CHD,-0.0016007340800980932,117627629.63790894
2023-03-15,CME,-0.005164684627326396,300226249.49798584
2023-03-15,COP,-0.010247339994972638,713260090.1573181
2023-03-15,CPRT,-0.0006505471609573499,141632463.15956116
2023-03-15,CRM,-0.012552220728018867,1302328893.4333801
2023-03-15,CRWD,-0.0005316467703456162,616803242.5094604
2023-03-15,CSCO,-0.015437643952446381,843894488.9680862
2023-03-15,CSGP,-0.0021802206935773853,156431188.93966675
2023-03-15,CSX,-0.004886547987579408,451604823.61278534
2023-03-15,CTAS,-0.000864894561581198,131221216.46728516
2023-03-15,CVX,-0.024194752451996218,1174051186.2380981
2023-03-15,DDOG,-0.0018722542731663106,372578325.93307495
2023-03-15,DGX,-0.001266505243956393,144185168.2067871
2023-03-15,DHR,-0.01239776695201765,567095463.2976227
2023-03-15,DVN,-0.0027313507851904856,611901391.9898987
2023-03-15,EBAY,-0.0019191808209374547,240965061.9747162
2023-03-15,EMR,-0.003794493087211514,266065944.75860596
2023-03-15,EW,-0.003795808738991251,288264669.6193695
2023-03-15,EXE,-0.0009149900123652462,142443426.36871338
2023-03-15,EXPE,-0.0012490201659591004,258296477.75726318
2023-03-15,FDS,-0.0012234497584699704,75258626.63421631
2023-03-15,FFIV,-0.0006639363124419963,60638971.79031372
2023-03-15,FICO,-0.001321783349600662,133690852.75268555
2023-03-15,FIS,-0.0029691700295488544,412151407.195282
2023-03-15,FTNT,-0.0036034807206069288,242172451.08261108
2023-03-15,FTV,-0.0013751828971159856,113884115.16499329
2023-03-15,GEN,-0.0008808352553307296,78118616.92018509
2023-03-15,GILD,-0.0077900200550840475,454475253.4011841
2023-03-15,GIS,-0.003778445717386994,220569306.6356659
2023-03-15,GOOG,-0.09000601293771676,2777323487.7342224
2023-03-15,HLT,-0.0030027603100816103,212734569.22302246
2023-03-15,HON,-0.009802076364605193,604455735.9545898
2023-03-15,HSY,-0.0037892568166919046,207381197.31140137
2023-03-15,IEX,-0.0013263920990263438,81442652.21710205
2023-03-15,INCY,-0.0013301593488255952,96218754.44946289
2023-03-15,INTU,-0.00890523187596246,674253163.5513306
2023-03-15,IR,-0.0018249353449782957,139753153.99532318
2023-03-15,ISRG,-0.0062281197508459755,337660647.8668213
2023-03-15,ITW,-0.005516559701476984,217628092.23709106
2023-03-15,JKHY,-0.0009362632763140577,80225682.6385498
2023-03-15,JNJ,-0.03167095456665583,1316017093.4196472
2023-03-15,KDP,-0.003774737263868904,261398089.79625702
2023-03-15,KEYS,-0.0022583811042401754,187685818.6920166
2023-03-15,KO,-0.020081383252952327,820218153.3443451
2023-03-15,LIN,-0.013621296667760055,1046224190.2862549
2023-03-15,LULU,-0.0029573753035208633,370759048.50616455
2023-03-15,MCD,-0.01517624337725458,736236448.7365723
2023-03-15,MCHP,-0.003485477014124826,389351545.39146423
2023-03-15,MCO,-0.004157228452345789,241629380.45806885
2023-03-15,MDT,-0.00854749984961815,531032309.1308594
2023-03-15,META,-0.03666814184615824,4545424412.850952
2023-03-15,MNST,-0.0010446055071435998,191681557.40585327
2023-03-15,MOS,-0.0013990576088896165,251705885.69488525
2023-03-15,MRK,-0.020949710661908812,776530888.53302
2023-03-15,MRNA,-0.004145681235802948,532522500.91934204
2023-03-15,MRVL,-0.0029655086436415315,535316261.4450455
2023-03-15,MSCI,-0.0032387875271829535,203833448.87390137
2023-03-15,MSFT,-0.09999999999999998,6916015323.004913
2023-03-15,MSI,-0.003414846002698609,184756488.520813
2023-03-15,MTD,-0.002462259995657709,114363911.52954102
2023-03-15,NDAQ,-0.002137828065977041,126971202.28557587
2023-03-15,NDSN,-0.0009730734613882038,53167880.126953125
2023-03-15,NSC,-0.003977679300629737,371288917.3339844
2023-03-15,NTAP,-0.0011016239716337471,105445313.4147644
2023-03-15,NUE,-0.0038108245867839413,232875901.58843994
2023-03-15,NVR,-0.0012918762186265548,122642841.08886719
2023-03-15,NXPI,-0.00381641567811282,358570912.82577515
2023-03-15,ODFL,-0.001450402763156991,222203294.62280273
2023-03-15,ON,-0.0025937692494680414,529058421.4324951
2023-03-15,P,-0.0006329293340843024,156466790.91243744
2023-03-15,PAYX,-0.003082232218545671,168690834.51156616
2023-03-15,PFE,-0.018042693681064658,835412598.3219147
2023-03-15,PG,-0.027094827766504646,823138511.2075806
2023-03-15,PH,-0.003557974476802336,298661895.1522827
2023-03-15,PTC,-0.0011420992296409427,80183277.60047913
2023-03-15,QCOM,-0.010742181340146017,866170503.9943695
2023-03-15,REGN,-0.006695203969858938,403492547.177124
2023-03-15,ROL,-0.0013446754562696417,50065829.429244995
2023-03-15,RSG,-0.0031712993408099417,200716107.70111084
2023-03-15,RVTY,-0.0012199114827004078,121543205.71937561
2023-03-15,SNPS,-0.004299748971093608,312335047.9385376
2023-03-15,SPGI,-0.008060638598167717,453942384.1429901
2023-03-15,STLD,-0.0016918029443026739,199974877.76031494
2023-03-15,SWKS,-0.0013865143648325179,205740427.22091675
2023-03-15,TECH,-0.00022066474097920998,65631943.13697815
2023-03-15,TER,-0.001222054365292267,150198319.21958923
2023-03-15,TMO,-0.01655837049878784,644707143.2128906
2023-03-15,TROW,-0.0019780349605652055,183743291.37763977
2023-03-15,TXN,-0.012315807671256793,773290178.9474487
2023-03-15,TYL,-0.0010566062609345098,109726414.66064453
2023-03-15,UNP,-0.009846962242421651,671868967.9489136
2023-03-15,VRSK,-0.0020534461836222272,208044159.50317383
2023-03-15,VRSN,-0.0016078076749661899,102959958.59909058
2023-03-15,VRTX,-0.005787610428639176,303345074.33776855
2023-03-15,WSM,-0.0003487709566055828,121369712.10861206
2023-03-15,WST,-0.0018223550590396997,173865993.4249878
2023-03-15,XOM,-0.034803638773992354,1559627977.36969
2023-03-15,ZBH,-0.002020783790923491,156428382.730484
2023-03-15,ZTS,-0.006008543247882136,302039942.72003174
2023-03-16,A,0.003248875221114007,215683655.37109375
2023-03-16,AAPL,0.09999999999999998,8628896573.699951
2023-03-16,ABBV,0.021226812757731407,893486961.8522644
2023-03-16,ABNB,0.006503033090005049,700567873.0552673
2023-03-16,ABT,0.013919363205613775,529235794.6170807
2023-03-16,ACN,0.013242288785458382,553893609.9731445
2023-03-16,ADBE,0.01161005844448282,1111493986.491394
2023-03-16,ADI,0.00724852612543183,598971391.7037964
2023-03-16,ADSK,0.003363141895055252,299922250.54016113
2023-03-16,AKAM,0.0008813552526639498,153905174.74021912
2023-03-16,AMAT,0.007604595114902644,803782608.4274292
2023-03-16,AMD,0.009826333546948052,4730086226.251221
2023-03-16,AME,0.0025268042279594305,147414691.43829346
2023-03-16,AMGN,0.009596364725082662,561110244.998169
2023-03-16,APP,0.0003915372574558369,30733942.291784286
2023-03-16,AZO,0.003999189967138176,383529453.0029297
2023-03-16,BMY,0.011479986951769256,467767925.3200531
2023-03-16,BX,0.005002971138342328,301454116.29486084
2023-03-16,CBOE,0.0010369943789610612,84629368.70765686
2023-03-16,CCI,0.004391814858069539,257833000.88043213
2023-03-16,CDNS,0.004081145056836692,337482511.14349365
2023-03-16,CF,0.001303273780236503,241502986.94114685
2023-03-16,CHD,0.0016007340800980932,117627629.63790894
2023-03-16,CME,0.005164684627326396,308130998.5336304
2023-03-16,COP,0.010247339994972638,713260090.1573181
2023-03-16,CPRT,0.0006505471609573499,142551109.2628479
2023-03-16,CRM,0.012552220728018867,1373407528.728485
2023-03-16,CRWD,0.0005316467703456162,641274895.9739685
2023-03-16,CSCO,0.015437643952446381,843894488.9680862
2023-03-16,CSGP,0.0021802206935773853,150483436.96517944
2023-03-16,CSX,0.004886547987579408,451604823.61278534
2023-03-16,CTAS,0.000864894561581198,133689977.87475586
2023-03-16,CVX,0.024194752451996218,1174051186.2380981
2023-03-16,DDOG,0.0018722542731663106,372578325.93307495
2023-03-16,DGX,0.001266505243956393,144185168.2067871
2023-03-16,DHR,0.01239776695201765,579311578.4717255
2023-03-16,DVN,0.0027313507851904856,611901391.9898987
2023-03-16,EBAY,0.0019191808209374547,244692198.02684784
2023-03-16,EMR,0.003794493087211514,266065944.75860596
2023-03-16,EW,0.003795808738991251,296687518.77937317
2023-03-16,EXE,0.0009149900123652462,142443426.36871338
2023-03-16,EXPE,0.0012490201659591004,258296477.75726318
2023-03-16,FDS,0.0012234497584699704,77456366.20941162
2023-03-16,FFIV,0.0006639363124419963,57394822.77908325
2023-03-16,FICO,0.001321783349600662,138135049.1394043
2023-03-16,FIS,0.0029691700295488544,412151407.195282
2023-03-16,FTNT,0.0036034807206069288,241926253.9466858
2023-03-16,FTV,0.0013751828971159856,114442587.64318085
2023-03-16,GEN,0.0008808352553307296,84240516.25518799
2023-03-16,GILD,0.0077900200550840475,454475253.4011841
2023-03-16,GIS,0.003778445717386994,220569306.6356659
2023-03-16,GOOG,0.09000601293771676,2777323487.7342224
2023-03-16,HLT,0.0030027603100816103,212734569.22302246
2023-03-16,HON,0.009802076364605193,614203299.8936844
2023-03-16,HSY,0.0037892568166919046,207381197.31140137
2023-03-16,IEX,0.0013263920990263438,83641907.44171143
2023-03-16,INCY,0.0013301593488255952,98692506.26525879
2023-03-16,INTU,0.00890523187596246,691692214.5477295
2023-03-16,IR,0.0018249353449782957,158901828.35655212
2023-03-16,ISRG,0.0062281197508459755,341303214.1616821
2023-03-16,ITW,0.005516559701476984,219254444.41452026
2023-03-16,JKHY,0.0009362632763140577,80225682.6385498
2023-03-16,JNJ,0.03167095456665583,1292764008.3854675
2023-03-16,KDP,0.003774737263868904,277261323.2185364
2023-03-16,KEYS,0.0022583811042401754,189857358.53881836
2023-03-16,KO,0.020081383252952327,832179544.9199677
2023-03-16,LIN,0.013621296667760055,1046224190.2862549
2023-03-16,LULU,0.0029573753035208633,392606176.3000488
2023-03-16,MCD,0.01517624337725458,739742358.0535889
2023-03-16,MCHP,0.003485477014124826,393636037.16773987
2023-03-16,MCO,0.004157228452345789,241629380.45806885
2023-03-16,MDT,0.00854749984961815,531032309.1308594
2023-03-16,META,0.03666814184615824,4718476502.958679
2023-03-16,MNST,0.0010446055071435998,191681557.40585327
2023-03-16,MOS,0.0013990576088896165,251705885.69488525
2023-03-16,MRK,0.020949710661908812,850719582.05719
2023-03-16,MRNA,0.004145681235802948,532522500.91934204
2023-03-16,MRVL,0.0029655086436415315,570025582.2471619
2023-03-16,MSCI,0.0032387875271829535,211249931.25915527
2023-03-16,MSFT,0.09999999999999998,6916015323.004913
2023-03-16,MSI,0.003414846002698609,184756488.520813
2023-03-16,MTD,0.002462259995657709,111981084.47265625
2023-03-16,NDAQ,0.002137828065977041,130577224.10125732
2023-03-16,NDSN,0.0009730734613882038,55503855.670928955
2023-03-16,NSC,0.003977679300629737,371288917.3339844
2023-03-16,NTAP,0.0011016239716337471,112513191.93344116
2023-03-16,NUE,0.0038108245867839413,243617938.14544678
2023-03-16,NVR,0.0012918762186265548,122642841.08886719
2023-03-16,NXPI,0.00381641567811282,358570912.82577515
2023-03-16,ODFL,0.001450402763156991,227789361.50665283
2023-03-16,ON,0.0025937692494680414,529058421.4324951
2023-03-16,P,0.0006329293340843024,156466790.91243744
2023-03-16,PAYX,0.003082232218545671,173126057.18574524
2023-03-16,PFE,0.018042693681064658,849808129.4538498
2023-03-16,PG,0.027094827766504646,844887192.3034668
2023-03-16,PH,0.003557974476802336,298661895.1522827
2023-03-16,PTC,0.0011420992296409427,81118168.30749512
2023-03-16,QCOM,0.010742181340146017,874870521.2905884
2023-03-16,REGN,0.006695203969858938,409752725.9765625
2023-03-16,ROL,0.0013446754562696417,51727172.43309021
2023-03-16,RSG,0.0031712993408099417,200716107.70111084
2023-03-16,RVTY,0.0012199114827004078,115933423.6278534
2023-03-16,SNPS,0.004299748971093608,312335047.9385376
2023-03-16,SPGI,0.008060638598167717,465961222.2279968
2023-03-16,STLD,0.0016918029443026739,215542465.2633667
2023-03-16,SWKS,0.0013865143648325179,207875548.6415863
2023-03-16,TECH,0.00022066474097920998,65631943.13697815
2023-03-16,TER,0.001222054365292267,151857652.2644043
2023-03-16,TMO,0.01655837049878784,644707143.2128906
2023-03-16,TROW,0.0019780349605652055,185824545.40634155
2023-03-16,TXN,0.012315807671256793,784749015.1512146
2023-03-16,TYL,0.0010566062609345098,105243016.60308838
2023-03-16,UNP,0.009846962242421651,721625787.437439
2023-03-16,VRSK,0.0020534461836222272,230771013.356781
2023-03-16,VRSN,0.0016078076749661899,100662712.00332642
2023-03-16,VRTX,0.005787610428639176,305586282.24334717
2023-03-16,WSM,0.0003487709566055828,130628358.2244873
2023-03-16,WST,0.0018223550590396997,171019110.52093506
2023-03-16,XOM,0.034803638773992354,1561359185.4545593
2023-03-16,ZBH,0.002020783790923491,156428382.730484
2023-03-16,ZTS,0.006008543247882136,302039942.72003174
2023-03-31,A,-0.00031429517721675735,194108620.70846558
2023-03-31,ABBV,-0.0008510206921751376,736168851.4831543
2023-03-31,ABNB,-0.00042020584566518186,625947581.6711426
2023-03-31,ABT,-0.0010749964730313866,520207418.8117981
2023-03-31,ACN,-3.067287372810097e-05,781956962.0353699
2023-03-31,ADBE,0.001192479070104776,1232081444.166565
2023-03-31,ADI,-2.5863051969697744e-05,644036631.2149048
2023-03-31,ADSK,-0.00014495004388455964,302584910.8482361
2023-03-31,AKAM,-2.2945071799431328e-07,125821504.29573059
2023-03-31,ALLE,0.0006742457243391674,92989186.66763306
2023-03-31,AMAT,-0.0001500166736552195,759301942.8482056
2023-03-31,AMD,0.001534537233809535,5888545316.528702
2023-03-31,AME,-0.00012217522069236193,147275176.19018555
2023-03-31,AMGN,-0.00031345934322016787,575971826.4633179
2023-03-31,APP,3.1892756052909514e-05,30277690.27967453
2023-03-31,AZO,-0.0003344202074972492,348387640.4663086
2023-03-31,BMY,-0.0007844698808428408,522571682.6553345
2023-03-31,BX,-0.0005165896739256813,386761600.86250305
2023-03-31,CBOE,-1.4257253698480785e-05,88907177.67753601
2023-03-31,CCI,-0.00022456062445208244,290389020.98197937
2023-03-31,CDNS,3.818773767061759e-05,440445026.14746094
2023-03-31,CF,-0.00028366656607643585,204555448.2673645
2023-03-31,CHD,-3.4913472591273104e-05,117627629.63790894
2023-03-31,CME,-0.00021812006276283706,357201179.45480347
2023-03-31,COP,-0.001128956128846689,677213612.3313904
2023-03-31,CPRT,-6.862010305332057e-06,139103994.77005005
2023-03-31,CRM,0.0019428172115488803,1449415777.2712708
2023-03-31,CRWD,4.362769732246341e-05,702347900.0869751
2023-03-31,CSCO,1.3248681646696112e-05,875577500.1873016
2023-03-31,CSGP,-0.00021100861437492067,128215803.49693298
2023-03-31,CSX,-0.0004386142889391386,392974873.4775543
2023-03-31,CTAS,-1.8903537936432505e-05,147358504.96673584
2023-03-31,CVX,-0.0014337376943309652,1213554151.2771606
2023-03-31,DDOG,-0.00022429278655791826,354885940.5784607
2023-03-31,DGX,-6.602994234186665e-05,153340198.69995117
2023-03-31,DHR,-0.000696123584322899,619532292.5397339
2023-03-31,DVN,-0.00035491705549357,474030520.8770752
2023-03-31,EBAY,-0.0001994741834567247,226165631.33354187
2023-03-31,EMR,-8.875213612735472e-05,266285464.8677826
2023-03-31,EW,-0.00017707155942590707,267315317.26837158
2023-03-31,EXE,-0.0001168940244480331,97006551.9733429
2023-03-31,EXPD,0.001221926017706685,130069372.18437195
2023-03-31,EXPE,-0.00021808756191753795,248598509.08813477
2023-03-31,FDS,-8.788147494149341e-05,112119559.7076416
2023-03-31,FFIV,-3.682787053526271e-05,51511235.78186035
2023-03-31,FICO,-5.077906300327874e-05,168407597.76000977
2023-03-31,FIS,-0.0006094914924924004,369913859.5127106
2023-03-31,FTNT,0.00013130334614289575,267434520.59783936
2023-03-31,FTV,-7.15653357862508e-05,124545451.82818031
2023-03-31,GEN,-0.00016268313287061366,97625467.88654327
2023-03-31,GILD,-0.00035017768714111584,391677142.0768738
2023-03-31,GIS,-1.3869794031524246e-05,238494958.7524414
2023-03-31,GOOG,0.006084132886941318,2795932299.5925903
2023-03-31,HLT,-0.00028942768929386816,239659479.95300293
2023-03-31,HON,-0.0007330105776354925,537857361.7661133
2023-03-31,HSY,-3.9617662357157874e-05,234587309.274292
2023-03-31,IEX,-6.38142893826985e-05,68051605.96008301
2023-03-31,INCY,-0.00017259395628576625,97758028.24440002
2023-03-31,INTU,0.00013313221714142225,705186161.0046387
2023-03-31,IR,-0.0001300858733101727,164757224.99027252
2023-03-31,ISRG,0.00020148296059896605,386702059.41619873
2023-03-31,ITW,-0.0001772415856780953,272429672.870636
2023-03-31,JKHY,-0.00013982581114262724,90383247.70431519
2023-03-31,JNJ,-0.0019798879042864648,1184438099.0325928
2023-03-31,KDP,-0.00020177028859443957,287085172.83878326
2023-03-31,KEYS,-0.00014505605247406997,150510547.2000122
2023-03-31,KO,-0.0006784578661397506,826963388.5437012
2023-03-31,LIN,-0.0007386300859360071,664547857.5210571
2023-03-31,LULU,-0.0029573753035208633,719779410.9375
2023-03-31,MCD,-0.0002715563537744603,676507730.2185059
2023-03-31,MCHP,-0.00014492302854317903,403790347.87216187
2023-03-31,MCO,-9.286184362873595e-05,241138790.8935547
2023-03-31,MDT,-0.000832901643580566,483503051.8230438
2023-03-31,META,0.004510731839985224,5493492563.3377075
2023-03-31,MNST,-0.0010446055071435998,181523125.7205963
2023-03-31,MOS,-0.00028041645585838134,209263311.66000366
2023-03-31,MRK,-0.0015027141338729254,963710194.5602417
2023-03-31,MRNA,0.00010610656952121655,411714273.10943604
2023-03-31,MRVL,-0.0002999479860239882,534113793.3576584
2023-03-31,MSCI,-2.0710322169875586e-05,238184955.65490723
2023-03-31,MSI,3.146445340163279e-05,178931010.69030762
2023-03-31,MTD,-2.6214552612706995e-05,108475708.02612305
2023-03-31,NDAQ,-0.0002052792014327334,140627524.72553253
2023-03-31,NDSN,-6.031209892363391e-05,51009695.02182007
2023-03-31,NSC,-0.0005007775161289755,334562269.06967163
2023-03-31,NTAP,-9.153470537675906e-05,114189295.40958405
2023-03-31,NUE,-0.0008875701612114039,250813844.53735352
2023-03-31,NVR,-2.1009852501857953e-06,121913779.8828125
2023-03-31,NXPI,-0.0002756308096113257,377629330.23986816
2023-03-31,ODFL,-9.967366908081527e-05,212659300.0
2023-03-31,ON,-3.694213295929016e-05,504566207.27996826
2023-03-31,ORCL,0.017806665068162773,737423809.8472595
2023-03-31,P,-0.00010851632306831734,130820128.51333618
2023-03-31,PAYX,-0.00011668573184664237,211478368.37043762
2023-03-31,PFE,-0.0012229923087421733,813718978.842926
2023-03-31,PG,5.3167082117014375e-05,847964659.5397949
2023-03-31,PH,-0.0004074095450257737,352545027.3651123
2023-03-31,PTC,-5.892037161586792e-05,78157453.408432
2023-03-31,QCOM,-0.00045812610173537327,874912290.1340485
2023-03-31,REGN,1.088741423969572e-05,446268575.0
2023-03-31,ROL,-1.5705663396656374e-05,47944863.4475708
2023-03-31,RSG,-8.82109986385729e-05,170788405.80368042
2023-03-31,RVTY,-9.64968285175412e-06,88263094.13452148
2023-03-31,SNPS,-6.762486204518921e-05,295986188.1851196
2023-03-31,SPGI,-0.0005105571784855684,473093653.9212036
2023-03-31,STLD,-0.00028584938777528684,194242065.2557373
2023-03-31,SWKS,-2.7427860450841878e-05,189231750.55770874
2023-03-31,TECH,-1.1752324505416426e-05,51240482.48748779
2023-03-31,TER,-1.7910978610306393e-05,163705222.94006348
2023-03-31,TMO,-0.0002288373035761529,610501890.9942627
2023-03-31,TROW,-0.00013434765230245223,193046753.06892395
2023-03-31,TXN,6.997486661452536e-05,887093995.3353882
2023-03-31,TYL,2.4627340930011158e-05,85912123.33374023
2023-03-31,UNP,-0.000984302297189734,677907689.3386841
2023-03-31,VRSK,8.084725074320852e-05,204420378.71704102
2023-03-31,VRSN,-7.639192848149816e-06,106501364.27764893
2023-03-31,VRTX,3.524516395485896e-05,327184537.5
2023-03-31,WSM,-0.0003487709566055828,145414646.23718262
2023-03-31,WST,2.3765376058857693e-05,151134954.84313965
2023-03-31,XOM,-0.0026153832355289217,1573771098.992157
2023-03-31,ZBH,-6.699344140691363e-05,126904834.1632843
2023-03-31,ZTS,-0.00045753096785191693,302273659.35058594
2023-05-01,A,-0.00010934422248730282,167959442.26379395
2023-05-01,ABBV,-0.001375008079292462,777031251.03302
2023-05-01,ABNB,-0.000328268468600232,515610579.39720154
2023-05-01,ABT,0.0009359999127497298,532846165.2244568
2023-05-01,ACN,-0.0004699037795065069,607896276.2435913
2023-05-01,ADBE,-0.0004673492207974226,736212450.0
2023-05-01,ADI,-0.0007442156472427458,480524355.9364319
2023-05-01,ADSK,-0.0002566154852198378,226791595.526886
2023-05-01,AKAM,2.6010883319516412e-05,91729616.52069092
2023-05-01,ALLE,1.212224138029763e-05,90017736.68746948
2023-05-01,AMAT,-0.0007084593655173298,645143259.9060059
2023-05-01,AMD,-0.0011732061044036762,4332249116.05072
2023-05-01,AME,-0.0001602656738943862,148382395.39489746
2023-05-01,AMGN,-0.00022975778097561635,462678719.1390991
2023-05-01,APP,2.6030610800860648e-05,37475122.246456146
2023-05-01,AZO,0.00024005645369508735,362095464.1723633
2023-05-01,BMY,-0.000562730265868755,451148232.95822144
2023-05-01,BX,4.822737363265744e-07,321551070.2068329
2023-05-01,CBOE,2.3957768572600542e-05,76494919.69299316
2023-05-01,CCI,-0.0003982338324097952,246878528.5346985
2023-05-01,CDNS,-8.061494979707141e-05,306606776.2237549
2023-05-01,CF,-2.9486453277500395e-05,162704330.69992065
2023-05-01,CHD,0.00012575311858943616,110522768.27049255
2023-05-01,CME,-0.0002280339252493024,242346387.4900818
2023-05-01,COP,0.00018149387623423233,547463226.1932373
2023-05-01,CPRT,2.1651499237315143e-05,135667789.59999084
2023-05-01,CRM,-0.0003408492142634948,927898475.0022888
2023-05-01,CRWD,-8.046847983935314e-05,392922405.947876
2023-05-01,CSCO,-0.0017180176082777707,807297483.8911057
2023-05-01,CSGP,0.00019519433418971853,126164614.48402405
2023-05-01,CSX,2.8548920637524317e-05,414460645.6439018
2023-05-01,CTAS,-2.644677111727535e-05,144930123.8723755
2023-05-01,CVX,0.0003663216301632473,1058543071.7590332
2023-05-01,DDOG,-0.00014508157145743262,276571388.60549927
2023-05-01,DGX,-4.217655338606971e-05,135370258.67462158
2023-05-01,DHR,-0.0008847527809118308,665075567.6811066
2023-05-01,DVN,9.083350331908716e-05,344053755.2089691
2023-05-01,EBAY,5.001632030047251e-05,165805057.27119446
2023-05-01,EMR,-0.00022368639715168379,251633396.7529297
2023-05-01,EW,0.00016585967243935417,220470790.5204773
2023-05-01,EXE,5.53089133979918e-05,100681503.21617126
2023-05-01,EXPD,2.0341760489571165e-05,103036511.02294922
2023-05-01,EXPE,-0.0010309326040415625,197032644.28901672
2023-05-01,FDS,-2.796825859729588e-05,80166147.71270752
2023-05-01,FFIV,-5.8354338803106925e-05,75586094.44885254
2023-05-01,FICO,2.386654301973312e-05,143073000.03051758
2023-05-01,FIS,0.0001483982441631889,279371580.39131165
2023-05-01,FTNT,-0.0002503528080462533,235301739.24674988
2023-05-01,FTV,-0.00011714117547447444,132949040.64117432
2023-05-01,GEN,9.087226155417164e-06,55442487.333106995
2023-05-01,GILD,-0.00019032774909140578,395816278.5209656
2023-05-01,GIS,7.493194058228467e-05,202479080.57365417
2023-05-01,GOOG,0.0022418143817646285,2318518504.5669556
2023-05-01,HLT,1.4696519805998398e-05,215627956.56356812
2023-05-01,HON,0.00025661417145564185,474905019.63775635
2023-05-01,HSY,0.00020817158282369344,213336005.90515137
2023-05-01,IDXX,0.002885009495464547,183038118.73168945
2023-05-01,IEX,-0.0001537278884599614,80710087.56866455
2023-05-01,INCY,1.4523296042191422e-05,103823463.22555542
2023-05-01,INTU,-0.0001872838593942397,549137306.7855835
2023-05-01,IR,-6.132261654215082e-05,107173995.35160065
2023-05-01,ISRG,0.0010257755566272422,431142367.1859741
2023-05-01,ITW,-0.00012106245201150018,226932272.0741272
2023-05-01,JKHY,5.238132141786975e-05,119326044.39239502
2023-05-01,JNJ,0.001146806815668859,1053845434.4436646
2023-05-01,KDP,-0.0003161762506970235,261580056.36405945
2023-05-01,KEYS,-0.00025176250624377844,153538511.0847473
2023-05-01,KO,0.0003305583052755877,654080129.6302795
2023-05-01,LIN,0.00028584827319929826,580144174.49646
2023-05-01,MCD,0.0005990569016495022,674872408.3374023
2023-05-01,MCHP,-0.0004784649169207746,279381764.38713074
2023-05-01,MCO,2.5371799150787806e-05,186013043.92242432
2023-05-01,MDT,0.00084424048382363,455007598.8746643
2023-05-01,META,0.004740198709624589,4022318634.2941284
2023-05-01,MOS,-9.119319628949859e-05,161029874.48978424
2023-05-01,MRK,0.0013099061819290686,711994996.9673157
2023-05-01,MRNA,-0.0006337686484735091,441296664.5477295
2023-05-01,MRVL,-0.00027544196112953227,389638285.56194305
2023-05-01,MSCI,-0.0004900865357266976,216615364.61791992
2023-05-01,MSI,5.303233740669953e-06,181380298.39019775
2023-05-01,MTD,-0.00010097886589357022,123788463.52539062
2023-05-01,NDAQ,-7.695773859889635e-06,149770496.55590057
2023-05-01,NDSN,-3.915821482053611e-05,40239043.23120117
2023-05-01,NSC,-0.00020230053607852346,292697843.4753418
2023-05-01,NTAP,-3.167651409405358e-05,124907429.0561676
2023-05-01,NUE,-0.00016551210487433451,251902721.018219
2023-05-01,NVR,3.9584799044032606e-05,111000041.74804688
2023-05-01,NXPI,-0.00048330405950043403,298315693.22891235
2023-05-01,ODFL,-0.00010208598756667993,232210410.9298706
2023-05-01,ON,-0.00035882148064714367,346539973.6778259
2023-05-01,ORCL,4.4096182584312665e-05,622964957.5313568
2023-05-01,P,2.3181518243905845e-05,112205125.23431778
2023-05-01,PAYX,-0.00016953290376108725,203788388.68408203
2023-05-01,PFE,-0.0010531136594728874,809764616.7274475
2023-05-01,PG,0.0009308256777320681,827541889.5225525
2023-05-01,PH,-0.00015573853907939776,277735103.69415283
2023-05-01,PTC,-3.822210673269286e-05,78993896.36535645
2023-05-01,QCOM,-0.001025007999591824,649396638.9003754
2023-05-01,REGN,-0.00027070958129333904,375052086.38305664
2023-05-01,ROL,0.0001423426971408901,49665301.060676575
2023-05-01,RSG,0.0001596732847552046,138207084.57260132
2023-05-01,RVTY,-4.4798953966141515e-05,83026430.07507324
2023-05-01,SNPS,-0.0002310195376390399,209752918.37768555
2023-05-01,SPGI,0.00025841950504252795,344679192.4377289
2023-05-01,STLD,-0.0001347118491694336,168216993.58825684
2023-05-01,SWKS,-0.000159376414975762,173115978.3554077
2023-05-01,TECH,1.2294426443842845e-05,90066753.10325623
2023-05-01,TER,-0.00019762404691637332,135028041.88690186
2023-05-01,TMO,-0.0008688458088268337,638433576.2145996
2023-05-01,TROW,-3.9711400126689594e-05,118661170.70083618
2023-05-01,TXN,-0.0014370187824738496,714839018.447876
2023-05-01,TYL,5.520775731614148e-05,85702355.85479736
2023-05-01,UNP,-0.00038767183743738595,490872064.1357422
2023-05-01,VRSK,-1.0759297454535771e-05,152248134.42459106
2023-05-01,VRSN,5.1442462376565705e-05,75883580.33218384
2023-05-01,VRTX,0.0003698579746889228,308382678.1921387
2023-05-01,WST,4.679783490987356e-05,121983643.24951172
2023-05-01,XOM,0.001972100224285296,1806182572.8233337
2023-05-01,ZBH,0.00010503119410228481,168675725.07476807
2023-05-01,ZTS,0.0002143364378372507,228129724.5918274
2023-05-26,A,2.5706151386586766e-06,208739496.26693726
2023-05-26,ABBV,1.7288363184174427e-05,679310337.1200562
2023-05-26,ABNB,5.235936693537974e-06,718272902.305603
2023-05-26,ABT,1.2538429127335535e-05,420289701.55563354
2023-05-26,ACN,1.159338199357117e-05,688986519.5877075
2023-05-26,ADBE,1.1223495584309143e-05,1125274726.7852783
2023-05-26,ADI,5.8945858263026105e-06,531079535.0418091
2023-05-26,ADSK,2.694668169968273e-06,228063833.97903442
2023-05-26,AKAM,8.253821781193174e-07,108640498.97232056
2023-05-26,ALLE,6.245099506377739e-07,63295869.88487244
2023-05-26,AMAT,6.138133918538735e-06,584575407.2673798
2023-05-26,AMD,9.26951472374725e-06,7494663059.142303
2023-05-26,AME,2.04209302377429e-06,131395028.39050293
2023-05-26,AMGN,8.237244515658937e-06,502709498.0018616
2023-05-26,APP,4.0895357347720636e-07,54771224.26958084
2023-05-26,AZO,3.5529088587104955e-06,328343549.59716797
2023-05-26,BMY,9.219582648815894e-06,582399439.0922546
2023-05-26,BX,4.082491012958461e-06,265999767.0715332
2023-05-26,CBOE,9.523628856961293e-07,88383469.86618042
2023-05-26,CCI,3.429342367754478e-06,253026822.67837524
2023-05-26,CDNS,3.6747336819489135e-06,295053270.1248169
2023-05-26,CF,9.008874224717377e-07,182690484.84039307
2023-05-26,CHD,1.53912285675694e-06,154123024.1519928
2023-05-26,CME,4.293279237693563e-06,195883372.946167
2023-05-26,COP,8.46173842587554e-06,556571099.2664337
2023-05-26,CPRT,6.053740546361e-07,158634253.54156494
2023-05-26,CRM,1.287856098134213e-05,989213716.2475586
2023-05-26,CRWD,4.5021224542483255e-07,441387576.84173584
2023-05-26,CSCO,1.2495217627906535e-05,792565554.6678543
2023-05-26,CSGP,1.9693421166168228e-06,104391227.54974365
2023-05-26,CSX,4.073045478843185e-06,316444401.0418892
2023-05-26,CTAS,7.456838988033863e-07,138014831.67419434
2023-05-26,CVX,2.1043015448439506e-05,1081749441.6618347
2023-05-26,DDOG,1.3674348286953509e-06,450972381.74972534
2023-05-26,DGX,1.0539085886994946e-06,117867640.39764404
2023-05-26,DHR,9.84203247208007e-06,753431497.9074631
2023-05-26,DVN,2.244908001040012e-06,372441381.1401367
2023-05-26,EBAY,1.610228991162383e-06,187697743.7620163
2023-05-26,EMR,3.168238942088779e-06,210995172.4346161
2023-05-26,EW,3.4435150112989074e-06,190491266.75109863
2023-05-26,EXE,7.764929009117846e-07,118005787.49084473
2023-05-26,EXPD,1.1303100196802945e-06,152284708.06999207
2023-05-26,FDS,1.0077790215212538e-06,92919678.00292969
2023-05-26,FFIV,5.174958835410526e-07,74640923.05221558
2023-05-26,FICO,1.1781722899012123e-06,152821168.28308105
2023-05-26,FIS,2.282039642094013e-06,213359643.4370041
2023-05-26,FTNT,3.1704014494511948e-06,325056141.15600586
2023-05-26,FTV,1.0795467535939726e-06,140930287.9809494
2023-05-26,GEN,-0.0007272393486155331,79737295.11594772
2023-05-26,GILD,6.5961615968212e-06,402514924.46517944
2023-05-26,GIS,3.493477240109656e-06,215878181.2828064
2023-05-26,GOOG,8.946992091955763e-05,3086517171.043396
2023-05-26,HLT,2.4821690827966404e-06,206928468.92547607
2023-05-26,HON,8.48521525097061e-06,433518296.0595398
2023-05-26,HSY,3.6011182216319146e-06,258594706.08673096
2023-05-26,IDXX,2.62500178852855e-06,176971681.82678223
2023-05-26,IEX,1.008916272508863e-06,87034076.89361572
2023-05-26,INCY,1.0664557287172211e-06,99027241.97998047
2023-05-26,INTU,8.053388205628287e-06,645675846.3119507
2023-05-26,IR,1.486307384102525e-06,108230494.62337494
2023-05-26,ISRG,6.7834720539434665e-06,399571053.8101196
2023-05-26,ITW,4.747967198019849e-06,240439544.64492798
2023-05-26,JKHY,7.72320103776614e-07,90901966.48101807
2023-05-26,JNJ,2.805865046944314e-05,891277456.3903809
2023-05-26,KDP,2.9632767206892556e-06,249731676.00536346
2023-05-26,KEYS,1.693791656192517e-06,172104437.50457764
2023-05-26,KO,1.795502928744752e-05,687986203.6169052
2023-05-26,LIN,1.1981719679273958e-05,467264165.8004761
2023-05-26,MCD,1.4106489284120005e-05,639479292.9244995
2023-05-26,MCHP,2.6041470352084622e-06,391385245.5982208
2023-05-26,MCO,3.721156083591297e-06,213930170.8190918
2023-05-26,MDT,7.787484548641213e-06,423684663.4754181
2023-05-26,META,4.178067606222524e-05,5036169150.011444
2023-05-26,MOS,9.348505536313934e-07,145914432.28149414
2023-05-26,MRK,1.888621400505941e-05,661929924.1004944
2023-05-26,MRNA,3.2919499130222574e-06,401920031.34384155
2023-05-26,MRVL,2.1747123754496146e-06,482838249.8910904
2023-05-26,MSCI,2.4821340786651026e-06,212022999.31793213
2023-05-26,MSI,3.140541521054127e-06,192281606.61315918
2023-05-26,MTD,2.124621756355218e-06,149187130.6274414
2023-05-26,NDAQ,1.7513782237612609e-06,91224927.2518158
2023-05-26,NDSN,7.948708067112781e-07,51611715.7875061
2023-05-26,NSC,2.9794820943706765e-06,294096818.359375
2023-05-26,NTAP,8.902345827229569e-07,92731224.26490784
2023-05-26,NUE,2.509204401411093e-06,191734428.59420776
2023-05-26,NVR,1.209553198416825e-06,114867705.32226562
2023-05-26,NXPI,2.781929350539978e-06,352104434.173584
2023-05-26,ODFL,1.1361107798688909e-06,210769826.39465332
2023-05-26,ON,1.9999132531115134e-06,563353887.3821259
2023-05-26,ORCL,1.6241984743366883e-05,624087410.95047
2023-05-26,P,4.982432886115138e-07,75340578.05833817
2023-05-26,PAYX,2.5440265162038865e-06,168858202.16140747
2023-05-26,PFE,1.4345644619290915e-05,939892145.1913834
2023-05-26,PG,2.554825355595078e-05,794043022.1878052
2023-05-26,PH,2.7249215815480093e-06,255070772.99194336
2023-05-26,PTC,9.507813909762249e-07,84877838.49716187
2023-05-26,QCOM,8.424587718056445e-06,838566204.4178009
2023-05-26,REGN,5.855401435864507e-06,404787439.36157227
2023-05-26,ROL,1.3387123764558185e-06,54047116.5555954
2023-05-26,RSG,2.95051197711331e-06,153004523.38867188
2023-05-26,RVTY,1.060427031423887e-06,101173769.99664307
2023-05-26,SNPS,3.640510255702341e-06,300385864.0823364
2023-05-26,SPGI,7.1047699930788105e-06,367902503.3445282
2023-05-26,STLD,1.1566727113768247e-06,145605147.54257202
2023-05-26,SWKS,1.0915877869232399e-06,182076172.0539093
2023-05-26,TECH,2.0127086555743467e-07,74401236.77253723
2023-05-26,TER,9.158081008837221e-07,142714310.71166992
2023-05-26,TMO,1.4067313159607173e-05,708638267.1386719
2023-05-26,TROW,1.64139493917222e-06,112407616.31965637
2023-05-26,TXN,9.962020743874145e-06,808566682.3165894
2023-05-26,TYL,1.034021068248292e-06,91454776.51062012
2023-05-26,UNP,7.71119089059899e-06,390650429.4692993
2023-05-26,VRSK,1.9321534005887347e-06,220375051.10549927
2023-05-26,VRSN,1.502761668572411e-06,87068819.02618408
2023-05-26,VRTX,5.634603357638178e-06,375838432.57598877
2023-05-26,WST,1.7223214870251604e-06,130759881.46972656
2023-05-26,XOM,3.108169838433872e-05,1514742648.3810425
2023-05-26,ZBH,1.8732729451173546e-06,156412543.35479736
2023-05-26,ZTS,5.2457542062461435e-06,336604145.2041626
2023-05-31,A,-0.00036829044879991115,219590738.76953125
2023-05-31,ABBV,-0.0013376812030670981,679310337.1200562
2023-05-31,ABNB,-0.0003795817197457139,761574953.3443451
2023-05-31,ABT,-0.0008239299318786933,437374745.21865845
2023-05-31,ACN,0.0014215008227175321,711159379.9682617
2023-05-31,ADBE,0.001566144371226508,1217385842.0913696
2023-05-31,ADI,3.854887081931619e-05,585608526.6860962
2023-05-31,ADSK,0.00012565965114862783,245214790.6349182
2023-05-31,AKAM,0.000131146207507163,113877648.4424591
2023-05-31,ALLE,-2.37459861935354e-05,62751005.87310791
2023-05-31,AMAT,0.0013569707905239535,625756264.4229889
2023-05-31,AMD,0.0035379865219097844,7963425403.229523
2023-05-31,AME,0.00015962523188856092,128243981.34994507
2023-05-31,AMGN,-0.0005685616675042086,516107886.62338257
2023-05-31,APP,0.00022410807555111516,56415798.30493927
2023-05-31,AZO,-0.00034146727454357345,342168607.32421875
2023-05-31,BMY,-0.00017437036096774362,582399439.0922546
2023-05-31,BX,-0.00010653516098400873,265999767.0715332
2023-05-31,CBOE,-3.637903847479975e-05,85619587.65792847
2023-05-31,CCI,-0.003772449743575416,248148744.75517273
2023-05-31,CDNS,0.0004959259611424273,316495246.79260254
2023-05-31,CF,-0.00012379772649287197,185408049.07989502
2023-05-31,CHD,-5.18497006234183e-05,149414296.043396
2023-05-31,CME,-9.511204992752875e-05,195883372.946167
2023-05-31,COP,-0.00015999712616986475,562037306.9919586
2023-05-31,CPRT,8.547864433835247e-05,172397434.70535278
2023-05-31,CRM,0.002078780042928517,1057510347.8012085
2023-05-31,CRWD,0.0001774641418022878,484960788.45062256
2023-05-31,CSCO,0.0009690403719957025,837092854.9243927
2023-05-31,CSGP,0.00010997817752854758,104391227.54974365
2023-05-31,CSX,8.665453128417488e-05,316444401.0418892
2023-05-31,CTAS,4.5049637386613455e-05,134356061.07635498
2023-05-31,CTSH,0.0022926366142000335,220706634.8241806
2023-05-31,CVX,-0.00208678405990707,1099351102.4993896
2023-05-31,DDOG,0.0006534690071358523,461328131.7398071
2023-05-31,DGX,-3.1126544851117375e-05,117867640.39764404
2023-05-31,DHR,-0.00014066732828866418,735055458.9776459
2023-05-31,DVN,-0.00029970568239260156,376400284.2206955
2023-05-31,EBAY,-0.0017713331867723649,192162477.11372375
2023-05-31,EMR,-0.00017393106573923046,212605802.78167725
2023-05-31,EW,-9.49363505113811e-05,190491266.75109863
2023-05-31,EXE,-6.250036233578773e-05,120511681.31446838
2023-05-31,EXPD,-1.6455349473211943e-05,152284708.06999207
2023-05-31,FDS,-5.315613112856087e-05,96258850.45166016
2023-05-31,FFIV,6.748159075983015e-05,76188688.3720398
2023-05-31,FICO,0.00013204980804487534,150202583.0718994
2023-05-31,FIS,-0.002510358820861737,212677747.59025574
2023-05-31,FTNT,0.00036139310124946606,325056141.15600586
2023-05-31,FTV,6.0503647197909793e-05,142584399.8239975
2023-05-31,GILD,-0.0003405794291385031,398381544.47135925
2023-05-31,GIS,-0.00012688207881037276,224780832.02056885
2023-05-31,GOOG,0.0015785698726577535,3287719623.404312
2023-05-31,HLT,-0.0001024397728617869,195621459.12857056
2023-05-31,HON,-0.00022071852973270037,432470206.5509262
2023-05-31,HSY,-0.00012471061421073272,258594706.08673096
2023-05-31,IDXX,-0.0001106843756465757,176637886.57531738
2023-05-31,IEX,-1.886418179584872e-05,82172013.94958496
2023-05-31,INCY,-0.0001849519056265857,95078380.45578003
2023-05-31,INTU,-0.0003420745799878437,717616038.5101318
2023-05-31,IR,1.9478958787114446e-05,108230494.62337494
2023-05-31,ISRG,0.00030388490708491925,399571053.8101196
2023-05-31,ITW,-0.00041444308095533403,231682806.91070557
2023-05-31,JKHY,-3.9767201310689595e-05,86079597.09854126
2023-05-31,JNJ,-0.0010927951204442038,891277456.3903809
2023-05-31,KDP,-0.00010060025712745361,249731676.00536346
2023-05-31,KEYS,0.0002592882340493512,172104437.50457764
2023-05-31,KO,-0.001045504184397212,718500637.2940063
2023-05-31,LIN,-0.0003318870170384569,485889320.7305908
2023-05-31,MCD,-0.0002838720943522319,704837218.3135986
2023-05-31,MCHP,9.423133762506263e-05,378517277.1736145
2023-05-31,MCO,0.00012514323845658724,221924533.69140625
2023-05-31,MDT,-0.0006284320020149958,423684663.4754181
2023-05-31,META,0.005595122130941474,5036169150.011444
2023-05-31,MOS,-0.00024728601843492567,148248854.30984497
2023-05-31,MRK,-0.0005460221540910318,685704925.8506775
2023-05-31,MRNA,-7.732070849085851e-05,404721767.24090576
2023-05-31,MRVL,0.0012169239390970696,500555540.56720734
2023-05-31,MSCI,-1.8614783262283288e-05,208681121.8170166
2023-05-31,MSI,-5.1082841906162444e-05,204258998.84796143
2023-05-31,MTD,-0.00022781604189765726,147166480.09643555
2023-05-31,NDAQ,3.463109105838547e-05,95491794.4223404
2023-05-31,NDSN,2.2707801530666883e-05,55647200.06027222
2023-05-31,NSC,0.0001447838467727421,286155602.0927429
2023-05-31,NTAP,7.282967633431055e-05,92731224.26490784
2023-05-31,NUE,-0.00025515495687424786,191734428.59420776
2023-05-31,NVR,-4.189893601208431e-05,125891007.12890625
2023-05-31,NXPI,0.0003484751822931914,352104434.173584
2023-05-31,ODFL,-1.6600269893066958e-05,214445672.5341797
2023-05-31,ON,0.0004027476814148635,563353887.3821259
2023-05-31,ORCL,0.0024829819434867006,673860205.4599762
2023-05-31,P,0.00015576342906412684,81230664.4938469
2023-05-31,PAYX,-7.65556965545023e-05,182790794.5426941
2023-05-31,PFE,-7.003695759291023e-05,923533218.221283
2023-05-31,PG,-0.0020247298032352867,807733129.2686462
2023-05-31,PH,1.3266433187250019e-05,255070772.99194336
2023-05-31,PTC,9.20878949639502e-05,88835724.32479858
2023-05-31,QCOM,-0.00010391911577496173,913694875.1621246
2023-05-31,REGN,-0.0004236711039215437,404787439.36157227
2023-05-31,ROL,-7.698749152033999e-05,54047116.5555954
2023-05-31,RSG,-8.799152994173193e-06,153004523.38867188
2023-05-31,RVTY,-0.00011670316121423132,101644211.37428284
2023-05-31,SNPS,0.000992076366108847,325401112.3779297
2023-05-31,SPGI,0.00024982422722044303,355036805.036026
2023-05-31,STLD,-0.00012686369692520836,140500181.44226074
2023-05-31,SWKS,-5.570991123613183e-06,193634276.00860596
2023-05-31,TECH,9.452476346334329e-06,72127006.46629333
2023-05-31,TER,0.00011738851175795129,144368779.9648285
2023-05-31,TMO,-0.0010349967623138664,755939516.7114258
2023-05-31,TROW,-5.150756618718254e-05,112407616.31965637
2023-05-31,TXN,0.0006468725576052534,813390470.9709167
2023-05-31,TYL,7.565996575176377e-05,89788449.02648926
2023-05-31,UNP,1.5231954551338245e-05,390650429.4692993
2023-05-31,VRSK,0.00031775389730083524,231288290.44189453
2023-05-31,VRSN,4.1859783172372433e-05,87068819.02618408
2023-05-31,VRTX,-0.00020419361688769119,375838432.57598877
2023-05-31,WST,-0.00010737130181982324,130759881.46972656
2023-05-31,XOM,-0.00412750373988309,1493471646.0681915
2023-05-31,ZBH,-0.0001304561506628491,154495283.60824585
2023-05-31,ZTS,-0.0003210596927725167,347105940.43426514
2023-06-30,A,-3.3190367836280314e-05,263944184.08164978
2023-06-30,ABBV,-0.00129570843764399,735483955.8357239
2023-06-30,ABNB,0.0005805713119530851,669914265.8111572
2023-06-30,ABT,0.00018468837746843554,519150481.8511963
2023-06-30,ACN,-0.0006069237106188681,832097016.7602539
2023-06-30,ADBE,0.0015394163776310827,2084457040.2145386
2023-06-30,ADI,0.00026325886469106587,652626834.1308594
2023-06-30,ADSK,-8.103383582990734e-05,312658859.61151123
2023-06-30,AKAM,-7.71489835509208e-05,117091637.49847412
2023-06-30,ALLE,5.794582053228318e-05,85346724.54795837
2023-06-30,AMAT,0.0002347367331139369,753264083.3618164
2023-06-30,AMD,-0.0011755208885396492,7998646910.695648
2023-06-30,AME,0.00014169001111204995,140579588.07525635
2023-06-30,AMGN,-0.00038367293912613086,559896909.1003418
2023-06-30,APP,-1.6006797169091963e-05,54947756.522750854
2023-06-30,AZO,-3.11000759130901e-05,530101229.4555664
2023-06-30,BMY,-0.0005809507968214146,460274140.41404724
2023-06-30,BX,0.00013219823004685053,261546163.04244995
2023-06-30,CBOE,-1.1133744305831354e-05,90792846.37756348
2023-06-30,CDNS,-0.00016443517083306654,466528638.6703491
2023-06-30,CF,6.153972792727444e-05,156059842.00897217
2023-06-30,CHD,4.724880613256712e-05,129153182.84721375
2023-06-30,CME,-7.56589329489396e-05,288620508.11157227
2023-06-30,COP,-9.039273548775047e-05,507328074.1970062
2023-06-30,CPRT,-8.904085465631e-06,171409571.34628296
2023-06-30,CRM,-0.0016660860418198451,1661818936.5325928
2023-06-30,CRWD,-8.721615983891412e-05,467939136.90948486
2023-06-30,CSCO,-0.0001695272391889699,796227623.2711792
2023-06-30,CSGP,0.0001449224262270333,259749003.02696228
2023-06-30,CSX,0.0002514539730784091,327691386.3723755
2023-06-30,CTAS,-8.15459069716416e-07,150504211.64245605
2023-06-30,CTSH,-1.9948174027114435e-05,228273105.80863953
2023-06-30,CVX,-0.00018255771305085086,1135161264.6438599
2023-06-30,DDOG,-3.53309666108418e-05,367896257.55615234
2023-06-30,DGX,6.22485921480888e-06,107385325.26702881
2023-06-30,DHR,-8.732033378922206e-05,563975136.6489258
2023-06-30,DVN,-1.0760874596068594e-05,396550161.2428665
2023-06-30,EMR,0.0003450239673874426,233947380.2848816
2023-06-30,EW,0.00023162469396008226,193292621.79870605
2023-06-30,EXE,4.373053908507819e-05,90981313.75579834
2023-06-30,EXPD,5.1543932934032576e-05,132782561.70158386
2023-06-30,FDS,-1.2889588492533653e-05,131577491.30554199
2023-06-30,FFIV,-3.792222605261903e-05,72557910.93521118
2023-06-30,FICO,-3.587103915470577e-05,144295740.21606445
2023-06-30,FTNT,0.00019150689972944907,352025816.5237427
2023-06-30,FTV,0.0001119754438842083,108654771.1659813
2023-06-30,GILD,-0.00034207484506554135,431604352.2590637
2023-06-30,GIS,-0.0037161192623674914,303359014.79377747
2023-06-30,HLT,3.855719657434994e-05,209514119.3008423
2023-06-30,HON,0.00025225530696360715,465070273.04623413
2023-06-30,HSY,-0.0003361243033514977,246917697.38464355
2023-06-30,IDXX,7.057615493053903e-05,193047548.99597168
2023-06-30,IEX,2.797652191954955e-05,109793767.49801636
2023-06-30,INCY,-3.98008165112656e-05,116361834.82723236
2023-06-30,INTU,0.0003184579002891291,709749209.2956543
2023-06-30,IR,0.0001565779746975054,147411503.6972046
2023-06-30,ISRG,0.00041973089079308436,443438453.16619873
2023-06-30,ITW,0.00041010778694139296,218342985.6010437
2023-06-30,JKHY,3.1223368082668006e-05,81941016.97616577
2023-06-30,JNJ,0.00038540830831261183,1061675739.9536133
2023-06-30,KDP,-0.00014688214464181728,291252700.25730133
2023-06-30,KEYS,-3.806081599310807e-05,134735932.77511597
2023-06-30,KO,-0.000788657866219674,857488197.9312897
2023-06-30,LIN,0.00028915286056974306,517096959.80529785
2023-06-30,MCD,-0.00010361484679817512,675762869.4396973
2023-06-30,MCHP,0.0003835203867898103,372248558.3023071
2023-06-30,MCO,0.00017416806919511637,214632100.8178711
2023-06-30,MDT,8.105346546639393e-05,450903586.63635254
2023-06-30,META,0.0014810278534339583,5579489453.109741
2023-06-30,MOS,3.061380900916779e-05,145359550.0
2023-06-30,MRK,-0.0001672367188528777,812185080.1967621
2023-06-30,MRNA,-0.00034451341358828587,369694431.51779175
2023-06-30,MRVL,-0.00010877941182751288,813001218.6338425
2023-06-30,MSCI,-0.00014527086390623287,221476233.4350586
2023-06-30,MSI,-4.3671677366723376e-05,207585429.54711914
2023-06-30,MTD,-0.00012321247726485365,192700727.83203125
2023-06-30,NDAQ,-0.0002850875227514392,206022698.99253845
2023-06-30,NDSN,7.235110009827766e-05,52384758.27636719
2023-06-30,NSC,0.00011507311255665046,227942181.07452393
2023-06-30,NTAP,5.569246354128173e-05,148176355.3302765
2023-06-30,NUE,0.0004466504661069415,194075721.04644775
2023-06-30,NVR,0.00010953178822516304,130892734.5703125
2023-06-30,NXPI,0.00028791334250606116,383761663.8290405
2023-06-30,ODFL,0.00016059288746606958,285040023.8861084
2023-06-30,ON,0.00019147013842774974,502278778.3279419
2023-06-30,ORCL,0.001748731737959957,1427638705.0617218
2023-06-30,P,0.00015034685487278377,150979158.7966919
2023-06-30,PAYX,3.18303165533218e-05,203471523.64959717
2023-06-30,PFE,-0.0013277713810322441,924580901.0007858
2023-06-30,PG,0.0002728647804257252,825265953.4202576
2023-06-30,PH,0.000466801060317728,290624370.90301514
2023-06-30,PTC,5.359993315201062e-06,97590016.26739502
2023-06-30,QCOM,-3.629071275928174e-05,907089090.4006958
2023-06-30,REGN,-0.0004394341805264764,398640545.8190918
2023-06-30,ROL,4.695131471534075e-05,56189205.553245544
2023-06-30,RSG,8.497160181924037e-05,150232536.6722107
2023-06-30,RVTY,-2.3636158333078042e-05,99275799.71351624
2023-06-30,SNPS,-0.0004589299824093278,397531458.03222656
2023-06-30,SPGI,0.00028508364607811136,463526991.37423706
2023-06-30,STLD,0.00014293827059603864,141780550.01182556
2023-06-30,SWKS,1.7635509482095187e-05,165679701.1024475
2023-06-30,TECH,-1.2218158853588389e-05,62221322.078704834
2023-06-30,TER,6.123822464148068e-05,176061904.97550964
2023-06-30,TMO,-0.0003792612453785895,832617277.3742676
2023-06-30,TPR,0.0007060948561988558,107345900.16002655
2023-06-30,TROW,-1.4088004513291641e-05,147256395.5974579
2023-06-30,TXN,-0.00020378996906141034,790155470.1911926
2023-06-30,TYL,-5.373458267796897e-06,97940365.21606445
2023-06-30,ULTA,0.0016211161289391574,401463103.39508057
2023-06-30,UNP,7.285172508795026e-05,470814245.2926636
2023-06-30,VRSK,-5.154846654167487e-05,282428473.0918884
2023-06-30,VRSN,-6.747294634817718e-05,96673462.2291565
2023-06-30,VRTX,0.00019207979697898492,433179656.66503906
2023-06-30,WST,0.00015119394367862395,122865137.67700195
2023-06-30,XOM,-0.00011976340920950845,1457542078.5003662
2023-06-30,ZBH,0.00016407944740453673,172733942.88253784
2023-06-30,ZTS,1.3559019451796737e-05,308401135.8200073
2023-07-31,A,-4.961725550233246e-05,208121975.82473755
2023-07-31,ABBV,0.0012115167173287894,723506761.6577148
2023-07-31,ABNB,0.0008863464487385607,653602867.5933838
2023-07-31,ABT,-0.00016021645181651598,532684708.55026245
2023-07-31,ACN,-0.00011288049639594788,567906738.0783081
2023-07-31,ADBE,0.0012429107797669748,1460449291.2597656
2023-07-31,ADI,-6.270253618974927e-05,575561342.7772522
2023-07-31,ADSK,6.659377570367338e-06,290651456.5246582
2023-07-31,AKAM,1.650582904574394e-05,101788259.3460083
2023-07-31,ALLE,-4.193399607089652e-05,96733495.81642151
2023-07-31,AMAT,0.00012102768860038082,794850271.938324
2023-07-31,AMD,-0.0003581406516765667,6235622055.923843
2023-07-31,AME,-0.0001331862375602449,128252385.51635742
2023-07-31,AMGN,0.0001635824670739982,511546499.87335205
2023-07-31,APP,0.0001187556456912778,45033202.299022675
2023-07-31,AZO,-0.00013150641801900438,345023936.3647461
2023-07-31,BMY,-0.0005566212691017515,552628551.1001587
2023-07-31,BX,0.0004078792667445092,381136406.4716339
2023-07-31,CBOE,-2.097447331146575e-05,71259007.9711914
2023-07-31,CDNS,-0.00015212558486894356,379332948.5557556
2023-07-31,CF,0.00013349327439868047,164829619.821167
2023-07-31,CHD,-0.00012948450405394422,121313153.4576416
2023-07-31,CME,0.0001761131845209674,249433004.79431152
2023-07-31,COP,0.0008972525491147444,518177372.53570557
2023-07-31,CPRT,-4.646978727130505e-05,166470076.54190063
2023-07-31,CRM,0.0004415055109442921,1032576020.9815979
2023-07-31,CRWD,3.79020031484904e-05,489418114.1433716
2023-07-31,CSCO,-0.0003937018502610679,853417977.4780273
2023-07-31,CSGP,-0.00021149087656164266,231261506.19506836
2023-07-31,CSX,-0.000264078340751029,426686824.2279053
2023-07-31,CTAS,-1.9731446758526703e-05,230209422.03063965
2023-07-31,CTSH,-4.9006565449946724e-05,202826752.79541016
2023-07-31,CVX,0.00012766419770889742,1032464572.8744507
2023-07-31,DDOG,0.0003133736682910649,414899729.22821045
2023-07-31,DGX,-7.88387094814403e-05,114079462.39318848
2023-07-31,DHR,0.0002970054739618259,697871923.9434052
2023-07-31,DVN,0.00017398550281409828,390453041.6475296
2023-07-31,EMR,-8.191324394246028e-05,172012500.2883911
2023-07-31,EW,-0.0006216735010618518,229368543.38531494
2023-07-31,EXE,-2.092487936281983e-05,94241100.55770874
2023-07-31,EXPD,2.121750056855191e-05,101331598.01216125
2023-07-31,FDS,5.2497085979005256e-05,138785720.92285156
2023-07-31,FFIV,2.787898130536125e-05,88076115.61126709
2023-07-31,FICO,2.3704177899955443e-06,120604422.18017578
2023-07-31,FTNT,-2.1896241022543485e-05,313123997.42622375
2023-07-31,FTV,1.8549240308880733e-05,118442208.90571213
2023-07-31,GILD,-0.0002915291920339326,410134582.5313568
2023-07-31,HLT,8.902354934389213e-05,258297954.04663086
2023-07-31,HON,-0.000889788727361996,520428178.7476959
2023-07-31,HSY,-0.00036377501268886926,323529189.667511
2023-07-31,IDXX,0.0001948877829043151,236849241.0949707
2023-07-31,IEX,1.648490959115889e-05,112807085.3553772
2023-07-31,INCY,-9.326564206290993e-06,84217395.30830383
2023-07-31,INTU,0.0007094270435324262,654922297.6989746
2023-07-31,IR,-6.15924243891348e-05,113432309.233284
2023-07-31,ISRG,-0.0006736584121405358,654455362.2924805
2023-07-31,ITW,9.503473366751555e-05,226667118.25180054
2023-07-31,JKHY,-2.631582249053169e-05,83486397.89505005
2023-07-31,JNJ,-0.0006312214391459917,1147261229.1809082
2023-07-31,KDP,0.00015689048648288633,262310642.07839966
2023-07-31,KEYS,-0.00014481933980825014,149863507.30285645
2023-07-31,KO,-9.332796527963122e-05,780333616.7066574
2023-07-31,LIN,-0.0001094866801305619,503367264.20288086
2023-07-31,MCD,-0.0007499435285391268,631292898.8464355
2023-07-31,MCHP,4.776748905160194e-05,413867075.42915344
2023-07-31,MCO,-8.207382028114617e-05,257090148.6328125
2023-07-31,MDT,-0.0002919800678869164,386173327.3086548
2023-07-31,META,0.003919682537572668,8224175532.093811
2023-07-31,MOS,0.0001026951154358167,140178949.75395203
2023-07-31,MRK,-0.0021255222600332115,776318592.6727295
2023-07-31,MRNA,-0.00020236361064577928,347622971.78230286
2023-07-31,MRVL,0.0001886511375711825,604453040.5822754
2023-07-31,MSCI,0.0003329606817462378,249854703.39813232
2023-07-31,MSI,-0.0001834910277051455,180198077.1270752
2023-07-31,MTD,-0.0001442485309527074,176157691.88842773
2023-07-31,NDAQ,-3.3954985793029774e-05,170249252.52075195
2023-07-31,NDSN,-1.8718054436377856e-05,45706507.25631714
2023-07-31,NSC,-1.2526313807712571e-05,243132933.85925293
2023-07-31,NTAP,-1.3617505541437761e-05,149497458.13865662
2023-07-31,NUE,4.4761312159038134e-05,201111234.21707153
2023-07-31,NVR,-5.5097994321852114e-05,101532072.16796875
2023-07-31,NXPI,0.00019891497613876673,484309046.484375
2023-07-31,ODFL,0.00013582404556408342,344430395.52612305
2023-07-31,ON,0.00028506727741467756,548288381.4376831
2023-07-31,ORCL,-0.0010559833813390505,908018720.2720642
2023-07-31,P,-2.4097553168569595e-05,117876928.74965668
2023-07-31,PAYX,0.00023883725894019957,263640083.5258484
2023-07-31,PFE,-0.0007051670370891473,793818373.8433838
2023-07-31,PG,-9.506407320104132e-05,951379205.3070068
2023-07-31,PH,5.8597964884960635e-05,270883472.6623535
2023-07-31,PTC,-1.0080573043923279e-05,80412162.9562378
2023-07-31,QCOM,0.0006755817694429275,894214528.8879395
2023-07-31,REGN,-6.779188332692483e-06,420447122.30529785
2023-07-31,ROL,-0.0001123034830478218,63106809.1709137
2023-07-31,RSG,-0.00015176503053966877,160454691.65802002
2023-07-31,RVTY,1.2299948053194447e-06,74140198.98376465
2023-07-31,SNPS,1.6952647213453603e-05,355017856.489563
2023-07-31,SPGI,-0.0004014205004435976,523241148.9744873
2023-07-31,STLD,-6.899170496791024e-05,116542209.09309387
2023-07-31,SWKS,-6.272628768379251e-07,178329029.66423035
2023-07-31,TECH,-2.558572751374294e-06,61882463.02719116
2023-07-31,TER,-2.2164940952653115e-05,195000301.02615356
2023-07-31,TMO,0.00024204045125458817,772219848.1658936
2023-07-31,TPR,-1.7487427701585578e-05,102980741.47834778
2023-07-31,TROW,0.00011202904589908513,151166933.69979858
2023-07-31,TXN,-0.00037380026659366954,796403290.6845093
2023-07-31,TYL,-9.51216455517608e-05,80710357.06939697
2023-07-31,ULTA,-0.00013894425928274242,301355865.84472656
2023-07-31,UNP,0.0008301176166337874,451347637.17575073
2023-07-31,VRSK,-4.836698386239064e-05,216757162.94174194
2023-07-31,VRSN,-0.00015782495911805037,100203555.78994751
2023-07-31,VRTX,-0.00019483452227068293,337457376.4450073
2023-07-31,WST,-0.00013408813601839976,108691478.45306396
2023-07-31,XOM,-0.0009811811601079697,1703223382.0960999
2023-07-31,ZBH,-0.00017209529966159235,157201462.93563843
2023-07-31,ZTS,0.00030878991936906467,285293458.4472656
2023-08-31,A,3.8759444280289396e-05,207763018.7072754
2023-08-31,ABBV,7.530876825756136e-05,558298260.6056213
2023-08-31,ABNB,-0.0007973104948705186,549848278.3927917
2023-08-31,ABT,-0.0007174533181012448,404948645.041275
2023-08-31,ACN,0.0006210746243351991,472001841.5817261
2023-08-31,ADBE,0.000781862550066622,1079683574.2248535
2023-08-31,ADI,-0.0004622265778678235,553969566.179657
2023-08-31,ADSK,0.00021157587145315864,261478846.19750977
2023-08-31,AKAM,0.0001337890155373052,147230012.08610535
2023-08-31,ALLE,-3.0529605812105185e-06,82555993.72329712
2023-08-31,AMAT,0.0002545717327289594,692248863.3026123
2023-08-31,AMD,-0.0006756233339408908,6149575915.975189
2023-08-31,AME,6.772526202726255e-05,95149004.21447754
2023-08-31,AMGN,0.0009849081256767603,578164035.7055664
2023-08-31,APP,0.0003161028917794814,96296184.28211212
2023-08-31,AZO,0.00014508384982130128,303852983.7158203
2023-08-31,BMY,0.00011751430601767907,588319058.9321136
2023-08-31,BR,0.0014872898360421918,107437012.81051636
2023-08-31,BX,0.00018514283164949158,250132016.49017334
2023-08-31,CBOE,9.3592170765546e-05,92412192.03491211
2023-08-31,CDNS,0.00021223255163038864,270054459.5901489
2023-08-31,CF,-4.2711258801488884e-05,154292298.02513123
2023-08-31,CHD,5.290869736694474e-05,95338697.05047607
2023-08-31,CLX,0.0013101141355424109,161527339.75524902
2023-08-31,CME,0.00019525440471868279,267595677.18963623
2023-08-31,COP,0.0003340868721443558,432097974.62272644
2023-08-31,CPRT,2.5663950533810504e-05,153511134.05189514
2023-08-31,CRM,9.098466969786889e-05,837484584.5443726
2023-08-31,CRWD,1.922997639068971e-05,446974076.4770508
2023-08-31,CSCO,0.0017899053720949135,982928321.0077286
2023-08-31,CSGP,-4.240377806072858e-06,92777897.6776123
2023-08-31,CSX,-0.0003349014527960041,336359936.9073868
2023-08-31,CTAS,2.2404660438783263e-05,142099711.3357544
2023-08-31,CTSH,-0.0022236818747229724,227755697.99194336
2023-08-31,CVX,0.00013013445033295892,1060383418.888092
2023-08-31,DDOG,-0.00037771122297900394,375859555.1803589
2023-08-31,DGX,-6.189555352898194e-06,80371687.07962036
2023-08-31,DHR,0.0006757527558907597,438464349.4255371
2023-08-31,DVN,-7.675738274540633e-05,317423794.00730133
2023-08-31,EMR,0.0003552720240861309,217236268.08929443
2023-08-31,EW,-0.00015710669918926785,249705189.46380615
2023-08-31,EXE,5.627105007303826e-05,126193201.46713257
2023-08-31,EXPD,-8.16873771524475e-05,91021895.41397095
2023-08-31,FDS,2.781785742037154e-05,92846329.93469238
2023-08-31,FFIV,3.584510072245507e-05,45579280.78842163
2023-08-31,FICO,0.00014427044834599808,112211094.3145752
2023-08-31,FTNT,-0.0008363114227391503,364273146.0651398
2023-08-31,FTV,3.9575374726450634e-05,141687508.70272064
2023-08-31,GILD,0.00016803308882929868,365398054.22210693
2023-08-31,HLT,-6.2778830174907e-05,185879048.19488525
2023-08-31,HON,-8.822694835798096e-05,432858576.8434906
2023-08-31,HSY,-0.00015844064990868777,246739154.50897217
2023-08-31,IDXX,-0.003042414059441354,170084114.7567749
2023-08-31,IEX,2.8221580399213865e-05,97721514.74761963
2023-08-31,INCY,3.3034720794384285e-05,79387819.22836304
2023-08-31,INTU,0.0007858590930141414,575541965.3137207
2023-08-31,IR,0.00015771936522314726,137993217.37556458
2023-08-31,ISRG,-0.0001107709627535371,477291133.84552
2023-08-31,ITW,-0.00021153851498434666,193017379.29077148
2023-08-31,JKHY,-3.968636813908599e-05,65753961.4654541
2023-08-31,JNJ,-0.00039890606951881527,8140829348.951721
2023-08-31,KDP,3.601509009811595e-05,224777665.11764526
2023-08-31,KEYS,-0.00029890749769367745,176280499.68338013
2023-08-31,KO,-0.00022239643224072209,500913750.0837326
2023-08-31,LIN,0.00016527941524479943,359495036.2976074
2023-08-31,MCD,-0.00028510529098941736,642550475.7202148
2023-08-31,MCHP,-0.0003711571992351874,361046405.2341461
2023-08-31,MCO,-0.0001036084420083308,168349312.37945557
2023-08-31,MDT,-0.0003919985459719527,362764738.42163086
2023-08-31,META,-0.002886438943411708,5246637441.567993
2023-08-31,MOS,-2.3514056806122827e-05,112412825.52757263
2023-08-31,MRK,0.000798482376807113,688196543.560791
2023-08-31,MRNA,-5.302517024669126e-05,385430073.99749756
2023-08-31,MRVL,-0.00031650237066146525,639842537.8105164
2023-08-31,MSCI,4.0205178618267935e-05,148420176.98669434
2023-08-31,MSI,3.58039248780093e-05,196708032.22198486
2023-08-31,MTD,-2.5003838527564663e-05,160895496.68579102
2023-08-31,NDAQ,0.0001025913089215773,120567120.3212738
2023-08-31,NDSN,-7.761213449531497e-06,45242520.22705078
2023-08-31,NSC,-0.00036264748798368104,247474006.67877197
2023-08-31,NTAP,5.491566606531054e-06,154065220.04699707
2023-08-31,NUE,6.665293733672814e-05,183478458.33587646
2023-08-31,NVR,4.522818224402046e-05,105820772.63183594
2023-08-31,NXPI,-0.00022181013324907564,398174465.67993164
2023-08-31,ODFL,6.330313184471246e-05,251133274.52392578
2023-08-31,ON,-0.00020306904636976757,471657084.5523834
2023-08-31,ORCL,0.00104661474199114,725175922.5162506
2023-08-31,P,9.239415120887071e-06,104014936.28311157
2023-08-31,PAYX,-1.2604127723755878e-05,169483639.7857666
2023-08-31,PFE,3.977926840896019e-05,728499021.6518402
2023-08-31,PG,-0.000330259268876025,673025403.0044556
2023-08-31,PH,0.00012413787076243337,237736688.2095337
2023-08-31,PTC,3.5945443960616434e-05,94428344.68688965
2023-08-31,QCOM,-0.001119888466077459,735489812.588501
2023-08-31,REGN,0.0007728369072149783,341399374.11499023
2023-08-31,RMD,0.0015872881215981496,269970562.1170044
2023-08-31,ROL,-1.245202040277781e-05,43835276.60007477
2023-08-31,RSG,-7.93548283518253e-05,142939493.60351562
2023-08-31,RVTY,-2.7774818521059466e-05,61094791.55044556
2023-08-31,SNPS,0.0001741091622654272,304365741.5649414
2023-08-31,SPGI,0.00010116720082354799,363866199.1730652
2023-08-31,STLD,2.7169961063106983e-05,118499767.9195404
2023-08-31,SWKS,-3.4105369487075904e-05,148364627.08892822
2023-08-31,TECH,0.0006197702220241865,54148269.00177002
2023-08-31,TER,-2.7587707172112242e-05,140172277.7004242
2023-08-31,TMO,0.0005421844815294632,537804985.7849121
2023-08-31,TPR,-0.00017617318272591367,119887644.2155838
2023-08-31,TROW,-0.00012832249853402433,136762562.34855652
2023-08-31,TXN,-0.0005031066909893574,748648759.0209961
2023-08-31,TYL,2.984430261134181e-05,51314322.05200195
2023-08-31,ULTA,-0.001482171869656415,358371615.9591675
2023-08-31,UNP,-0.0002656682061607622,485649813.4994507
2023-08-31,VRSK,0.00019092627640962707,185660814.7392273
2023-08-31,VRSN,1.0099453655182172e-05,69457794.24133301
2023-08-31,VRTX,6.338636843477002e-05,249152610.83068848
2023-08-31,WST,0.00023477215258458565,128238167.55523682
2023-08-31,XOM,0.0017329861533431634,1463148054.423523
2023-08-31,ZBH,-0.00022801506344840173,186301975.62026978
2023-08-31,ZTS,0.00020395340263924637,324464889.4081116
2023-10-02,A,-0.00011391925865180362,204756102.93998718
2023-10-02,ABBV,0.0008199646584381819,569441541.93573
2023-10-02,ABNB,0.00046006503377898824,1028275305.4153442
2023-10-02,ABT,-0.00035597779131698454,414084879.55474854
2023-10-02,ACN,-0.00030160622329278124,616598620.8618164
2023-10-02,ADBE,-0.0010403868041091655,1379304796.246338
2023-10-02,ADI,-3.95045870161901e-05,495031745.98617554
2023-10-02,ADSK,-0.00012329738387685486,244708939.55993652
2023-10-02,AKAM,5.104469009775312e-05,207275367.84324646
2023-10-02,ALLE,-3.7498114878636835e-05,67001149.531173706
2023-10-02,AMAT,-0.0005666281204532407,712460126.2893677
2023-10-02,AMD,3.871539259168305e-05,5024810352.553558
2023-10-02,AME,-0.00011005520816874436,162167591.56417847
2023-10-02,AMGN,0.000755827832109101,564169451.8104553
2023-10-02,APP,-5.0442352547666125e-05,85613251.0175705
2023-10-02,AZO,0.00012489538058604605,350659424.0722656
2023-10-02,BMY,-0.00025725831685309564,606169807.9334259
2023-10-02,BR,-1.1913313862814976e-05,80625165.0604248
2023-10-02,BX,0.00019992186897054183,658159837.5541687
2023-10-02,CBOE,8.201217022959194e-05,94783388.7184143
2023-10-02,CDNS,2.3559978391998748e-05,262940134.34753418
2023-10-02,CF,0.00015060217341861704,190107171.70639038
2023-10-02,CHD,-3.729816456542645e-05,103637184.0801239
2023-10-02,CLX,-0.00017787106817957268,195254960.6048584
2023-10-02,CME,9.421894297272256e-05,224437096.7147827
2023-10-02,COP,0.0003944115505446818,544150394.7738647
2023-10-02,CPRT,0.0021565042175219857,170595491.5210724
2023-10-02,CRM,-0.0008366334026223381,916627346.3684082
2023-10-02,CRWD,3.8034688204535943e-05,443776011.91864014
2023-10-02,CSCO,-0.0006898432719968962,793990845.5371857
2023-10-02,CSGP,-7.170994253060444e-05,107560722.55325317
2023-10-02,CSX,0.00021287003265423217,410174265.62194824
2023-10-02,CTAS,-1.3643381304832033e-05,180953869.24438477
2023-10-02,CVX,0.0016870418756196465,1190047358.795166
2023-10-02,DDOG,-5.346142988531472e-05,257855090.54718018
2023-10-02,DGX,-4.614347730735749e-05,94486217.23136902
2023-10-02,DHR,-0.00039498289035052453,584450718.8254318
2023-10-02,DVN,-8.302111795718348e-05,452702350.0
2023-10-02,EMR,5.5085698486540165e-05,237599191.4287567
2023-10-02,EW,-0.00020556264985292566,237017795.93162537
2023-10-02,EXE,7.4027027020272035e-06,107594896.35887146
2023-10-02,EXPD,1.6165847658034102e-05,116732719.12536621
2023-10-02,FDS,3.78048431337861e-05,110301216.35437012
2023-10-02,FFIV,1.0450600853368426e-05,48348763.29421997
2023-10-02,FICO,-1.4568343858816814e-05,146458069.81811523
2023-10-02,FTNT,1.7321028443592797e-05,256518248.42357635
2023-10-02,FTV,-4.212585763432365e-05,112772803.9602623
2023-10-02,GILD,7.020772048042887e-05,341515431.46972656
2023-10-02,HLT,0.00011384641720815292,250882519.99969482
2023-10-02,HON,0.00011820474448004901,529224809.25662994
2023-10-02,HSY,-0.0001170742350550002,256801360.24627686
2023-10-02,IEX,-6.062225225572193e-05,93034556.13327026
2023-10-02,INCY,-7.42842756415071e-05,113367664.9427414
2023-10-02,INTU,-0.0003340474180752208,659966074.0783691
2023-10-02,IR,-0.0001061060936547939,172778157.15293884
2023-10-02,ISRG,-0.0002636093480758448,392228234.5855713
2023-10-02,ITW,-0.00020109046478703884,238669500.1838684
2023-10-02,JKHY,-4.227405497985218e-06,65047059.466552734
2023-10-02,JNJ,-0.00018001473642026422,1121679156.8527222
2023-10-02,KDP,-0.0001029223267128088,207365531.28929138
2023-10-02,KEYS,3.937231126157595e-05,156839996.62475586
2023-10-02,KO,-0.0006112625214849503,754493947.0712662
2023-10-02,LIN,-9.892360948927925e-05,465951989.44244385
2023-10-02,MCD,-0.0004697546786092289,649674256.8817139
2023-10-02,MCHP,-4.865942904737266e-05,292849764.59121704
2023-10-02,MCO,-0.0001326647067790886,188012610.0189209
2023-10-02,MDT,-5.933404182980554e-05,414624388.1515503
2023-10-02,META,0.0025261947034950286,5806210485.652161
2023-10-02,MOS,-4.8682796042528315e-05,124002117.6700592
2023-10-02,MRK,-0.0004763416078843556,632819881.7481995
2023-10-02,MRNA,-0.00016950566622644068,305270116.62368774
2023-10-02,MRVL,-0.00013932267466844252,417436095.85437775
2023-10-02,MSCI,-7.73125424271136e-05,173848372.86071777
2023-10-02,MSI,-3.071413492340604e-05,151467839.44091797
2023-10-02,MTD,-0.00010530356032310405,164151342.8527832
2023-10-02,NDAQ,-7.818665799646726e-05,98480657.48214722
2023-10-02,NDSN,-5.370648315855824e-05,49970188.85040283
2023-10-02,NSC,-2.8466743339590397e-05,229659938.83514404
2023-10-02,NTAP,2.268568643090099e-05,117058366.64848328
2023-10-02,NUE,-0.00019222983822907505,227052547.32894897
2023-10-02,NVR,-4.90346294501026e-05,125234617.04101562
2023-10-02,NXPI,9.449669934865311e-06,261347942.6803589
2023-10-02,ODFL,-1.966939890155517e-05,230504688.3544922
2023-10-02,ON,-7.499760973558433e-05,387864275.5748749
2023-10-02,ORCL,-0.0020397167208983553,1328114503.5072327
2023-10-02,P,3.616887486507475e-06,100287984.02862549
2023-10-02,PANW,0.00252147045731555,518935150.0213623
2023-10-02,PAYX,-7.92091263195488e-05,188553472.4582672
2023-10-02,PFE,-0.0004497200099949465,895586828.566742
2023-10-02,PG,-0.0006488168159799745,761823263.7359619
2023-10-02,PH,-0.00013212400524322595,232295892.3187256
2023-10-02,PTC,-7.981523729907536e-06,92736956.60095215
2023-10-02,QCOM,3.4864154474147785e-06,780749106.137085
2023-10-02,REGN,0.00017289314659681056,323979353.85131836
2023-10-02,RMD,-7.000683600063055e-05,252686550.17700195
2023-10-02,ROL,-3.5242425947655184e-05,125185277.80761719
2023-10-02,RSG,6.200905576482507e-05,147848796.194458
2023-10-02,RVTY,-2.4133910496786223e-05,68669143.70422363
2023-10-02,SNPS,0.00015056172040744768,339711920.9976196
2023-10-02,SPGI,-0.0002859109364118642,409510010.40823364
2023-10-02,STLD,4.7068708176972295e-05,137552319.6193695
2023-10-02,SWKS,-7.615283353422223e-05,143223080.93681335
2023-10-02,TECH,-8.715709304048214e-05,58544344.371795654
2023-10-02,TER,-4.4554818329615694e-05,140552080.52520752
2023-10-02,TMO,-0.0009301041164474916,712388226.84021
2023-10-02,TPR,-5.628501458927141e-05,97934369.72618103
2023-10-02,TROW,-6.204958555256412e-05,131394129.32510376
2023-10-02,TXN,-0.00025150497477248977,603518002.7366638
2023-10-02,TYL,-1.8748159863793933e-07,86347287.21160889
2023-10-02,UNP,-0.00043459929170863373,500062596.913147
2023-10-02,VRSK,1.5683287710882305e-05,166332342.729187
2023-10-02,VRSN,8.202479295694618e-06,84641689.57901001
2023-10-02,VRTX,0.00018092579153454122,278864592.1142578
2023-10-02,WST,-9.928344190780324e-05,108245061.2487793
2023-10-02,XOM,0.0027917077661755475,1651784922.0726013
2023-10-02,ZBH,-4.760749032032413e-05,168237114.94903564
2023-10-02,ZTS,-0.0003457353639898216,259752600.22659302
2023-10-25,A,-0.0023015485500385673,201681142.17262268
2023-10-25,AAPL,-0.1,9296671898.136902
2023-10-25,ABBV,-0.018491472852761426,592558802.9769897
2023-10-25,ABNB,-0.006509885292287574,592676689.5103455
2023-10-25,ABT,-0.01192001595881445,593289236.2133026
2023-10-25,ACN,-0.01377447053096248,615438782.0495605
2023-10-25,ADBE,-0.016436359063956504,1317789858.6273193
2023-10-25,ADI,-0.006221716046482308,521719652.04315186
2023-10-25,ADSK,-0.0031038347145862146,214930890.0527954
2023-10-25,AKAM,-0.0011632988260806356,131125171.32453918
2023-10-25,ALLE,-0.0006387072384781067,59792322.215652466
2023-10-25,AMAT,-0.008152936034162624,748095448.5847473
2023-10-25,AMD,-0.01156435123142202,5319831312.5442505
2023-10-25,AME,-0.002372204485695341,131521902.65350342
2023-10-25,AMGN,-0.010013468663632057,695015614.0075684
2023-10-25,APP,-0.0010423870411882005,74373403.80153656
2023-10-25,AZO,-0.0036742845841264042,310780644.16503906
2023-10-25,BMY,-0.00869031994998015,630868820.6996918
2023-10-25,BR,-0.0014753765221793768,76152625.831604
2023-10-25,BX,-0.005309553265593316,344952496.9657898
2023-10-25,CBOE,-0.0011547643416239181,118276318.53103638
2023-10-25,CDNS,-0.004457550313854992,316770578.1448364
2023-10-25,CF,-0.0011701478387552496,168467181.66809082
2023-10-25,CHD,-0.0015746379832097361,135769153.63502502
2023-10-25,CLX,-0.0011322430673628382,200163858.61740112
2023-10-25,CME,-0.005017639467887854,321904571.4569092
2023-10-25,COP,-0.010683700590932224,585468423.0068207
2023-10-25,CPRT,-0.0028782149636011815,156278248.6585617
2023-10-25,CRM,-0.01427561806541409,831020691.7831421
2023-10-25,CRWD,-0.000680670849781241,488181119.3161011
2023-10-25,CSCO,-0.015251243626086895,780430424.8580933
2023-10-25,CSGP,-0.002133835162366061,125470935.11390686
2023-10-25,CSX,-0.00443255440822642,388477481.4134598
2023-10-25,CTAS,-0.0008535539471186151,193493502.62451172
2023-10-25,CVX,-0.02282387815398052,1255237007.6400757
2023-10-25,DDOG,-0.002004586405931412,316194844.7982788
2023-10-25,DGX,-0.0010032792290391517,101803551.74446106
2023-10-25,DHR,-0.011176520296679175,724695807.2937012
2023-10-25,DVN,-0.002173252586139881,438234692.7951813
2023-10-25,EMR,-0.003984760173152987,248176743.85414124
2023-10-25,EW,-0.0029403858603606527,277261682.0743561
2023-10-25,EXE,-0.0008781604443776527,125568504.33311462
2023-10-25,EXPD,-0.0012341826427508956,128257031.96754456
2023-10-25,FDS,-0.0011606818708647707,94773562.74414062
2023-10-25,FFIV,-0.0006730056465755636,65594744.26116943
2023-10-25,FICO,-0.001524300293074364,141504456.45141602
2023-10-25,FTNT,-0.0031996150258138366,288755672.0975876
2023-10-25,FTV,-0.0013760337810919802,122897204.86850166
2023-10-25,GILD,-0.006520168123520098,370052159.27963257
2023-10-25,GOOG,-0.1,2707928550.958252
2023-10-25,HLT,-0.0028067198697662383,252370328.31878662
2023-10-25,HON,-0.008505891019667292,452095276.79525757
2023-10-25,HSY,-0.0028612870401652844,295231381.71691895
2023-10-25,IEX,-0.0011030554153145444,102978799.85809326
2023-10-25,INCY,-0.0008978263031194725,84349687.09030151
2023-10-25,INTU,-0.009996755660687903,759198213.28125
2023-10-25,IR,-0.001801090943173913,173237031.66007996
2023-10-25,ISRG,-0.007137738815034213,587536797.2320557
2023-10-25,ITW,-0.004901074090867597,252246686.32354736
2023-10-25,JKHY,-0.0007708176773374523,64954228.79180908
2023-10-25,JNJ,-0.028948403071291002,936326575.5218506
2023-10-25,KDP,-0.0031022548493970527,232663926.0383606
2023-10-25,KEYS,-0.001680129228994411,135905118.0053711
2023-10-25,KO,-0.016990289751753422,868298194.2451477
2023-10-25,LIN,-0.013094631543858865,497430962.5228882
2023-10-25,MCD,-0.013625559975125563,827242196.5461731
2023-10-25,MCHP,-0.002970395800879996,301422250.0843048
2023-10-25,MCO,-0.00407442390253457,189779955.2597046
2023-10-25,MDT,-0.007275934982172579,546856478.5774231
2023-10-25,META,-0.0565964413538617,6114942318.466187
2023-10-25,MOS,-0.0008422088604567756,112787211.77902222
2023-10-25,MRK,-0.01825914855991565,680391879.3716431
2023-10-25,MRNA,-0.0027745825375656225,306850828.41796875
2023-10-25,MRVL,-0.003233264028374292,430790713.2730484
2023-10-25,MSCI,-0.0028624404741339213,156465409.91210938
2023-10-25,MSFT,-0.1,6828402126.818848
2023-10-25,MSI,-0.003181598474338538,139344661.2640381
2023-10-25,MTD,-0.0017116067499419,151269717.79174805
2023-10-25,NDAQ,-0.001666597702347206,106590303.50646973
2023-10-25,NDSN,-0.000889271169035222,39721712.67776489
2023-10-25,NSC,-0.003133797144715017,222746472.32055664
2023-10-25,NTAP,-0.001122384874117244,117859884.16404724
2023-10-25,NUE,-0.002870931445598999,225858719.2352295
2023-10-25,NVR,-0.0013392979963039629,150655242.99316406
2023-10-25,NXPI,-0.003683205775975409,350307609.45129395
2023-10-25,ODFL,-0.0015732296133696081,249470142.21954346
2023-10-25,ON,-0.002801223990266658,444838639.73083496
2023-10-25,ORCL,-0.020049631556690845,739051158.3503723
2023-10-25,P,-0.000842961805924238,63979902.865982056
2023-10-25,PANW,-0.00252147045731555,699180167.1905518
2023-10-25,PAYX,-0.0029008562343498597,185698478.3657074
2023-10-25,PFE,-0.0132680172401686,895832121.046257
2023-10-25,PG,-0.025278363599043077,906856691.6603088
2023-10-25,PH,-0.0035282306381878587,231515077.5100708
2023-10-25,PTC,-0.001161238768149295,88299878.81164551
2023-10-25,QCOM,-0.008686441716815516,717275972.9896545
2023-10-25,REGN,-0.006517082785272236,319401119.5007324
2023-10-25,RMD,-0.001517281285597519,239547440.9225464
2023-10-25,ROL,-0.0012826170961870772,92936774.80773926
2023-10-25,RSG,-0.003152773784602085,158514855.06896973
2023-10-25,RVTY,-0.0009755052191541005,62037314.14260864
2023-10-25,SNPS,-0.004879514995250929,361889517.32025146
2023-10-25,SPGI,-0.007764349331984396,340057719.7595215
2023-10-25,STLD,-0.0012937199180123296,129741640.9538269
2023-10-25,SWKS,-0.0011019807296531832,129434729.64057922
2023-10-25,TECH,-0.0007486969875082699,62045963.27857971
2023-10-25,TER,-0.0010917544178115218,124361564.58892822
2023-10-25,TMO,-0.013914617508188565,734329837.3580933
2023-10-25,TPR,-0.0004561492311820852,85072961.89212799
2023-10-25,TROW,-0.0016616786941872584,147645348.54431152
2023-10-25,TXN,-0.01027339643232967,717462692.791748
2023-10-25,TYL,-0.0011422970631938206,77950326.63574219
2023-10-25,UNP,-0.00870063309708881,444349159.6298218
2023-10-25,VRSK,-0.002549914301328768,240067684.0827942
2023-10-25,VRSN,-0.0014879775168201998,98581618.62640381
2023-10-25,VRTX,-0.006235711988430518,423315421.19750977
2023-10-25,WST,-0.0019398638080126394,120818713.45825195
2023-10-25,XOM,-0.03348768307145121,2207442458.189392
2023-10-25,ZBH,-0.0016466002598753491,162008329.55169678
2023-10-25,ZTS,-0.005630101756771485,226098984.0484619
2023-11-01,A,0.0022223709873902086,225771102.7141571
2023-11-01,AAPL,0.1,9657164597.723389
2023-11-01,ABBV,0.018293842118713974,656170487.4000549
2023-11-01,ABNB,0.005862150485279998,597957628.1600952
2023-11-01,ABT,0.012155144973450546,653144762.9383087
2023-11-01,ACN,0.013826468095990797,543561046.8658447
2023-11-01,ADBE,0.017914413678256393,1385240957.748413
2023-11-01,ADI,0.005839582221104503,545895005.2581787
2023-11-01,ADSK,0.0030966445414999017,214686116.1178589
2023-11-01,AKAM,0.0011784913736421934,123885177.04467773
2023-11-01,ALLE,0.0006297584909439523,65009153.453063965
2023-11-01,AMAT,0.008140787665997799,722552026.1856079
2023-11-01,AMD,0.01157180969936297,5307389782.238007
2023-11-01,AME,0.002360623669928272,126298196.38061523
2023-11-01,AMGN,0.00995112072130348,731850734.7686768
2023-11-01,APP,0.0009928948615932306,77740204.30374146
2023-11-01,AZO,0.0034486599153114588,318265927.08740234
2023-11-01,BMY,0.008059161611256275,668912097.5757599
2023-11-01,BR,0.0014686920820011198,66184758.42285156
2023-11-01,BX,0.0047804041221924535,339246557.698822
2023-11-01,CBOE,0.0012654889123319781,120788574.98016357
2023-11-01,CDNS,0.004766340568344851,337496132.85369873
2023-11-01,CF,0.0011372937931622557,153037500.365448
2023-11-01,CHD,0.0016323729458587025,143566728.20892334
2023-11-01,CLX,0.0010621047312125498,200357161.38572693
2023-11-01,CME,0.005587658930410879,327415219.6243286
2023-11-01,COP,0.011066306851082702,615576609.8503113
2023-11-01,CPRT,0.0030363861341140917,160338299.6553421
2023-11-01,CRM,0.014767935044146608,782087704.2053223
2023-11-01,CRWD,0.0007508678775606386,465290701.99432373
2023-11-01,CSCO,0.015447390420718137,750055907.6551437
2023-11-01,CSGP,0.002127980445536997,160068162.01019287
2023-11-01,CSX,0.004494430542886586,388477481.4134598
2023-11-01,CTAS,0.0009399591344408135,179256614.3737793
2023-11-01,CVX,0.02060395995398243,1461079545.8816528
2023-11-01,DDOG,0.0018727214989638797,322255129.4708252
2023-11-01,DGX,0.0011188177279343348,119275102.9586792
2023-11-01,DHR,0.010191938631357153,710227291.6748047
2023-11-01,DVN,0.002216253484221367,380273726.1445999
2023-11-01,EMR,0.003834642945096857,247906570.89042664
2023-11-01,EW,0.0028248383912867683,310298831.3316345
2023-11-01,EXE,0.0009156702677975068,132526907.75527954
2023-11-01,EXPD,0.0012286380900388865,135012436.3105774
2023-11-01,FDS,0.0011968690858579895,84522722.79663086
2023-11-01,FFIV,0.0006613133196102776,81651610.18447876
2023-11-01,FICO,0.0015506389598693151,157766792.95959473
2023-11-01,FTNT,0.0032560958117524544,302980037.20474243
2023-11-01,FTV,0.001265204950107406,137045582.3033085
2023-11-01,GILD,0.0071376848801797295,393094139.4859314
2023-11-01,GOOG,0.1,2860194525.841522
2023-11-01,HLT,0.0029580600577574366,248573776.89971924
2023-11-01,HON,0.008813490396783669,465395266.183342
2023-11-01,HSY,0.00279854847438831,289148738.0081177
2023-11-01,IEX,0.0010601766598660725,112467690.8569336
2023-11-01,INCY,0.0008754709774820308,86692243.78166199
2023-11-01,INTU,0.010115139765862468,744722980.8807373
2023-11-01,IR,0.001791541275582901,187443998.7121582
2023-11-01,ISRG,0.006688579207482245,659754555.531311
2023-11-01,ITW,0.004981733128831145,254183962.1772766
2023-11-01,JKHY,0.000751072661687251,67259307.11669922
2023-11-01,JNJ,0.02879891969509605,975627571.7597961
2023-11-01,KDP,0.0031131258726355593,286639384.14382935
2023-11-01,KEYS,0.0016188596469381492,132676640.73181152
2023-11-01,KO,0.017908567971360853,897530465.5838013
2023-11-01,LIN,0.014038106313304058,548053070.1080322
2023-11-01,MCD,0.014163710175660812,844683003.9932251
2023-11-01,MCHP,0.0028339448562261253,343330967.83599854
2023-11-01,MCO,0.00414588858594476,211589164.45922852
2023-11-01,MDT,0.0068434376235822145,582838052.5726318
2023-11-01,META,0.05932547597743777,6513848544.953918
2023-11-01,MOS,0.0008026149009416942,105950082.12356567
2023-11-01,MRK,0.019025934265216274,711085267.641449
2023-11-01,MRNA,0.002131305449327894,314294687.0391846
2023-11-01,MRVL,0.002946120499841324,424827830.724144
2023-11-01,MSCI,0.002747897181706492,164402189.51416016
2023-11-01,MSFT,0.1,7671690456.051636
2023-11-01,MSI,0.0033992071521062686,161394379.1442871
2023-11-01,MTD,0.0015895807704991289,156920829.62036133
2023-11-01,NDAQ,0.0017769979165904056,106590303.50646973
2023-11-01,NDSN,0.0008848356338297047,42026625.563812256
2023-11-01,NSC,0.0031712902013726917,222812243.2662964
2023-11-01,NTAP,0.0011244701207208958,113097654.296875
2023-11-01,NUE,0.0028345970201074946,223870918.60580444
2023-11-01,NVR,0.001269753736768031,147566264.42871094
2023-11-01,NXPI,0.0033182104811933146,396320374.8825073
2023-11-01,ODFL,0.0015128331755045869,257479755.4901123
2023-11-01,ON,0.0019718395773867937,481612177.0652771
2023-11-01,ORCL,0.020444210970827728,690792399.6631622
2023-11-01,P,0.0008357580356291235,63373863.46206665
2023-11-01,PANW,0.002730144087765604,720799134.4207764
2023-11-01,PAYX,0.0029175872934307226,163079640.72303772
2023-11-01,PFE,0.012768365295606763,866596490.8226013
2023-11-01,PG,0.02715890326544308,938653269.5449829
2023-11-01,PH,0.003490350387597237,238294108.50219727
2023-11-01,PTC,0.0012021629548413027,89313215.64178467
2023-11-01,QCOM,0.008904145984164157,751034104.8919678
2023-11-01,REGN,0.006451032597396247,307552144.4213867
2023-11-01,RMD,0.0015135739020118257,244034530.95321655
2023-11-01,ROL,0.0013497823061074778,94730823.34957123
2023-11-01,RSG,0.0034313584477658372,160167243.44406128
2023-11-01,RVTY,0.0007625983658890542,68151401.16882324
2023-11-01,SNPS,0.005213073258714321,346462741.7114258
2023-11-01,SPGI,0.00775277185891298,329189008.6793823
2023-11-01,STLD,0.0013423823314387489,133356828.64151001
2023-11-01,SWKS,0.0010127026207388194,134241348.046875
2023-11-01,TECH,0.0006276288857892272,69638418.92929077
2023-11-01,TER,0.0009452391749331344,130494961.70654297
2023-11-01,TMO,0.012771200180779083,956963254.6417236
2023-11-01,TROW,0.0014978410489642551,154818951.2107849
2023-11-01,TXN,0.009583627218982477,788704031.7687988
2023-11-01,TYL,0.0011522534176532347,72755600.63781738
2023-11-01,UNP,0.009265710570814246,500807000.15945435
2023-11-01,VRSK,0.002563348056631664,250628052.0904541
2023-11-01,VRSN,0.001532214122507905,103756049.7215271
2023-11-01,VRTX,0.006782554442577825,423315421.19750977
2023-11-01,WST,0.0017188628644273427,135086412.5152588
2023-11-01,XOM,0.03148936271920767,2382214052.928543
2023-11-01,ZBH,0.0016002262810416016,151744486.54174805
2023-11-01,ZTS,0.00530686399930275,265485015.98587036
2023-11-30,A,0.0003263590927363772,233220440.4384613
2023-11-30,ABBV,-0.0011786330274956534,643191911.5814209
2023-11-30,ABNB,-5.422899555434461e-05,592431706.6749573
2023-11-30,ABT,0.0002817571474246234,539158020.7099915
2023-11-30,ACN,0.0005555879648991725,519719839.704895
2023-11-30,ADBE,0.0011692285044446922,1466590310.4400635
2023-11-30,ADI,0.00031266365729071526,594605278.7521362
2023-11-30,ADSK,7.819437735450416e-05,248490722.8881836
2023-11-30,AKAM,4.37745077058343e-05,170624838.4513855
2023-11-30,ALLE,-0.0006297584909439523,67029645.5657959
2023-11-30,AMAT,0.00040529783897784964,767554913.6665344
2023-11-30,AMD,0.0016318790943088517,5482476871.896744
2023-11-30,AME,5.407658829477847e-05,172635739.213562
2023-11-30,AMGN,-0.00021700368845098406,592909166.4901733
2023-11-30,APP,-4.557762929082473e-05,127978277.0072937
2023-11-30,AZO,-7.810514936745349e-05,353786336.7675781
2023-11-30,BMY,-0.0008952242980804648,689208867.6298141
2023-11-30,BR,7.876804545613246e-05,90146013.35754395
2023-11-30,BX,0.0006153116001162747,293065160.9714508
2023-11-30,CBOE,3.948365382838346e-05,144256430.75637817
2023-11-30,CDNS,0.0002710801668685944,303926097.92633057
2023-11-30,CF,-0.0001435404865837665,164980614.84680176
2023-11-30,CHD,-2.3405180449185322e-05,158804821.7578888
2023-11-30,CLX,0.00013783534114248318,219954130.70144653
2023-11-30,CME,-0.00028544304599116815,282934191.1834717
2023-11-30,COP,-0.0010800595219995525,576738048.8853455
2023-11-30,CPRT,0.0002138564535728903,210137462.95280457
2023-11-30,CRM,0.002414720640936485,936108023.0453491
2023-11-30,CRWD,0.00018293655990297855,601259730.0506592
2023-11-30,CSCO,-0.0021488428159567967,917217443.8251495
2023-11-30,CSGP,0.00010492679364277648,123107329.85267639
2023-11-30,CSX,1.6891116544145643e-05,352843250.0957489
2023-11-30,CTAS,1.1281973394727048e-05,157723764.55993652
2023-11-30,CVX,-0.0017706283748205077,1581604325.1800537
2023-11-30,DDOG,0.0006128898209346841,490997643.1995392
2023-11-30,DGX,-2.4100326825130533e-05,110713109.97772217
2023-11-30,DHR,0.0008029147193936072,493933642.36831665
2023-11-30,DVN,-0.00023104078358565433,357128185.5949402
2023-11-30,EMR,-0.003834642945096857,273028034.40856934
2023-11-30,EW,-4.037451040956978e-05,241888065.57426453
2023-11-30,EXE,-0.0001232101636718532,131202996.74263
2023-11-30,EXPD,-0.0012286380900388865,167491144.85473633
2023-11-30,FDS,-3.117817208880889e-05,81982975.89111328
2023-11-30,FFIV,2.3894670478556462e-05,94024401.92871094
2023-11-30,FICO,0.0002705967624098667,170147094.3511963
2023-11-30,FTNT,-0.0004792273078960802,368011122.72491455
2023-11-30,FTV,-2.5053020179207405e-05,142345091.12732697
2023-11-30,GILD,-0.0006801586517892347,507201316.3070679
2023-11-30,HLT,7.545386322816566e-05,240887359.55047607
2023-11-30,HON,-7.311673209176896e-05,450957930.04662323
2023-11-30,HSY,-0.00019465585186889504,249200325.61721802
2023-11-30,IEX,-2.3967627666354827e-05,75538629.80880737
2023-11-30,INCY,-5.719101728301394e-05,82528780.66654205
2023-11-30,INTU,0.0007183244116376348,731344842.0776367
2023-11-30,IR,0.0001647469697795747,172336667.81082153
2023-11-30,ISRG,0.0006663060859878195,470263595.8679199
2023-11-30,ITW,1.2431856150566488e-05,241335221.07543945
2023-11-30,JKHY,3.310441565607472e-05,75484575.19073486
2023-11-30,JNJ,-0.0009462455469751128,895026462.9821777
2023-11-30,KDP,-0.00010725860896354826,229016320.15781403
2023-11-30,KEYS,5.3115621058436296e-05,175705000.04577637
2023-11-30,KO,-0.0007227416566265889,737874889.9513245
2023-11-30,LIN,6.105345293643503e-05,548148696.0708618
2023-11-30,MCD,-3.9388853784161e-05,715953596.8856812
2023-11-30,MCHP,0.00024291724539978604,380977833.5998535
2023-11-30,MCO,0.00041115431938543515,305224200.97961426
2023-11-30,MDT,0.0002883030879247432,477928545.148468
2023-11-30,META,0.0004335108315491054,5205725424.945068
2023-11-30,MOS,2.007393561546391e-05,135756221.46224976
2023-11-30,MRK,-0.0014148683920414858,747704897.9824066
2023-11-30,MRNA,-0.00010897232376802382,255688680.34172058
2023-11-30,MRVL,0.00027928632743136773,432591767.8455353
2023-11-30,MSCI,6.76080468935184e-05,140066999.95117188
2023-11-30,MSI,0.00025685409790259656,207720407.97729492
2023-11-30,MTD,4.468980188993281e-05,193634273.58398438
2023-11-30,NDAQ,7.876125510595231e-05,111524766.53633118
2023-11-30,NDSN,2.3793110086725903e-05,33805856.22558594
2023-11-30,NSC,0.0001924812047388669,248332459.39331055
2023-11-30,NTAP,0.0001853314283059757,96056839.13002014
2023-11-30,NUE,0.00018945685234081832,158205337.449646
2023-11-30,NVR,6.973321025565359e-05,128800185.91308594
2023-11-30,NXPI,0.00032481760833819344,462756637.273407
2023-11-30,ODFL,-6.329698600834486e-05,222629349.24621582
2023-11-30,ON,0.00011103451898266661,491080530.4512024
2023-11-30,ORCL,0.0008697544021367652,682843630.2444458
2023-11-30,P,-7.195571689291099e-05,78752028.24611664
2023-11-30,PANW,0.0003450248585671429,1144761691.6030884
2023-11-30,PAYX,5.496334405210223e-05,199734918.32351685
2023-11-30,PFE,-0.0009590327976775788,864766276.5547752
2023-11-30,PG,-0.001379667069644635,969164430.0514221
2023-11-30,PH,0.0003114379471848795,253419459.27886963
2023-11-30,PTC,6.213630069131469e-05,107066286.60888672
2023-11-30,QCOM,0.0008146882397393074,1091000355.0296783
2023-11-30,REGN,-0.00012991479541154746,395592720.80078125
2023-11-30,RMD,5.459436273854822e-05,189041580.68771362
2023-11-30,ROK,0.0021376660797663583,284008363.40026855
2023-11-30,ROL,6.507139706623871e-06,66124053.45687866
2023-11-30,RSG,3.7812284589437434e-05,196378912.9234314
2023-11-30,RVTY,-3.538405713022835e-06,70433574.99160767
2023-11-30,SNPS,0.0003828070061184267,399602391.746521
2023-11-30,SPGI,0.00080839099197189,466888999.4071655
2023-11-30,STLD,5.038289475157564e-05,115720769.88296509
2023-11-30,SWKS,3.247443149997074e-05,197941334.3837738
2023-11-30,TECH,4.270831192747975e-05,66135026.757240295
2023-11-30,TEL,0.0028073820723593258,175241033.4236145
2023-11-30,TER,2.5933241823767835e-05,135929142.0726776
2023-11-30,TMO,0.00043380809966081686,775896803.4332275
2023-11-30,TROW,3.943656447041128e-05,125728589.28756714
2023-11-30,TXN,-2.3813114433082067e-05,889416418.5264587
2023-11-30,TYL,1.9617978307454563e-05,89449968.88427734
2023-11-30,UNP,6.049055569069643e-05,448274943.0541992
2023-11-30,VRSK,-3.8381161931241945e-05,175802430.71289062
2023-11-30,VRSN,-2.163071906407252e-05,90097879.63256836
2023-11-30,VRTX,-0.0006177460132208113,508582930.9844971
2023-11-30,WST,3.824833086583739e-05,140991387.97302246
2023-11-30,XOM,-0.003137374673514017,1998225311.1534119
2023-11-30,ZBH,5.336161109717051e-05,195164625.45166016
2023-11-30,ZTS,0.00023265504078750273,287968324.5552063
2024-01-02,A,7.440418748566689e-05,215630286.1732483
2024-01-02,ABBV,0.000680909236578358,777067495.2301025
2024-01-02,ABNB,0.0001712436531490476,636154327.696228
2024-01-02,ABT,0.00010355702608065911,501564603.97872925
2024-01-02,ACN,9.115359479149564e-05,727337968.0770874
2024-01-02,ADBE,-0.0012815478318789902,1569168075.402832
2024-01-02,ADI,0.0002120211046301862,530057985.6246948
2024-01-02,ADSK,0.00020618028113816595,316252619.7151184
2024-01-02,AKAM,-2.603749451001022e-05,132351696.32873535
2024-01-02,ALLE,0.000718859026028231,100582239.97497559
2024-01-02,AMAT,0.00017345390285852628,785075322.995758
2024-01-02,AMD,0.00214381983076682,8963625929.901123
2024-01-02,AME,3.5811703137593465e-05,123625668.83163452
2024-01-02,AMGN,0.0001995541034951441,628072544.3084717
2024-01-02,APP,1.495753290078547e-05,91942850.92544556
2024-01-02,AZO,-0.00018040917191753172,323034589.66064453
2024-01-02,BMY,-5.216841391587554e-05,726090512.5642776
2024-01-02,BR,2.194704525707459e-05,111897130.46951294
2024-01-02,BX,0.0006102048835052104,482195178.9237976
2024-01-02,CBOE,-8.307179540550003e-05,132056970.627594
2024-01-02,CDNS,-0.00024063326775762735,386867140.6921387
2024-01-02,CF,1.0611875834537921e-05,157868320.7244873
2024-01-02,CHD,-0.0001047256083347547,106267646.9783783
2024-01-02,CLX,-5.96224751174268e-05,127396709.61914062
2024-01-02,CME,-0.00041661904171072343,351934421.01135254
2024-01-02,COP,-0.00040433668631949596,651712731.7855835
2024-01-02,CPRT,-0.00022046976977723245,222086206.5214157
2024-01-02,CRM,-3.4241975706599675e-05,1286151101.5792847
2024-01-02,CRWD,2.733340718628983e-05,676298497.303009
2024-01-02,CSCO,-3.142899603561858e-05,925869591.2986755
2024-01-02,CSGP,1.211165312506009e-05,155115967.65098572
2024-01-02,CSX,0.00011493824139910923,341322685.11047363
2024-01-02,CTAS,3.871619244584263e-05,205583238.53149414
2024-01-02,CVX,-0.00014373156430312964,1406724125.0
2024-01-02,DDOG,-1.292814695968503e-05,316843549.8058319
2024-01-02,DGX,-4.389532252544164e-05,103775947.04971313
2024-01-02,DHR,-0.00011289834237181509,561667264.8506165
2024-01-02,DVN,-7.466771678478739e-05,384030180.50136566
2024-01-02,EW,0.0002112722414283636,321653602.20451355
2024-01-02,EXE,-6.713131153774602e-05,119274795.89538574
2024-01-02,FDS,5.919578034988644e-06,115820094.58007812
2024-01-02,FFIV,-7.868094389333223e-07,70321805.96084595
2024-01-02,FICO,4.097410091349202e-05,167062768.40820312
2024-01-02,FTNT,0.00017742329631883613,287604794.5903778
2024-01-02,FTV,2.4530298771722678e-05,100278103.30282211
2024-01-02,GILD,6.70301583242756e-05,495236769.53086853
2024-01-02,HLT,0.00011670206733178489,267000054.06723022
2024-01-02,HON,0.00019772796575260113,535184580.02140045
2024-01-02,HSY,-0.00013578496852564544,245964356.85272217
2024-01-02,IEX,2.950163411857723e-05,69680045.61157227
2024-01-02,INCY,8.505266718241312e-05,98953178.42102051
2024-01-02,INTU,0.00048681946385626014,714919330.0048828
2024-01-02,IR,6.734249445008436e-05,145099333.97331238
2024-01-02,ISRG,0.0002713026696165898,443047507.02056885
2024-01-02,ITW,0.00016580954857428436,218946408.79974365
2024-01-02,JKHY,-1.2708674524712724e-05,86535209.9975586
2024-01-02,JNJ,-0.0008849891203246418,1027772942.8466797
2024-01-02,KDP,2.5057366950953768e-05,192680628.98426056
2024-01-02,KEYS,0.0001672790930604053,237367233.6090088
2024-01-02,KO,-0.0006292097161003027,812001380.8395386
2024-01-02,LIN,-0.0007287585563447788,659401390.37323
2024-01-02,MCD,7.211212823154088e-05,757949147.9263306
2024-01-02,MCHP,0.00010015010998999348,376048965.058136
2024-01-02,MCO,0.00010204115803971042,316333545.5963135
2024-01-02,MDT,-5.0923134731273474e-05,433914694.23599243
2024-01-02,META,0.002012124157020727,5443998945.153809
2024-01-02,MOS,-4.0214520453330394e-05,127708012.28561401
2024-01-02,MRK,0.00028788607745458203,872958341.4852142
2024-01-02,MRNA,0.0004505944380095595,468600080.36079407
2024-01-02,MRVL,0.00010931588203742966,489723895.45440674
2024-01-02,MSCI,0.00010572931516790625,175947295.82214355
2024-01-02,MSI,-0.0002689466212450345,178509620.17364502
2024-01-02,MTD,0.00010013449518780676,134747496.09375
2024-01-02,NDAQ,-9.782726859396086e-06,134445417.2525406
2024-01-02,NDSN,6.398665309971952e-05,59995272.92175293
2024-01-02,NSC,0.000118294660246794,215710231.91452026
2024-01-02,NTAP,-0.00010267347012291365,170912232.18307495
2024-01-02,NUE,-6.576056284442536e-05,214689493.78585815
2024-01-02,NVR,0.00011591783998706612,148629596.11816406
2024-01-02,NXPI,0.0002740313635689758,429743335.6208801
2024-01-02,ODFL,-6.769375032169818e-06,269853926.9607544
2024-01-02,ON,0.0002474063238458255,391998412.15286255
2024-01-02,ORCL,-0.002840009871849264,878944063.0996704
2024-01-02,P,1.7398313586321473e-05,109430324.1727829
2024-01-02,PANW,-0.0001393129760460716,972255978.4332275
2024-01-02,PAYX,-0.00019923444365192158,231381000.53596497
2024-01-02,PFE,-0.0011490304010840988,1273750160.3176117
2024-01-02,PG,-0.0022701273665357707,963561268.9834595
2024-01-02,PH,6.110481312183568e-05,232127899.06311035
2024-01-02,PTC,7.867982454070927e-05,126251342.10128784
2024-01-02,QCOM,0.0006873014375080311,1014510773.840332
2024-01-02,REGN,0.00011730778029165039,475505072.55249023
2024-01-02,RMD,6.5757234900287e-05,132405386.20758057
2024-01-02,ROK,0.00016441928993544573,166384411.72790527
2024-01-02,ROL,3.266960051374174e-05,66926873.91433716
2024-01-02,RSG,-9.19321469564343e-05,175142271.6217041
2024-01-02,RVTY,0.0001326202473920971,71618562.4168396
2024-01-02,SNPS,-0.0005391220522646201,445970598.04992676
2024-01-02,SPGI,0.00010361672376718416,517445835.447525
2024-01-02,STLD,-7.365343456334811e-05,141774052.50701904
2024-01-02,SWKS,0.00011293385780689882,156205603.81011963
2024-01-02,TECH,0.00011527791704034752,69958843.20373535
2024-01-02,TEL,6.923118810170208e-05,161472745.94726562
2024-01-02,TER,0.00012054141708834622,147139033.8130951
2024-01-02,TMO,0.0003021760834122783,785494148.94104
2024-01-02,TROW,4.229069850769673e-05,166597521.31347656
2024-01-02,TXN,0.0006350016061329039,774456962.5564575
2024-01-02,TYL,-2.6879423150629172e-05,73224733.54797363
2024-01-02,UNP,0.0003887373701787298,575053870.3811646
2024-01-02,VRSK,-0.0001383493795363601,206883564.35699463
2024-01-02,VRSN,-0.0001098445985470496,101005590.07797241
2024-01-02,VRTX,0.0005894192517056389,398167929.74243164
2024-01-02,WST,-7.189824920017626e-05,133020750.52185059
2024-01-02,XOM,-0.001992799352050014,2197126777.671051
2024-01-02,ZBH,-5.769375359980164e-07,180165996.95281982
2024-01-02,ZTS,0.0003729014384900621,302732829.63409424
2024-01-31,A,-0.00019523365589324201,181203073.95477295
2024-01-31,ABBV,0.000877179800159153,814176229.5883179
2024-01-31,ABNB,0.00028237120319191296,570718748.6190796
2024-01-31,ABT,0.00021043446543597688,578958932.2090149
2024-01-31,ACN,0.0003714033980392762,714433228.6132812
2024-01-31,ADBE,0.00015486249140071393,1479890566.18042
2024-01-31,ADI,-0.00026590798626154304,572458341.986084
2024-01-31,ADSK,0.00010503923032350454,285754375.06103516
2024-01-31,AKAM,3.575228221596653e-05,155272506.53533936
2024-01-31,ALLE,-0.000718859026028231,81004564.79187012
2024-01-31,AMAT,2.3653288686789967e-05,956314419.9829102
2024-01-31,AMD,-0.01534750862443864,16283270029.04129
2024-01-31,AME,-6.84495312021703e-05,137984783.9111328
2024-01-31,AMGN,0.0007868982974926445,695528368.0877686
2024-01-31,APP,2.008619346421394e-05,102937132.57694244
2024-01-31,AZO,0.0001806556798199378,399892152.9785156
2024-01-31,BMY,-0.000412004597880271,755194484.0251923
2024-01-31,BR,-2.879577636818141e-05,88214965.47088623
2024-01-31,BX,-0.0003590209281078014,423997114.7987366
2024-01-31,CBOE,2.2490631063770044e-05,130982694.96002197
2024-01-31,CDNS,0.0002280079622529992,395380145.703125
2024-01-31,CF,-6.080286479608662e-05,135149534.085083
2024-01-31,CHD,6.684381777548364e-05,123270391.38679504
2024-01-31,CLX,8.614851472686733e-06,178450543.06259155
2024-01-31,CME,-0.0001624592444231035,416118906.0508728
2024-01-31,COP,-0.0004473562218120855,615268981.3858032
2024-01-31,CPRT,-9.172690983739453e-05,178674202.84996033
2024-01-31,CRM,0.0009701610949662889,1359958635.974121
2024-01-31,CRWD,0.0001279634785310217,881751625.944519
2024-01-31,CSCO,-0.00023288467811483603,909991541.3303375
2024-01-31,CSGP,-0.00012381552830580123,127484279.3258667
2024-01-31,CSX,8.55311160019908e-05,367919801.97429657
2024-01-31,CTAS,-7.684092749131064e-06,166381696.47216797
2024-01-31,CVX,-0.0004180642999442215,1373661581.7596436
2024-01-31,DDOG,3.471293058632035e-05,501436464.0136719
2024-01-31,DGX,-8.268703100520623e-05,127455625.48980713
2024-01-31,DHR,0.0002801510467200889,690280747.0458984
2024-01-31,DVN,-0.00015764671816233537,359783172.5452423
2024-01-31,EW,5.362566080939534e-05,214791208.29696655
2024-01-31,EXE,-6.318654601119786e-06,158139678.28483582
2024-01-31,FDS,-1.5511781094405255e-05,78577747.60894775
2024-01-31,FFIV,1.0394614160731002e-05,76194138.8305664
2024-01-31,FICO,3.4806510633986557e-05,211033503.34472656
2024-01-31,FISV,0.005871999514463119,331673343.270874
2024-01-31,FTNT,0.0002653593782993482,387655472.4687576
2024-01-31,FTV,6.35189810325996e-05,96157395.7014122
2024-01-31,GILD,-0.0002901689772300273,599590247.5414276
2024-01-31,HLT,0.00011745446400998659,257299593.56384277
2024-01-31,HON,-0.00041146586390031215,541710991.367096
2024-01-31,HSY,6.607145357408846e-05,291276747.8820801
2024-01-31,IEX,-3.8850182915088453e-05,66773125.01296997
2024-01-31,INCY,-6.704728090462019e-05,83335368.20812225
2024-01-31,INTU,-1.0496020762584823e-05,711803267.2668457
2024-01-31,IR,4.316717884591051e-05,172946013.9694214
2024-01-31,ISRG,-0.007626187963086654,644587296.2219238
2024-01-31,ITW,-7.64914164107025e-05,274394661.31134033
2024-01-31,JKHY,2.8938857853002663e-06,63954305.15975952
2024-01-31,JNJ,7.372140347486345e-05,1047191270.9686279
2024-01-31,KDP,-0.0002021765089069887,221866080.8052063
2024-01-31,KEYS,-8.670881320495911e-05,155499963.87557983
2024-01-31,KO,-2.479479427570236e-05,810436866.4104462
2024-01-31,LEN,0.0026255458961214834,315711320.2161026
2024-01-31,LIN,-0.0003350291640152308,570412564.3249512
2024-01-31,MCD,-0.0003341787014801041,910490149.3621826
2024-01-31,MCHP,-0.00020884833965414615,462597375.6851196
2024-01-31,MCO,-3.3306314866530726e-05,247460569.5602417
2024-01-31,MDT,0.00036152685128498525,512847226.2496948
2024-01-31,META,0.0055720221450730675,6053177025.457764
2024-01-31,MKC,0.0011747867177200695,150756230.5671692
2024-01-31,MOS,-0.00011726477502403113,157582482.17468262
2024-01-31,MRK,0.0017146810320140572,906484588.3560181
2024-01-31,MRNA,1.2405158088219653e-05,392498334.0133667
2024-01-31,MRVL,0.00036782465963865977,938201458.6235046
2024-01-31,MSCI,0.0001365819720013377,249379228.09143066
2024-01-31,MSI,3.168108760588694e-05,196417536.69281006
2024-01-31,MTD,-4.120329912913668e-05,188339366.38183594
2024-01-31,NDAQ,-3.173497947378686e-05,124814748.33755493
2024-01-31,NDSN,-5.590239894519549e-05,44933251.32446289
2024-01-31,NSC,-5.455365514011245e-05,299462001.5029907
2024-01-31,NTAP,-2.6155516005215698e-05,140208811.58981323
2024-01-31,NUE,0.00018447777007313737,269067352.33306885
2024-01-31,NVR,-4.695499269890494e-07,135144011.5234375
2024-01-31,NXPI,-0.00036504196336666636,457242691.74575806
2024-01-31,ODFL,-6.610281698269153e-05,233006689.43023682
2024-01-31,ON,-0.00036755255361059285,594322050.0148773
2024-01-31,ORCL,0.0008853793748157535,824612943.0179596
2024-01-31,P,8.531072056065011e-05,139293636.6104126
2024-01-31,PANW,0.00039765985848101183,1039794208.3282471
2024-01-31,PAYX,3.011809123098586e-05,183605233.53424072
2024-01-31,PFE,-0.0007424397147726726,1194891207.244873
2024-01-31,PG,0.0014258314196329107,1227533961.4860535
2024-01-31,PH,-1.0578292753186946e-05,243564246.08917236
2024-01-31,PTC,2.8565719397319203e-05,134790436.50665283
2024-01-31,QCOM,0.00016272932869300719,1096880301.1032104
2024-01-31,REGN,0.0003974431297510215,494819190.3198242
2024-01-31,RMD,0.0001529956443638721,147688867.92144775
2024-01-31,ROK,-0.0004445792179266553,170913569.52514648
2024-01-31,ROL,-2.6460492168170003e-05,64592996.09298706
2024-01-31,RSG,8.898909383913073e-05,162543408.07266235
2024-01-31,RVTY,-2.6902308814366746e-05,83208333.16802979
2024-01-31,SLB,0.0044407933978313574,629111882.3921204
2024-01-31,SNPS,0.0001240170094814596,741589916.7755127
2024-01-31,SPGI,5.7914386343537946e-05,455624204.7703247
2024-01-31,STLD,1.4239519254764278e-05,146983382.34405518
2024-01-31,SWKS,-9.372729038594494e-05,200211259.765625
2024-01-31,TECH,-7.74442803493624e-05,72483812.73498535
2024-01-31,TEL,2.878241439004201e-06,310278683.62960815
2024-01-31,TER,-0.0001306045393837075,178235123.17771912
2024-01-31,TMO,5.895684902475391e-05,1089271603.3721924
2024-01-31,TROW,-6.186390842127798e-06,131171915.32058716
2024-01-31,TXN,-0.0007227646148131196,1034541455.0354004
2024-01-31,TYL,6.397564954879753e-08,70904619.50073242
2024-01-31,UNP,-0.00017197801279450302,591483383.9347839
2024-01-31,VRSK,3.8050751621039255e-07,166274854.6875
2024-01-31,VRSN,-6.289019904437312e-05,83351530.27801514
2024-01-31,VRTX,0.00036133289121982777,554456149.0982056
2024-01-31,WST,8.061930330957828e-05,140305479.58374023
2024-01-31,XOM,0.00045075034565707217,1945398202.4978638
2024-01-31,ZBH,3.438259297380581e-05,196940959.22050476
2024-01-31,ZTS,-0.0003476856404852945,342705383.33740234
2024-02-06,A,1.1946580762437365e-05,177135086.72790527
2024-02-06,ABBV,9.188270026784517e-05,814176229.5883179
2024-02-06,ABNB,3.081013666463798e-05,562305287.448883
2024-02-06,ABT,6.274127515698731e-05,580552459.9723816
2024-02-06,ACN,7.304350428407637e-05,682350865.361023
2024-02-06,ADBE,8.83579147053018e-05,1578476659.8205566
2024-02-06,ADI,3.0007216078582408e-05,573321295.4772949
2024-02-06,ADSK,1.715328806266899e-05,288863674.65057373
2024-02-06,AKAM,6.0620094947767475e-06,164963123.1765747
2024-02-06,AMAT,4.3021224660669266e-05,947322449.8245239
2024-02-06,AME,1.1721032181340619e-05,162148970.1034546
2024-02-06,AMGN,5.275098492191037e-05,742441578.4301758
2024-02-06,APP,4.8337458600814735e-06,119594632.2511673
2024-02-06,AZO,1.6586160676330605e-05,402070498.10791016
2024-02-06,BMY,3.296645461078277e-05,783169782.6847076
2024-02-06,BR,7.5806391666704154e-06,91048484.48944092
2024-02-06,BX,2.7785792685036323e-05,425009535.51330566
2024-02-06,CBOE,6.12307699506009e-06,136032097.9774475
2024-02-06,CDNS,2.4724704185167916e-05,373637720.1828003
2024-02-06,CF,4.642835615837823e-06,131790559.66911316
2024-02-06,CHD,7.730590532695506e-06,133465361.21482849
2024-02-06,CLX,5.653367449577921e-06,187325720.14160156
2024-02-06,CME,2.3240384922542517e-05,353706800.8895874
2024-02-06,COP,4.494693546846368e-05,585042295.9014893
2024-02-06,CPRT,1.4456770822954875e-05,179072530.88798523
2024-02-06,CRM,8.915316226518893e-05,1359958635.974121
2024-02-06,CRWD,5.358966035535649e-06,845540315.9332275
2024-02-06,CSCO,6.413546237310497e-05,954288408.0236435
2024-02-06,CSGP,1.0437464853071694e-05,127484279.3258667
2024-02-06,CSX,2.3184553620773235e-05,451910019.81601715
2024-02-06,CTAS,4.8333140771582555e-06,172231052.6702881
2024-02-06,CVX,8.990581246133902e-05,1356392029.6577454
2024-02-06,DDOG,1.233774146668044e-05,511985983.42285156
2024-02-06,DGX,4.763746703228622e-06,145749660.8100891
2024-02-06,DHR,5.492358328939781e-05,679623237.2016907
2024-02-06,DVN,8.625205083892746e-06,338445892.3658371
2024-02-06,EW,1.500450497851245e-05,261135885.86883545
2024-02-06,EXE,3.5379177553683007e-06,158139678.28483582
2024-02-06,FDS,5.688629324519584e-06,80520140.4953003
2024-02-06,FFIV,3.418868535086015e-06,85450717.53997803
2024-02-06,FICO,9.3343437249174e-06,226973531.00585938
2024-02-06,FISV,2.8893405314007505e-05,333988232.8651428
2024-02-06,FTNT,1.584242066782508e-05,478576769.73724365
2024-02-06,FTV,6.535466461949583e-06,104784503.45726585
2024-02-06,GILD,3.0676549250916764e-05,590864577.6836395
2024-02-06,HLT,1.60787013996095e-05,274137133.55789185
2024-02-06,HON,4.195564774160318e-05,620886887.8534851
2024-02-06,HSY,1.2469528294902377e-05,307702221.5209961
2024-02-06,IEX,5.05270752744957e-06,74141299.04632568
2024-02-06,INCY,4.114975046303187e-06,75347242.98591614
2024-02-06,INTU,5.565025625977986e-05,685494255.4992676
2024-02-06,IR,1.0169760712490372e-05,200582152.98995972
2024-02-06,ITW,2.5013479266955928e-05,283196949.16534424
2024-02-06,JKHY,3.810280196618978e-06,63954305.15975952
2024-02-06,JNJ,0.00013305830737130042,1110019937.954712
2024-02-06,KDP,1.3918966752409813e-05,221866080.8052063
2024-02-06,KEYS,8.623469521860114e-06,154096703.0593872
2024-02-06,KO,8.134548151711787e-05,837670783.7600708
2024-02-06,LEN,1.2919102183220343e-05,339994722.559021
2024-02-06,LIN,6.414106251419888e-05,610680935.4766846
2024-02-06,MCD,6.820977148101239e-05,960609782.1624756
2024-02-06,MCHP,1.460496745269704e-05,530796543.19610596
2024-02-06,MCO,2.2761321939967355e-05,247460569.5602417
2024-02-06,MDT,3.662034942556857e-05,488879785.559845
2024-02-06,META,0.000331364543764201,6990731489.92157
2024-02-06,MKC,5.780584400423604e-06,150756230.5671692
2024-02-06,MOS,3.273189795370969e-06,158752655.59501648
2024-02-06,MRK,9.650965502498374e-05,906484588.3560181
2024-02-06,MRNA,1.222917772560235e-05,350928095.4750061
2024-02-06,MRVL,1.821853042764318e-05,744099091.7831421
2024-02-06,MSCI,1.5046106824153152e-05,299247830.5938721
2024-02-06,MSI,1.68223192245783e-05,196417536.69281006
2024-02-06,MTD,8.331466113656446e-06,183006288.17138672
2024-02-06,NDAQ,8.927046718431577e-06,132301305.83724976
2024-02-06,NDSN,4.510722479565102e-06,44459771.23336792
2024-02-06,NSC,-0.00342751241121824,364110453.15704346
2024-02-06,NTAP,5.811022095712293e-06,126298046.19483948
2024-02-06,NUE,1.546412910808162e-05,275538632.1495056
2024-02-06,NVR,7.159066244326285e-06,141641544.43359375
2024-02-06,NXPI,1.747784221721102e-05,490410032.4485779
2024-02-06,ODFL,6.773929521359688e-06,253014746.82312012
2024-02-06,ON,9.65767991486198e-06,666485982.3928833
2024-02-06,ORCL,9.525837115656466e-05,826107557.4146271
2024-02-06,P,4.263703303513094e-06,133283100.20141602
2024-02-06,PANW,1.6402696172575313e-05,1039794208.3282471
2024-02-06,PAYX,1.3794409020295197e-05,201690469.9699402
2024-02-06,PFE,4.880123319968982e-05,1251697340.708828
2024-02-06,PG,0.0001226933574019172,1241229154.8744202
2024-02-06,PH,1.895546725317167e-05,281730771.1242676
2024-02-06,PTC,6.7487403055494985e-06,134790436.50665283
2024-02-06,QCOM,5.200451722040672e-05,1181509012.9516602
2024-02-06,REGN,3.363616173391627e-05,493948639.4104004
2024-02-06,RMD,8.79261599920334e-06,159035298.98605347
2024-02-06,ROK,9.139932315101879e-06,173625890.97442627
2024-02-06,ROL,6.704227898541356e-06,59090533.97140503
2024-02-06,RSG,1.7055710069488212e-05,169085293.76296997
2024-02-06,RVTY,4.2551737740689115e-06,93061322.62306213
2024-02-06,SLB,2.185109914319347e-05,693962927.6950836
2024-02-06,SNPS,2.5492208908184377e-05,715599726.8096924
2024-02-06,SPGI,4.292035982365709e-05,482079541.2975311
2024-02-06,STLD,6.560807737871887e-06,146177403.1829834
2024-02-06,SWKS,5.237341600024476e-06,230663317.60406494
2024-02-06,TECH,3.48458253439962e-06,68020804.62875366
2024-02-06,TEL,1.416865155688717e-05,310278683.62960815
2024-02-06,TER,4.729176207787377e-06,188993048.6240387
2024-02-06,TMO,6.67527331440123e-05,1071549937.5
2024-02-06,TROW,7.741887826814365e-06,128459812.11891174
2024-02-06,TXN,4.6607601174669666e-05,1026833294.0872192
2024-02-06,TYL,5.634292977131725e-06,66092148.91052246
2024-02-06,UNP,4.6956513616433146e-05,594203481.9839478
2024-02-06,VRSK,1.1745317959097924e-05,159927527.394104
2024-02-06,VRSN,6.582936855233784e-06,83351530.27801514
2024-02-06,VRTX,3.501239656865558e-05,632647314.0380859
2024-02-06,WST,8.688847261119088e-06,141181797.4319458
2024-02-06,XOM,0.00013191936293564452,1937678159.105301
2024-02-06,ZBH,8.302886533673474e-06,187669734.97695923
2024-02-06,ZTS,2.7381497349589397e-05,347952513.03863525
2024-02-15,A,3.813731585868181e-05,177105147.0779419
2024-02-15,ABBV,0.00029331903678090146,911078914.6484375
2024-02-15,ABNB,9.83558339406167e-05,622519160.4194641
2024-02-15,ABT,0.00020029026510765165,599624260.8657837
2024-02-15,ACN,0.000233178283368371,674314001.4389038
2024-02-15,ADBE,0.00028206679122161,1620243731.4422607
2024-02-15,ADI,9.579265401417954e-05,617951527.9029846
2024-02-15,ADSK,5.475879482754126e-05,293767301.02996826
2024-02-15,AKAM,1.9351877783100897e-05,189921003.09066772
2024-02-15,AMAT,0.00013733754168975335,1159145315.6448364
2024-02-15,AME,3.741729247711337e-05,176150112.74642944
2024-02-15,AMGN,-0.010773320418762194,837309094.2840576
2024-02-15,APP,1.5430866480737075e-05,162857881.316185
2024-02-15,AZO,5.294834238972739e-05,421888860.2050781
2024-02-15,BMY,0.00010523949213865364,745167340.4441833
2024-02-15,BR,2.4199830567338352e-05,133469249.77111816
2024-02-15,BX,8.870115835527947e-05,438176176.2084961
2024-02-15,CBOE,1.9546824822200617e-05,114008093.12896729
2024-02-15,CDNS,7.892918248098534e-05,407928594.6243286
2024-02-15,CF,1.4821419775428433e-05,134303094.48509216
2024-02-15,CHD,2.467852340198775e-05,137267787.95166016
2024-02-15,CLX,1.8047361364487364e-05,182348716.3192749
2024-02-15,CME,7.419075952302262e-05,333463707.56759644
2024-02-15,COP,0.00014348502796969823,617863815.5479431
2024-02-15,CPRT,4.6150647296937415e-05,181678764.4115448
2024-02-15,CRM,0.0002846054763885643,1295699937.550354
2024-02-15,CRWD,1.7107537665988484e-05,881751625.944519
2024-02-15,CSCO,0.00020474095767688757,994683987.1980667
2024-02-15,CSGP,3.331973405453891e-05,140700395.94535828
2024-02-15,CSX,7.401252810830105e-05,428839956.0997009
2024-02-15,CTAS,1.5429488091217363e-05,189918020.57800293
2024-02-15,CVX,0.0002870081771137699,1336814032.433319
2024-02-15,DDOG,3.938602623245911e-05,612979345.3605652
2024-02-15,DGX,1.5207406730385746e-05,141847389.12887573
2024-02-15,DHR,0.00017533368632005782,633338620.3102112
2024-02-15,DVN,2.7534419862174173e-05,298597494.985199
2024-02-15,EW,4.789919032464332e-05,328334821.29478455
2024-02-15,EXE,1.1294167728958886e-05,145920441.88156128
2024-02-15,FDS,1.815992857423271e-05,90200469.97070312
2024-02-15,FFIV,1.0914124450725547e-05,89471384.46350098
2024-02-15,FICO,2.9798217753650982e-05,232908116.16210938
2024-02-15,FISV,9.223701296674856e-05,327922445.89767456
2024-02-15,FTNT,5.057408584008055e-05,527853777.4116516
2024-02-15,FTV,2.0863304212270914e-05,128896960.23901367
2024-02-15,GILD,9.7929380087995e-05,601580544.4793701
2024-02-15,HLT,5.132836968736341e-05,316471459.97161865
2024-02-15,HON,0.00013393587854092226,658328472.864151
2024-02-15,HSY,3.980673203890332e-05,335926364.5889282
2024-02-15,IEX,1.6129862321925597e-05,95485011.97509766
2024-02-15,INCY,1.3136319605764886e-05,81552299.99351501
2024-02-15,INTU,0.00017765345941233093,659154547.6867676
2024-02-15,IR,3.2465136612052584e-05,202477912.45422363
2024-02-15,ITW,7.98510451231289e-05,283196949.16534424
2024-02-15,JKHY,1.216363596062925e-05,81878145.16296387
2024-02-15,JNJ,0.0004247647755243958,1223629155.6129456
2024-02-15,KDP,4.443380428416832e-05,218838780.4157257
2024-02-15,KEYS,2.7528879391746242e-05,150726694.1040039
2024-02-15,KO,0.000259680856304019,867811007.1218491
2024-02-15,LEN,4.1241916023471506e-05,300731673.89801025
2024-02-15,LIN,0.00020475883512265786,655967506.0546875
2024-02-15,MCD,0.00021774745856982525,988790698.2543945
2024-02-15,MCHP,4.662373845080352e-05,547542643.7896729
2024-02-15,MCO,7.266143689540431e-05,268786459.99298096
2024-02-15,MDT,0.00011690389582343346,488879785.559845
2024-02-15,META,0.0010578218589236826,8464512247.906494
2024-02-15,MKC,1.8453478657247174e-05,143022556.20689392
2024-02-15,MOS,1.0449071209058663e-05,156330051.9832611
2024-02-15,MRK,0.0003080897597639784,906484588.3560181
2024-02-15,MRNA,3.903945596548351e-05,316935617.04940796
2024-02-15,MRVL,5.8159389972455705e-05,876072619.1886902
2024-02-15,MSCI,4.803199675344934e-05,281553983.6303711
2024-02-15,MSI,5.370223618798983e-05,223981042.63305664
2024-02-15,MTD,2.659671089668249e-05,175398134.94873047
2024-02-15,NDAQ,2.8497995129827224e-05,125851501.82361603
2024-02-15,NDSN,1.4399672289071969e-05,44459771.23336792
2024-02-15,NTAP,1.8550645538911595e-05,126102167.3789978
2024-02-15,NUE,4.9366457901384685e-05,264418270.7939148
2024-02-15,NVR,2.2854034643247792e-05,143046012.20703125
2024-02-15,NXPI,5.579487574066235e-05,580299877.0133972
2024-02-15,ODFL,2.162455474898962e-05,315505509.8373413
2024-02-15,ON,3.083041053329695e-05,645314308.2572937
2024-02-15,ORCL,0.00030409526049529276,862447662.3500824
2024-02-15,P,1.3611107884948332e-05,130542243.87817383
2024-02-15,PANW,5.236266487515561e-05,1018658564.56604
2024-02-15,PAYX,4.403617607014144e-05,215001153.04718018
2024-02-15,PFE,0.00015578918201277978,1156137205.8691978
2024-02-15,PG,0.00039167653222682217,1184043608.404541
2024-02-15,PH,6.051192858094615e-05,316301621.18530273
2024-02-15,PTC,2.1544142696479493e-05,155478689.91851807
2024-02-15,QCOM,0.0001660150915774091,1373456144.2649841
2024-02-15,REGN,0.00010737741198330302,495573959.50927734
2024-02-15,RMD,2.8068849175662313e-05,152226463.8420105
2024-02-15,ROK,2.9177594205364405e-05,351112893.14575195
2024-02-15,ROL,2.140204482266447e-05,72116155.610466
2024-02-15,RSG,5.44472945898755e-05,199663511.6546631
2024-02-15,RVTY,1.3583878892401736e-05,89436169.66323853
2024-02-15,SLB,6.975571391134184e-05,597964265.3165817
2024-02-15,SNPS,8.137930361830012e-05,683615609.451294
2024-02-15,SPGI,0.00013701554879282096,540696185.6258545
2024-02-15,STLD,2.0944201689409702e-05,151316343.34640503
2024-02-15,SWKS,1.671927347513219e-05,225828746.63963318
2024-02-15,TECH,1.112390460439414e-05,75218528.95317078
2024-02-15,TEL,4.5230878228825e-05,358799942.3095703
2024-02-15,TER,1.5097046625661714e-05,187506094.95391846
2024-02-15,TMO,0.00021309612507270335,843385870.4101562
2024-02-15,TROW,2.4714587986719326e-05,123816767.760849
2024-02-15,TXN,0.0001487864053121065,817021371.3241577
2024-02-15,TYL,1.7986469533177313e-05,69586105.31616211
2024-02-15,UNP,0.00014990024568728964,594203481.9839478
2024-02-15,VRSK,3.7494820465716096e-05,164297458.73260498
2024-02-15,VRSN,2.1014844926607384e-05,109869151.69830322
2024-02-15,VRTX,0.00011177079479566567,624761352.9602051
2024-02-15,WST,2.7737586095516204e-05,189177805.61065674
2024-02-15,XOM,0.00042112889974103146,1939850275.3025055
2024-02-15,ZBH,2.650547571478464e-05,194122093.6756134
2024-02-15,ZTS,8.741051802774614e-05,399711157.87124634
2024-02-22,A,6.572243604058628e-06,177105147.0779419
2024-02-22,ABBV,5.0547976962384e-05,894684081.8389893
2024-02-22,ABNB,1.6949763925006196e-05,709861006.5841675
2024-02-22,ABT,3.4516231259868954e-05,626236526.6624451
2024-02-22,ACN,4.018385790840323e-05,631378454.3548584
2024-02-22,ADBE,4.860886569450426e-05,1630781767.4804688
2024-02-22,ADI,1.6508048442459393e-05,646447991.9380188
2024-02-22,ADSK,9.436640491555012e-06,285881801.37939453
2024-02-22,AKAM,3.3349293761990653e-06,229909981.81152344
2024-02-22,AMAT,2.366752246834268e-05,1261561516.9258118
2024-02-22,AME,6.448161220237291e-06,172952896.78268433
2024-02-22,APP,2.6592173898367256e-06,186745249.524498
2024-02-22,AZO,9.124643325866214e-06,406510831.9824219
2024-02-22,BMY,1.8136031955304915e-05,715973788.204956
2024-02-22,BR,4.170382159427322e-06,143296903.7864685
2024-02-22,BX,1.528596356474652e-05,429843687.46032715
2024-02-22,CBOE,3.3685248037223017e-06,131983128.8154602
2024-02-22,CDNS,1.3601948722779394e-05,392318210.4156494
2024-02-22,CF,2.5541908005029907e-06,142325197.97058105
2024-02-22,CHD,4.252875797220064e-06,135586569.51522827
2024-02-22,CLX,3.110120694843838e-06,166734488.23547363
2024-02-22,CME,1.2785371329283694e-05,350441136.33270264
2024-02-22,COP,2.4726925220599008e-05,665871107.5309753
2024-02-22,CPRT,7.953189407571004e-06,182761010.47325134
2024-02-22,CRM,4.904635996948181e-05,1217624840.499878
2024-02-22,CRWD,2.9481598920887316e-06,879597356.338501
2024-02-22,CSCO,3.528322377397905e-05,1010651638.4700775
2024-02-22,CSGP,5.742024683654413e-06,153927553.16619873
2024-02-22,CSX,1.2754656522825057e-05,428839956.0997009
2024-02-22,CTAS,2.6589798505264554e-06,208081940.89660645
2024-02-22,CVX,4.946041990312386e-05,1321423317.0700073
2024-02-22,DDOG,6.787435171230934e-06,560802858.6364746
2024-02-22,DGX,2.6207083369067605e-06,145739457.62252808
2024-02-22,DHR,3.0215437886688817e-05,611528694.8989868
2024-02-22,DVN,4.745035426750952e-06,290549212.9497528
2024-02-22,EW,8.254517659743704e-06,326385916.9353485
2024-02-22,EXE,1.946335759308985e-06,149916235.56480408
2024-02-22,FDS,3.1295195200525643e-06,91070254.67071533
2024-02-22,FFIV,1.8808425029432805e-06,91411086.04888916
2024-02-22,FICO,5.135158089506408e-06,203880925.40283203
2024-02-22,FISV,1.5895301094982425e-05,327311713.57421875
2024-02-22,FTNT,8.715485206804707e-06,478255164.88494873
2024-02-22,FTV,3.595395076484015e-06,117415270.39480972
2024-02-22,GILD,1.6876272685725432e-05,590864577.6836395
2024-02-22,HLT,8.845471732582197e-06,316894001.52664185
2024-02-22,HON,2.3081310293476126e-05,573085102.1399918
2024-02-22,HSY,6.859935843691288e-06,349395520.85876465
2024-02-22,IEX,2.779676075590539e-06,103199506.60858154
2024-02-22,INCY,2.263795722535133e-06,99657693.38550568
2024-02-22,INTU,3.0615206814450444e-05,726288185.3515625
2024-02-22,IR,5.594751010902163e-06,213725121.02737427
2024-02-22,ITW,1.3760814277871507e-05,286659871.1135864
2024-02-22,JKHY,2.0961721307437287e-06,82235064.20974731
2024-02-22,JNJ,7.320015885527859e-05,1296625064.7254944
2024-02-22,KDP,7.657324052189052e-06,253070101.7660141
2024-02-22,KEYS,4.744080631676568e-06,169633277.0439148
2024-02-22,KO,4.4751074073083597e-05,874550410.2327347
2024-02-22,LEN,7.107262603607816e-06,265884093.3800125
2024-02-22,LIN,3.528630461293973e-05,628133368.0130005
2024-02-22,MCD,3.7524647701701885e-05,959403051.272583
2024-02-22,MCHP,8.034717701844215e-06,520994652.81791687
2024-02-22,MCO,1.2521821558367924e-05,287923757.44628906
2024-02-22,MDT,2.014617086483223e-05,506501709.5069885
2024-02-22,META,0.0001822955493854389,8965658340.85083
2024-02-22,MKC,3.1801073134545433e-06,134315712.18681335
2024-02-22,MOS,1.8006993905013945e-06,158491370.0788498
2024-02-22,MRK,5.3093431131540775e-05,872541439.6636963
2024-02-22,MRNA,6.727710353969865e-06,327267028.5923004
2024-02-22,MRVL,1.0022668616186878e-05,787178868.529129
2024-02-22,MSCI,8.277404330781207e-06,284311816.56188965
2024-02-22,MSI,9.25456263408753e-06,205397336.74163818
2024-02-22,MTD,4.583439058150791e-06,162668419.55566406
2024-02-22,NDAQ,-0.0018516665072114337,132074520.98636627
2024-02-22,NDSN,2.48151061425176e-06,49011498.98147583
2024-02-22,NTAP,3.1968521839881043e-06,120106424.68414307
2024-02-22,NUE,8.507373418717868e-06,268145110.63461304
2024-02-22,NVR,3.938459737638355e-06,127905579.37011719
2024-02-22,NXPI,9.615189400969011e-06,540812416.255188
2024-02-22,ODFL,3.7265821791522286e-06,291909189.9505615
2024-02-22,ON,5.313036952804811e-06,606972055.4130554
2024-02-22,ORCL,5.240505488693717e-05,875255917.0230865
2024-02-22,P,2.345616484193073e-06,127862365.04001617
2024-02-22,PANW,9.023712906078719e-06,1076357240.0009155
2024-02-22,PAYX,7.588800365411746e-06,186104975.99868774
2024-02-22,PFE,2.6847312979734125e-05,1019148854.6404839
2024-02-22,PG,6.749802721634293e-05,1079761424.6894836
2024-02-22,PH,1.0428084059692193e-05,334300528.4637451
2024-02-22,PTC,3.712724685883467e-06,171237207.9208374
2024-02-22,QCOM,2.860955469021105e-05,1373456144.2649841
2024-02-22,REGN,1.8504461922350113e-05,447186141.9036865
2024-02-22,RMD,4.837134190345191e-06,142919325.61187744
2024-02-22,ROK,5.0282053831107124e-06,388679452.16674805
2024-02-22,ROL,3.6882368103917807e-06,82974196.8667984
2024-02-22,RSG,9.38295932919296e-06,197076192.6361084
2024-02-22,RVTY,2.3409240833756643e-06,86607735.69793701
2024-02-22,SLB,1.202107527176633e-05,556553467.1203613
2024-02-22,SNPS,1.4024180665728539e-05,595670935.2172852
2024-02-22,SPGI,2.3612033095012086e-05,633948783.4169006
2024-02-22,STLD,3.6093362234877573e-06,144778533.98361206
2024-02-22,SWKS,2.881249917236362e-06,212277269.72236633
2024-02-22,TECH,1.9169941366428255e-06,76423960.84976196
2024-02-22,TEL,7.794684640284339e-06,276421880.4084778
2024-02-22,TER,2.6016898644189244e-06,184213765.38963318
2024-02-22,TMO,3.672307852624866e-05,772865318.6828613
2024-02-22,TROW,4.25909084489709e-06,123816767.760849
2024-02-22,TXN,2.5640517133057247e-05,763464236.6363525
2024-02-22,TYL,3.0996271417488026e-06,76699826.14135742
2024-02-22,UNP,2.583246641204781e-05,585677650.0244141
2024-02-22,VRSK,6.461521699750814e-06,180899499.51782227
2024-02-22,VRSN,3.6215102465772878e-06,114192626.64718628
2024-02-22,VRTX,1.9261578186004734e-05,550870754.9072266
2024-02-22,WST,4.780047276630112e-06,214445537.66479492
2024-02-22,XOM,7.257358457168905e-05,2048925676.0234833
2024-02-22,ZBH,4.567716403653657e-06,182021528.83377075
2024-02-22,ZTS,1.5063546164707266e-05,422312061.55700684
2024-02-23,A,2.1512908323293323e-05,183576670.3125
2024-02-23,ABBV,0.000165458564811604,894684081.8389893
2024-02-23,ABNB,5.5481619274573915e-05,739773797.9385376
2024-02-23,ABT,0.0001129818922567978,602265875.0850677
2024-02-23,ACN,0.00013153372019349303,623679058.8638306
2024-02-23,ADBE,0.00015911127681563636,1630781767.4804688
2024-02-23,ADI,5.403575310565338e-05,688205237.9821777
2024-02-23,ADSK,3.0888931391608986e-05,283892090.8004761
2024-02-23,AKAM,1.0916215870411094e-05,208521471.28601074
2024-02-23,AMAT,7.747084127960636e-05,1192375507.9582214
2024-02-23,AME,2.1106749770979146e-05,174325666.21780396
2024-02-23,APP,8.704409538919057e-06,191120702.11143494
2024-02-23,AZO,2.986767186032198e-05,410984012.3535156
2024-02-23,BMY,5.9364627410018155e-05,675391254.9861908
2024-02-23,BR,1.365090134721348e-05,143296903.7864685
2024-02-23,BX,5.003550577439668e-05,422757547.99194336
2024-02-23,CBOE,1.102618369813106e-05,139760112.35961914
2024-02-23,CDNS,4.4523224262501236e-05,373637720.1828003
2024-02-23,CF,8.360626270379097e-06,157103736.70578003
2024-02-23,CHD,1.3920927562613471e-05,135586569.51522827
2024-02-23,CLX,1.0180350183799968e-05,163404496.63467407
2024-02-23,CME,4.185032355104659e-05,350441136.33270264
2024-02-23,COP,8.093858162214022e-05,654336026.512146
2024-02-23,CPRT,2.6033154720133365e-05,188932322.5036621
2024-02-23,CRM,0.00016054332571652577,1252502222.2503662
2024-02-23,CRWD,9.650204298840585e-06,870638342.3355103
2024-02-23,CSCO,0.00011549248690829149,1004660514.6095276
2024-02-23,CSGP,1.879535483640055e-05,167428183.48693848
2024-02-23,CSX,4.1749784852952374e-05,428839956.0997009
2024-02-23,CTAS,8.70363200209702e-06,208081940.89660645
2024-02-23,CVX,0.00016189866704734504,1269444781.4414978
2024-02-23,DDOG,2.2217294334437188e-05,547154837.8829956
2024-02-23,DGX,8.578357953614203e-06,135358174.93896484
2024-02-23,DHR,9.890411621429722e-05,597073546.1975098
2024-02-23,DVN,1.5531912429940465e-05,290549212.9497528
2024-02-23,EW,2.7019491723863972e-05,300316508.14971924
2024-02-23,EXE,6.370935905434974e-06,149916235.56480408
2024-02-23,FDS,1.0243848309164291e-05,91070254.67071533
2024-02-23,FFIV,6.156556995450522e-06,89471384.46350098
2024-02-23,FICO,1.6808899952666526e-05,199539725.36010742
2024-02-23,FISV,-0.0060090252338388574,327922445.89767456
2024-02-23,FTNT,2.85283756267375e-05,476593043.69773865
2024-02-23,FTV,1.1768797586665658e-05,117415270.39480972
2024-02-23,GILD,5.5241060587392886e-05,575645708.1306458
2024-02-23,HLT,2.8953860191946283e-05,316894001.52664185
2024-02-23,HON,7.555199445413371e-05,573085102.1399918
2024-02-23,HSY,2.24546106017548e-05,349395520.85876465
2024-02-23,IEX,9.098706649538282e-06,103199506.60858154
2024-02-23,INCY,7.410076798049486e-06,99657693.38550568
2024-02-23,INTU,0.00010021267883180904,746795008.505249
2024-02-23,IR,1.8313284296836343e-05,213725121.02737427
2024-02-23,ITW,4.504323848113657e-05,283165962.1536255
2024-02-23,JKHY,6.861394920098076e-06,81583796.66519165
2024-02-23,JNJ,0.000239605894360298,1296625064.7254944
2024-02-23,KDP,2.5064699402615673e-05,258561711.00521088
2024-02-23,KEYS,1.552878710164439e-05,177272824.9420166
2024-02-23,KO,0.00014648357728382078,851003883.3633423
2024-02-23,LEN,2.3264184657817953e-05,254751023.0455551
2024-02-23,LIN,0.00011550257141065487,625255508.2199097
2024-02-23,MCD,0.00012282933416711377,946525364.1540527
2024-02-23,MCHP,2.6300021079040357e-05,498998144.7795868
2024-02-23,MCO,4.0987646754216296e-05,287923757.44628906
2024-02-23,MDT,6.594441000526939e-05,506501709.5069885
2024-02-23,META,0.0005967075595389587,8990966044.136047
2024-02-23,MKC,1.0409437205026592e-05,134315712.18681335
2024-02-23,MOS,5.894224748721364e-06,160805147.41830826
2024-02-23,MRK,0.00017379059348874085,872541439.6636963
2024-02-23,MRNA,2.2021797241546324e-05,328191893.2209015
2024-02-23,MRVL,3.280717576591803e-05,773095894.417572
2024-02-23,MSCI,2.7094406606134255e-05,283543337.2528076
2024-02-23,MSI,3.0292936402473263e-05,205397336.74163818
2024-02-23,MTD,1.5002959446377018e-05,158799501.55029297
2024-02-23,NDSN,8.122722401024797e-06,51024863.150024414
2024-02-23,NTAP,1.0464248147281979e-05,124754753.1589508
2024-02-23,NUE,2.7847163838522725e-05,253710781.24694824
2024-02-23,NVR,1.2891750272080258e-05,126677688.8671875
2024-02-23,NXPI,3.1473375084029986e-05,508347667.11273193
2024-02-23,ODFL,1.2198211997165205e-05,291909189.9505615
2024-02-23,ON,1.7391150384835508e-05,579702372.4552155
2024-02-23,ORCL,0.00017153733327286702,845419814.4508362
2024-02-23,P,7.677900489703516e-06,131418840.89012146
2024-02-23,PANW,2.953729657317059e-05,1076357240.0009155
2024-02-23,PAYX,2.4840400992449246e-05,181912591.7831421
2024-02-23,PFE,8.787924149724485e-05,1004411592.2945023
2024-02-23,PG,0.0002209411213260036,1056247969.2314148
2024-02-23,PH,3.413422110909274e-05,334300528.4637451
2024-02-23,PTC,1.215285229958841e-05,171237207.9208374
2024-02-23,QCOM,9.364758281946335e-05,1373456144.2649841
2024-02-23,REGN,6.0570608286882044e-05,447186141.9036865
2024-02-23,RMD,1.583337907927018e-05,138925474.10888672
2024-02-23,ROK,1.6458811930031682e-05,388679452.16674805
2024-02-23,ROL,1.207269619883807e-05,81485600.02441406
2024-02-23,RSG,3.071321697897334e-05,197076192.6361084
2024-02-23,RVTY,7.66254086600679e-06,82441419.2062378
2024-02-23,SLB,3.934855520407437e-05,543390826.4431
2024-02-23,SNPS,4.590531501066225e-05,595670935.2172852
2024-02-23,SPGI,7.728920805460081e-05,633948783.4169006
2024-02-23,STLD,1.1814431107800899e-05,143414642.68112183
2024-02-23,SWKS,9.431188047826725e-06,198690291.96853638
2024-02-23,TECH,6.274892046366043e-06,76423960.84976196
2024-02-23,TEL,2.5514321467309722e-05,272693752.6649475
2024-02-23,TER,8.516104835847114e-06,178434598.72169495
2024-02-23,TMO,0.00012020555981772166,738324483.31604
2024-02-23,TROW,1.3941271262414394e-05,132950227.35061646
2024-02-23,TXN,8.39290397125058e-05,739027055.5335999
2024-02-23,TYL,1.014600166306329e-05,69586105.31616211
2024-02-23,UNP,8.455734680068439e-05,573325266.2162781
2024-02-23,VRSK,2.1150482594690934e-05,180899499.51782227
2024-02-23,VRSN,1.1854280306709429e-05,114192626.64718628
2024-02-23,VRTX,6.304887503280968e-05,537609819.430542
2024-02-23,WST,1.5646516629367344e-05,214445537.66479492
2024-02-23,XOM,0.00023755493034667216,2005851889.113617
2024-02-23,ZBH,1.495149452128094e-05,182021528.83377075
2024-02-23,ZTS,4.930746746285245e-05,422312061.55700684
2024-02-29,A,0.00037491567425196543,206930210.0227356
2024-02-29,ABBV,0.003136400194542907,933806857.1136475
2024-02-29,ABNB,-0.006463133699871448,739773797.9385376
2024-02-29,ABT,-0.01316142327617311,562429302.7484894
2024-02-29,ACN,0.0018610521853057883,612417718.3410645
2024-02-29,ADBE,-0.0002317260658443801,1795514282.006836
2024-02-29,ADI,0.0005399948056235958,646447991.9380188
2024-02-29,ADSK,0.0003869845634585892,283892090.8004761
2024-02-29,AKAM,-6.724552648451382e-05,213769518.94607544
2024-02-29,ALGN,0.0016301235527064184,236913940.39001465
2024-02-29,ALLE,0.0008033680833266433,104010476.93023682
2024-02-29,AMAT,0.0030338092487148666,1315450759.0820312
2024-02-29,AME,0.000528312620474424,191654068.7072754
2024-02-29,AOS,0.0008988576715414109,71143903.62625122
2024-02-29,APP,-0.0010139891979369796,218039320.22972107
2024-02-29,AZO,-0.0034793280920986575,425326435.9375
2024-02-29,BMY,0.0006562786863020444,675391254.9861908
2024-02-29,BR,-0.001590213149586795,117066989.31121826
2024-02-29,BX,0.0007730348755301507,417759097.9736328
2024-02-29,CAT,0.011974506729797439,803912250.6652832
2024-02-29,CBOE,0.0001702754371926728,131340232.83462524
2024-02-29,CDNS,0.0007512861656619393,420718341.67785645
2024-02-29,CF,0.00011671680028842223,171343458.3114624
2024-02-29,CHD,0.00015819235105069148,131174345.19348145
2024-02-29,CL,0.0051026125960329525,403614440.21339417
2024-02-29,CLX,-0.001185923648403002,153890291.79458618
2024-02-29,CME,0.0008123637278754994,350359213.9343262
2024-02-29,COP,-0.00942865189123247,655309877.6733398
2024-02-29,CPRT,0.0006206661409498323,198414152.61764526
2024-02-29,CRM,0.0036704084984361465,1252502222.2503662
2024-02-29,CRWD,0.00023232072414567967,945613297.6501465
2024-02-29,CSCO,0.0006668750282057163,1004660514.6095276
2024-02-29,CSGP,0.0003605610377515889,175094901.27296448
2024-02-29,CSX,0.00047015915504140717,419208178.7706375
2024-02-29,CTAS,0.00013397520041324865,208844939.3798828
2024-02-29,CVX,-0.01885980879144015,1122588331.4819336
2024-02-29,DASH,0.0035144971799842247,413595311.9178772
2024-02-29,DDOG,0.0007181469655295459,549984390.2572632
2024-02-29,DGX,-0.0009993052673026917,135358174.93896484
2024-02-29,DHR,0.0019135083133523002,572376759.9891663
2024-02-29,DOV,0.001669474866852652,156133652.1911621
2024-02-29,DVN,0.00022159157327792767,320008476.5607834
2024-02-29,DXCM,0.0031841130256607605,362355551.3153076
2024-02-29,EW,-0.003147539487801721,339745615.5406952
2024-02-29,EXE,-0.0007421594951358589,145365171.6217041
2024-02-29,EXR,0.002138441058320732,159379919.2817688
2024-02-29,FAST,0.0014991657758203865,220180048.3669281
2024-02-29,FDS,6.959681266948932e-05,94037125.15411377
2024-02-29,FFIV,7.867981495086722e-05,82133898.8204956
2024-02-29,FICO,0.00030037334624720066,195847764.26391602
2024-02-29,FTNT,0.0004527599334489471,388127781.4052582
2024-02-29,FTV,0.0002443690304786254,114587000.75011826
2024-02-29,GILD,1.501165244135235e-05,566754580.9989929
2024-02-29,GRMN,0.001891210440636533,88578377.14309692
2024-02-29,HLT,0.0003457572397136616,316471459.97161865
2024-02-29,HON,-0.008801160597574324,553689621.1574783
2024-02-29,HSY,0.00014197132445274447,351561875.1281738
2024-02-29,IDXX,0.003429269880616893,224287602.06298828
2024-02-29,IEX,0.0002256149061553392,103199506.60858154
2024-02-29,INCY,-0.0008632105136494625,91220268.39675903
2024-02-29,INTU,0.0016725584410712275,831843626.2542725
2024-02-29,IR,0.0005115476884083648,219611119.70367432
2024-02-29,ITW,0.00038625650952964045,261596340.06958008
2024-02-29,IVZ,0.0004973326636376233,79086568.4876442
2024-02-29,JKHY,0.00011268152985038102,79779449.39804077
2024-02-29,JNJ,0.0017548663592089273,1296625064.7254944
2024-02-29,KDP,-0.002919822916207359,304332496.8501091
2024-02-29,KEYS,0.00017407902657487007,218454078.60946655
2024-02-29,KMB,0.00293183587902542,204067636.85569763
2024-02-29,KO,0.0016341385989357,820924400.692749
2024-02-29,LEN,0.00041130204650352813,254751023.0455551
2024-02-29,LIN,0.002408762909154651,625255508.2199097
2024-02-29,MAS,0.0012157804046886414,136753947.85079956
2024-02-29,MCD,-0.01430856596054774,827212429.1397095
2024-02-29,MCHP,0.0002314585612489448,475266516.14990234
2024-02-29,MCO,0.00023777069863423726,295372440.03448486
2024-02-29,MDT,0.00028308335218941993,471275459.5928192
2024-02-29,META,0.02300460959975588,8990966044.136047
2024-02-29,MKC,0.00012129074393232397,127463515.9690857
2024-02-29,MMM,0.0030558601560216185,353497485.9268799
2024-02-29,MNST,0.0022098408967470623,307393895.1057434
2024-02-29,MOS,-0.000686626726223449,169092565.74554443
2024-02-29,MPWR,0.0024829373704586023,379498563.4460449
2024-02-29,MRK,0.003006865027664611,817032371.8582153
2024-02-29,MRNA,-0.0025653508629442513,336587738.66996765
2024-02-29,MRVL,0.0005829412336467773,773095894.417572
2024-02-29,MSCI,2.9269423621207293e-05,263324567.2302246
2024-02-29,MSI,0.00041364025196251797,186462030.01861572
2024-02-29,MTD,0.00017991737893627486,157890965.4724121
2024-02-29,NDSN,0.00014108054133094244,54638946.685791016
2024-02-29,NTAP,0.0001375231200355894,120106424.68414307
2024-02-29,NUE,0.0002134394451143275,242085722.3297119
2024-02-29,NVR,0.00024742746718549573,120406814.81933594
2024-02-29,NXPI,0.0010200400728255228,547160933.3229065
2024-02-29,ODFL,0.0003098936583896801,328424207.71484375
2024-02-29,ON,-0.0020259201443904922,553285980.562973
2024-02-29,ORCL,0.0017714056277641221,845419814.4508362
2024-02-29,P,0.0003877685488988358,143147770.42121887
2024-02-29,PANW,-3.7617403840554085e-06,1859260039.315796
2024-02-29,PAYX,0.0002801182635181463,179613638.98544312
2024-02-29,PFE,-0.010237179351761862,992981570.2116966
2024-02-29,PG,0.0026076106368526607,982209041.6000366
2024-02-29,PH,0.0010145933388763725,325659548.538208
2024-02-29,PLTR,0.003961777964315469,1696653347.6078033
2024-02-29,PTC,0.0001459119506522779,171237207.9208374
2024-02-29,QCOM,0.0017114379017616754,1335284376.9966125
2024-02-29,REGN,0.0008306953469448481,470728858.65478516
2024-02-29,RMD,-1.0146721021305101e-05,134537437.1559143
2024-02-29,ROK,0.0004324480292566702,362456739.8712158
2024-02-29,ROL,0.00012533826339054268,94376251.00955963
2024-02-29,RSG,-0.003577826860205501,199663511.6546631
2024-02-29,RVTY,-0.0008926204163696148,74091065.67764282
2024-02-29,SLB,0.00036931295864557623,488852226.40838623
2024-02-29,SNPS,0.0009159253450986109,587137365.612793
2024-02-29,SPGI,0.00013627072261707465,660964756.8679962
2024-02-29,STLD,-0.001376280087640311,143414642.68112183
2024-02-29,SWKS,0.00010287454972341282,196258018.1777954
2024-02-29,SYK,0.009616543211604616,461102815.5807495
2024-02-29,TECH,0.00010172599654785421,73884814.74342346
2024-02-29,TEL,0.0002952379777701893,276421880.4084778
2024-02-29,TER,0.00014365242507824037,166238030.46951294
2024-02-29,TMO,0.0018810254926730063,694172684.5214844
2024-02-29,TRMB,0.0010829590132249737,91886531.35700226
2024-02-29,TROW,0.00020546151399865797,143316237.556839
2024-02-29,TXN,-0.009777014659201519,690321101.1581421
2024-02-29,TYL,0.00016042316121998358,82474711.04431152
2024-02-29,UNP,0.00125526228522717,558929369.1978455
2024-02-29,VLTO,0.0015288666574831524,117443201.55334473
2024-02-29,VRSK,2.5139852091645484e-05,174612929.42733765
2024-02-29,VRSN,3.9456318938981124e-05,112142058.80889893
2024-02-29,VRTX,0.0004399190450596153,498590071.90704346
2024-02-29,WST,6.844526821615771e-05,190219397.53875732
2024-02-29,XOM,-0.02767311581689575,1855463703.3779144
2024-02-29,ZBH,0.00013065804097733597,188992483.69865417
2024-02-29,ZTS,0.0007831493043787517,453864988.0004883
2024-03-08,A,5.5937238892527115e-06,227718198.7297058
2024-03-08,ABBV,4.351303775606413e-05,846978709.7076416
2024-03-08,ACN,3.336370318499787e-05,607213235.2767944
2024-03-08,ADBE,3.553785167170059e-05,1795514282.006836
2024-03-08,ADI,1.3270255172146556e-05,705861964.9810791
2024-03-08,ADSK,7.73782473032815e-06,301546698.412323
2024-03-08,AKAM,2.3384645353521916e-06,253207947.5151062
2024-03-08,ALGN,3.165049453723737e-06,191459727.27661133
2024-03-08,ALLE,1.5598202412636262e-06,116505110.20431519
2024-03-08,AMAT,2.3412793372470583e-05,1455996536.000061
2024-03-08,AME,5.7996946501615194e-06,151415021.89865112
2024-03-08,AOS,1.7452229173452183e-06,70063276.49154663
2024-03-08,BMY,1.470131627494698e-05,675391254.9861908
2024-03-08,BX,1.2817950490670582e-05,418169370.0805664
2024-03-08,CAT,2.324971375380208e-05,607727643.6462402
2024-03-08,CBOE,2.82450797755413e-06,150709256.7703247
2024-03-08,CDNS,1.152895594402209e-05,499185611.9842529
2024-03-08,CF,2.1176229886936664e-06,213992473.41957092
2024-03-08,CHD,3.455780297221666e-06,107168843.57299805
2024-03-08,CL,9.907237511429766e-06,333575535.37597656
2024-03-08,CME,1.1042987806234549e-05,356360791.36505127
2024-03-08,CPRT,7.093262067802905e-06,251277406.77051544
2024-03-08,CRM,4.343814054914852e-05,1513479052.4734497
2024-03-08,CRWD,-0.0013564869152190618,1306818453.7399292
2024-03-08,CSCO,2.7416883277611367e-05,1032858918.0553436
2024-03-08,CSGP,4.951196962203492e-06,178919977.69126892
2024-03-08,CSX,1.0355823247579568e-05,390849355.02471924
2024-03-08,CTAS,2.22871291389367e-06,190420325.61035156
2024-03-08,DASH,6.823751096138829e-06,458393957.0617676
2024-03-08,DDOG,6.419460044778877e-06,560561404.3121338
2024-03-08,DHR,2.6085391786981674e-05,570633030.783081
2024-03-08,DOV,3.2414540030200386e-06,142301955.21774292
2024-03-08,DVN,3.943248669373463e-06,334239144.9859619
2024-03-08,DXCM,6.182276905165006e-06,417289256.26335144
2024-03-08,EXR,4.151999210257051e-06,168405781.79473877
2024-03-08,FAST,2.9107817084931403e-06,238675622.5112915
2024-03-08,FDS,2.4520817307122685e-06,91069909.54589844
2024-03-08,FFIV,1.5452541934401001e-06,79412151.62582397
2024-03-08,FICO,4.385040333855592e-06,190408536.80419922
2024-03-08,FTNT,7.331624006552337e-06,352588708.8546753
2024-03-08,FTV,3.1363324976101115e-06,100099628.28719139
2024-03-08,GILD,1.25235636929703e-05,495708990.8218384
2024-03-08,GRMN,3.6719760057911735e-06,145661788.47427368
2024-03-08,HLT,7.220103526265308e-06,293596275.9841919
2024-03-08,HSY,5.354433034774654e-06,364554634.8312378
2024-03-08,IDXX,6.658273689928024e-06,203017145.2331543
2024-03-08,IEX,2.495998595109742e-06,85036332.49359131
2024-03-08,INTU,2.59135338338181e-05,842515402.3925781
2024-03-08,IR,5.135318125939949e-06,219477269.42138672
2024-03-08,ITW,1.0937830772712702e-05,261596340.06958008
2024-03-08,IVZ,9.656215768134727e-07,65277306.14757538
2024-03-08,JKHY,1.7706921205719057e-06,66990779.48989868
2024-03-08,JNJ,5.76012852403357e-05,1133506900.8522034
2024-03-08,KEYS,3.850291376702834e-06,218454078.60946655
2024-03-08,KMB,5.692455355245981e-06,204067636.85569763
2024-03-08,KO,3.63044845929604e-05,810241755.6053162
2024-03-08,LEN,6.060475194715614e-06,255695686.0560074
2024-03-08,LIN,3.0801215369913315e-05,667740005.1025391
2024-03-08,MAS,2.3605604000502284e-06,141290040.17868042
2024-03-08,MCHP,6.397936061615806e-06,464101198.41041565
2024-03-08,MCO,9.73223728570078e-06,304317000.0
2024-03-08,MDT,1.5464934365447616e-05,509349298.83003235
2024-03-08,META,0.00017962902275428516,8559084048.138428
2024-03-08,MKC,2.5899035956350545e-06,118900063.55018616
2024-03-08,MMM,5.933261010439457e-06,369453799.4735451
2024-03-08,MNST,4.2906292050401765e-06,313499300.67214966
2024-03-08,MPWR,4.820873580381642e-06,423799549.0753174
2024-03-08,MRK,4.514606948856359e-05,837834727.0889282
2024-03-08,MRVL,8.552162692357194e-06,876072619.1886902
2024-03-08,MSCI,6.185039469848528e-06,231433959.59777832
2024-03-08,MSI,7.654777359107807e-06,184131021.53167725
2024-03-08,MTD,3.7426954855729333e-06,163033677.02026367
2024-03-08,NDSN,2.111118580470483e-06,54181291.760253906
2024-03-08,NTAP,2.6338175255857885e-06,143532418.89572144
2024-03-08,NUE,6.7128827089149405e-06,236679205.64422607
2024-03-08,NVR,3.39626007707307e-06,114984030.88378906
2024-03-08,NXPI,9.099155325171387e-06,605695713.2911682
2024-03-08,ODFL,3.360680082517423e-06,279876982.21588135
2024-03-08,ORCL,4.2237658182842086e-05,858009572.7600098
2024-03-08,P,2.489478481262691e-06,173233942.78945923
2024-03-08,PANW,6.6734387162360916e-06,2533695923.18573
2024-03-08,PAYX,6.162277074351404e-06,179613638.98544312
2024-03-08,PG,5.503537802018302e-05,873039338.4475708
2024-03-08,PH,9.690409804832996e-06,303807937.9119873
2024-03-08,PLTR,7.692191896076402e-06,1608050227.3767471
2024-03-08,PTC,3.032033590018605e-06,153619246.25091553
2024-03-08,QCOM,2.4504129532487012e-05,1472785030.670929
2024-03-08,REGN,1.5312732453668862e-05,413421561.1633301
2024-03-08,RMD,3.5614910686944043e-06,134537437.1559143
2024-03-08,ROK,4.562293794338739e-06,292381813.11950684
2024-03-08,ROL,2.9739580009759386e-06,100417662.5
2024-03-08,SLB,9.616910316020966e-06,394862680.4479599
2024-03-08,SNPS,1.2161220667322205e-05,560833656.0180664
2024-03-08,SPGI,1.7745848007564777e-05,637922142.6841888
2024-03-08,SWKS,2.3328864076908092e-06,198690291.96853638
2024-03-08,SYK,1.867148952486991e-05,420366464.33258057
2024-03-08,TECH,1.616765690637162e-06,77083735.5052948
2024-03-08,TEL,6.344060785493967e-06,281322903.63616943
2024-03-08,TER,2.205087348592467e-06,162165579.2816162
2024-03-08,TMO,3.08402813003969e-05,694172684.5214844
2024-03-08,TRMB,2.102674258967806e-06,102790234.85679626
2024-03-08,TROW,3.55215948514751e-06,143316237.556839
2024-03-08,TYL,2.60629931245291e-06,86806532.59735107
2024-03-08,UNP,2.156238992726857e-05,558929369.1978455
2024-03-08,VLTO,2.96844896882165e-06,111879671.47102356
2024-03-08,VRSK,4.8326254056666774e-06,181099495.25299072
2024-03-08,VRSN,2.7578082525999813e-06,115521660.34011841
2024-03-08,VRTX,1.5114534913149465e-05,470247970.1385498
2024-03-08,WST,3.671820821868387e-06,181079023.2635498
2024-03-08,ZBH,3.635413176596115e-06,179073079.7744751
2024-03-08,ZTS,1.2672921049584722e-05,509429686.17858887
2024-04-01,A,0.00012613083857186593,290683255.5252075
2024-04-01,ABBV,0.00042879717371911014,1003117151.53656
2024-04-01,ACN,-0.0015291459868050049,796774621.1090088
2024-04-01,ADBE,-0.002066310535382136,2070978736.505127
2024-04-01,ADI,0.00010889501328735507,614963391.7121887
2024-04-01,ADSK,-2.465725838409795e-05,287524846.8658447
2024-04-01,AKAM,-4.0965914819173334e-05,156232377.12173462
2024-04-01,ALGN,0.00011157564321672602,146028297.5692749
2024-04-01,ALLE,3.0539448585036196e-05,86636661.37695312
2024-04-01,AMAT,9.382387131352289e-05,1100999277.9022217
2024-04-01,AME,3.338581833311864e-07,138046930.90438843
2024-04-01,AOS,5.6919646827480685e-05,69394852.39143372
2024-04-01,APP,0.0016674935707830818,267907428.8629532
2024-04-01,BMY,0.00040054612998306847,777170970.602417
2024-04-01,BX,8.335527945887034e-05,399827398.49967957
2024-04-01,CAT,0.0009721824935147068,716097402.6275635
2024-04-01,CBOE,-8.337036642380767e-05,157860916.37878418
2024-04-01,CDNS,4.505324509483481e-05,408205935.5026245
2024-04-01,CF,1.7080479654992854e-05,209792262.89024353
2024-04-01,CHD,4.7204986175630216e-05,113558540.5342102
2024-04-01,CL,0.00013004199580785893,303041970.0077057
2024-04-01,CME,-0.00021304927407721913,282055207.6347351
2024-04-01,CPRT,0.00026962320420146225,261314393.93081665
2024-04-01,CRM,-0.0016884223030147957,1489805408.203125
2024-04-01,CSCO,0.00023494926348788595,887855496.2175369
2024-04-01,CSGP,0.00023909077824128344,192915029.429245
2024-04-01,CSX,-0.00019962031295159104,390570844.4583893
2024-04-01,CTAS,8.832991364047583e-05,204549704.9835205
2024-04-01,DASH,0.0003142540758423089,443849687.7914429
2024-04-01,DDOG,-0.0002440430981019326,347661845.15190125
2024-04-01,DHR,-0.00037788605287841955,614011537.0880127
2024-04-01,DOV,-0.001672716320855672,169842079.74853516
2024-04-01,DVN,0.0002484360729789778,339361558.1518173
2024-04-01,DXCM,0.0005983726233038636,406574724.51934814
2024-04-01,EXR,5.866846323509525e-05,169735185.80551147
2024-04-01,FAST,6.1541421819166e-05,236387560.27679443
2024-04-01,FDS,-4.075155516733496e-05,115356121.19293213
2024-04-01,FFIV,-1.825766529532668e-06,63065213.46740723
2024-04-01,FICO,-6.904204112158883e-05,190729587.2680664
2024-04-01,FTNT,-9.899858618628429e-05,271595424.1470337
2024-04-01,FTV,-7.220594126102755e-06,131118804.86696625
2024-04-01,GILD,6.1589802477831496e-06,535342206.73217773
2024-04-01,GRMN,0.0001286122973832135,128893619.03991699
2024-04-01,HLT,0.00010651630168588555,261390574.64675903
2024-04-01,HSY,5.453357130722836e-05,435012594.41070557
2024-04-01,IDXX,-0.0002584590877186001,196912185.53466797
2024-04-01,IEX,2.4667963160592866e-05,63712561.417388916
2024-04-01,INTU,-0.0004535883709507714,711389525.2197266
2024-04-01,IR,6.43682877186115e-05,199821033.5193634
2024-04-01,ITW,4.777734750588056e-05,292904834.4039917
2024-04-01,IVZ,3.023758331699032e-05,61339688.60092163
2024-04-01,JKHY,-1.3695653632572963e-05,62236634.98840332
2024-04-01,JNJ,-0.0010176736529585693,1052098699.029541
2024-04-01,KEYS,-2.941356825375465e-06,176593601.6105652
2024-04-01,KMB,0.00015201815033992136,268734906.8130493
2024-04-01,KO,8.018307092114846e-05,798876854.1065216
2024-04-01,KVUE,0.0029127941530183283,325384875.74014664
2024-04-01,LEN,0.00021567706708613531,298814264.39260864
2024-04-01,LIN,0.0003061873806012652,1155933755.670166
2024-04-01,LULU,0.0033531413512595206,641331292.7444458
2024-04-01,MAS,1.5164836334867048e-05,157996301.48353577
2024-04-01,MCHP,0.00016659907959625398,424117793.64471436
2024-04-01,MCO,0.00010335394262826671,265155098.6984253
2024-04-01,MDT,0.00023967609362963993,472961333.22143555
2024-04-01,META,-0.002216154495873132,5955991715.446472
2024-04-01,MKC,0.00013229351141849882,131618624.74403381
2024-04-01,MMM,-0.003061793417032058,582930699.0553551
2024-04-01,MNST,-2.604017541797156e-05,237653808.29792023
2024-04-01,MPWR,-0.00018180294088805844,357203062.27111816
2024-04-01,MRK,0.0005225956021125619,1117932376.2260437
2024-04-01,MRVL,-6.525245121142848e-05,1223285841.0461426
2024-04-01,MSCI,-5.002971036949808e-05,199378874.4567871
2024-04-01,MSI,0.00023134871848633828,199692014.9383545
2024-04-01,MTD,9.975427074770515e-05,161574922.5402832
2024-04-01,NDSN,1.9837793769178404e-05,51526050.47607422
2024-04-01,NTAP,0.00021809376061381622,168264087.4961853
2024-04-01,NUE,4.825368882482601e-05,208611530.11932373
2024-04-01,NVR,8.154944945856649e-05,140191661.1328125
2024-04-01,NXPI,-0.0001056219952681554,544096338.0569458
2024-04-01,ODFL,-4.050572522454397e-05,223729510.36987305
2024-04-01,ORCL,0.002356798651792346,977741533.6948395
2024-04-01,P,-3.483015833309557e-05,185321341.47071838
2024-04-01,PANW,-0.00033948733213314724,1280084222.6119995
2024-04-01,PAYX,-4.234246377985123e-05,201678650.5897522
2024-04-01,PG,0.00016348420851231352,908084834.6710205
2024-04-01,PH,0.00011333574440607931,284778115.46325684
2024-04-01,PLTR,-0.0003813832733949125,1190959857.7803612
2024-04-01,PTC,2.6853571406302776e-05,113030830.81207275
2024-04-01,QCOM,0.0007221190103063879,1282205005.281067
2024-04-01,REGN,-0.00014565708947240474,363455362.5579834
2024-04-01,RMD,0.0002262607918909602,215163871.56829834
2024-04-01,ROK,-0.0023543210186597664,230835451.16271973
2024-04-01,ROL,5.282677730629177e-05,79128744.55413818
2024-04-01,SLB,0.0005823100613496467,388674880.5393219
2024-04-01,SNPS,-0.00011667125798995193,561650602.7709961
2024-04-01,SPGI,-0.00019689028352634814,560222290.6741791
2024-04-01,SWKS,2.0665062776444422e-05,239431297.84126282
2024-04-01,SYK,9.708481471618069e-05,339763632.6370239
2024-04-01,TECH,-4.78459998875724e-05,80286057.21130371
2024-04-01,TEL,-1.0580527985450117e-05,278884582.5286865
2024-04-01,TER,8.320349348991734e-05,173341679.05807495
2024-04-01,TMO,6.839584803846471e-05,855727950.2197266
2024-04-01,TRMB,3.936551242834062e-05,69604603.18832397
2024-04-01,TROW,0.00010948606229899778,131663108.80279541
2024-04-01,TYL,-5.662324149570408e-05,83523888.5421753
2024-04-01,UNP,-0.0004995886389074587,557282311.8980408
2024-04-01,VLTO,1.6506655957356474e-05,129430291.88270569
2024-04-01,VRSK,-9.94823608419992e-05,231487458.63342285
2024-04-01,VRSN,-6.250661378728135e-05,113051277.25524902
2024-04-01,VRTX,-0.00016499747905517406,378446562.260437
2024-04-01,WSM,0.0007218659821044471,309411373.08044434
2024-04-01,WST,0.0001665998617825606,154663885.69335938
2024-04-01,ZBH,8.55604344715741e-05,138204167.85888672
2024-04-01,ZTS,-0.0010425635496900416,629504205.8204651
2024-04-30,A,-3.260902761153487e-05,170166349.04785156
2024-04-30,ABBV,-0.0014170932576135498,906347286.4562988
2024-04-30,ACN,-0.0013831681243930798,924836144.5724487
2024-04-30,ADBE,-0.0005960558721760933,1280602847.340393
2024-04-30,ADI,0.00045420604141005374,598021977.9418945
2024-04-30,ADSK,-0.0005616944622917055,327298676.7272949
2024-04-30,AKAM,-2.949602081718885e-05,121957613.73596191
2024-04-30,ALGN,-0.0001667195952041831,191413206.52008057
2024-04-30,ALLE,-4.362367353191851e-05,68208138.1225586
2024-04-30,AMAT,0.00014257293683823426,908871951.2054443
2024-04-30,AME,8.965687239091691e-06,145913598.0430603
2024-04-30,AOS,-2.6244561986518114e-05,99793310.82687378
2024-04-30,APP,0.00011805565073621203,264494813.55285645
2024-04-30,BMY,-0.0011899056792398542,576888720.2478409
2024-04-30,BX,-0.00045340470900092234,420568862.93258667
2024-04-30,CAT,-0.0005318668642435818,878413138.9190674
2024-04-30,CBOE,4.887304397484726e-05,129310176.25732422
2024-04-30,CDNS,-0.00041946371421699817,401417032.2967529
2024-04-30,CF,-3.5572873825766727e-06,152640158.64105225
2024-04-30,CHD,0.00015808678674212326,118868186.13739014
2024-04-30,CL,0.0003781197425337685,375801189.7052765
2024-04-30,CME,0.0001247960552803913,378321490.6791687
2024-04-30,CPRT,-5.953689002734285e-05,202081265.4953003
2024-04-30,CRM,-0.0012875310359226726,1237350337.6220703
2024-04-30,CSCO,-0.00016318252987492822,815988423.5807419
2024-04-30,CSGP,-1.3442959873045425e-05,168962476.20811462
2024-04-30,CSX,-0.0003023306612203354,459763049.25613403
2024-04-30,CTAS,7.992143556412703e-06,230974089.01062012
2024-04-30,DASH,-5.4487391523186466e-05,364707681.2698364
2024-04-30,DDOG,0.00020394109941087668,397829940.39611816
2024-04-30,DHR,0.0004876819038652537,658723316.3612366
2024-04-30,DVN,0.00016267390463595762,374302144.66285706
2024-04-30,DXCM,-0.00013385989105851696,358688644.4824219
2024-04-30,EXR,-8.930593156498837e-05,150315273.8960266
2024-04-30,FAST,-0.00011719361643073656,251406026.33132935
2024-04-30,FDS,-4.453515082651063e-05,109945268.11981201
2024-04-30,FFIV,-6.698459438447607e-05,74464420.6413269
2024-04-30,FICO,-0.00010403251610599734,206358128.3569336
2024-04-30,FTNT,-0.00010523881078096289,248955471.17500305
2024-04-30,FTV,-0.00013042211844846202,123113962.63887405
2024-04-30,GILD,-0.0004212036915781656,442697640.8378601
2024-04-30,GRMN,3.8994671756676855e-05,106395072.50061035
2024-04-30,HLT,-0.00010966672247221662,281827012.6449585
2024-04-30,HSY,0.00013294117816676837,292185137.7845764
2024-04-30,IDXX,-0.00013168942648778123,220834724.3560791
2024-04-30,IEX,-6.707013744660598e-05,80280740.78979492
2024-04-30,INTU,0.0001410619254585254,776007663.9282227
2024-04-30,IR,8.762965044870194e-05,192006297.9095459
2024-04-30,ITW,-0.00025323916330512,255166839.33639526
2024-04-30,IVZ,-5.438442857974747e-05,71497912.8490448
2024-04-30,JKHY,-1.4787972705210153e-05,56117002.86178589
2024-04-30,JNJ,-0.0011478209544102738,1247627603.6453247
2024-04-30,KEYS,-1.2643039594335739e-05,161775181.66809082
2024-04-30,KMB,0.00033557131213183145,290270191.58477783
2024-04-30,KO,0.0011372149599293696,765062935.1224899
2024-04-30,KVUE,-0.00022980539615549212,254575820.33176422
2024-04-30,LEN,-0.00024748539729929414,327693318.5415573
2024-04-30,LIN,-4.0947390820871704e-05,717724770.6558228
2024-04-30,LULU,-0.0001022016444250165,684609931.0806274
2024-04-30,MAS,-0.00010922775404955233,137730256.5361023
2024-04-30,MCHP,0.0002666717678929784,454696684.3078613
2024-04-30,MCO,-5.3041486972099997e-05,262003040.21606445
2024-04-30,MDT,-0.0002709698930712656,483948212.2444153
2024-04-30,META,-0.006291784388978955,7455898345.632935
2024-04-30,MKC,5.883707044063288e-05,124387530.25054932
2024-04-30,MNST,-0.00011592734870663783,302632692.86499023
2024-04-30,MPWR,8.709776241023299e-05,289789751.57470703
2024-04-30,MRK,0.0006808481582542651,872684031.7932129
2024-04-30,MRVL,-0.00010144909845899702,789045605.1742554
2024-04-30,MSCI,-0.0003992588260971451,256730089.3798828
2024-04-30,MSI,1.4535617568037056e-05,202187676.7501831
2024-04-30,MTD,-6.0598711161598175e-05,125810216.37573242
2024-04-30,NDSN,-1.3573549327171005e-05,45957527.728271484
2024-04-30,NTAP,3.5800037557517754e-05,140484590.9374237
2024-04-30,NUE,-0.00037076951657360026,219760827.70080566
2024-04-30,NVDA,0.015848276013524926,37616446658.62656
2024-04-30,NVR,-6.495006024814917e-05,157493260.18066406
2024-04-30,NXPI,0.00039476284831639445,494387416.71447754
2024-04-30,ODFL,-0.00021977740904907997,278909821.93984985
2024-04-30,ORCL,-0.0011800193192820913,755714536.7225647
2024-04-30,P,-2.0848066542805514e-06,147297468.8659668
2024-04-30,PANW,0.000233760607746384,987434176.9775391
2024-04-30,PAYX,5.078973479672767e-05,245006452.33268738
2024-04-30,PG,0.0016128228208781258,1105275747.94693
2024-04-30,PH,0.00015215728861964813,292226086.8347168
2024-04-30,PLTR,1.0197771054004483e-05,709582519.5824623
2024-04-30,PTC,-2.1667182915102506e-05,126611680.69458008
2024-04-30,QCOM,0.0003864548072200786,1118357269.8616028
2024-04-30,REGN,-0.00021772179922655444,397882217.32177734
2024-04-30,RMD,-0.0020641286843973636,199126416.58172607
2024-04-30,ROL,1.8252423583896326e-05,73938519.20585632
2024-04-30,SLB,-0.0004998798500561088,494895516.4276123
2024-04-30,SNPS,-0.000153181369509388,507377027.59399414
2024-04-30,SPGI,0.0002380388637818736,482371992.6055908
2024-04-30,SWKS,4.1069564512260636e-05,206558301.27563477
2024-04-30,SYK,-0.00012072819456849203,365192023.2055664
2024-04-30,TECH,-4.468816009971916e-05,62468061.03668213
2024-04-30,TEL,7.545561841711297e-05,286577511.3899231
2024-04-30,TER,0.00010111038374160356,210178444.90242004
2024-04-30,TMO,0.0004434214734998776,719444828.5705566
2024-04-30,TRMB,-2.2146816782665172e-05,61444807.39402771
2024-04-30,TROW,-0.0001089347279079687,181335492.46520996
2024-04-30,TYL,0.00018115714369712813,101770970.9564209
2024-04-30,UNP,0.00013666091071538877,501500898.21777344
2024-04-30,VLTO,0.00016998245976382787,178778758.30917358
2024-04-30,VRSK,-6.910458281244409e-05,202067639.1860962
2024-04-30,VRSN,-8.258684195576655e-05,114883878.00140381
2024-04-30,VRTX,-9.928838237177086e-05,359886491.90216064
2024-04-30,WSM,-3.7103718827273774e-05,218517640.55786133
2024-04-30,WST,-0.00010545725007522462,146284644.94628906
2024-04-30,ZBH,-8.394779790838022e-05,135159974.91531372
2024-04-30,ZTS,-6.36100010312406e-05,653437763.4750366
2024-05-31,A,-0.00019827321554959478,203868275.55465698
2024-05-31,ABBV,-0.0005907266011727259,810170921.4492798
2024-05-31,ACN,-0.0011411377027466755,772182469.7967529
2024-05-31,ADBE,-0.0008994090252850973,1209840863.0645752
2024-05-31,ADI,0.001086374589253163,613995132.3791504
2024-05-31,ADSK,-0.00024160488596512882,319574046.57058716
2024-05-31,AKAM,-0.00011764124506905634,173702753.78227234
2024-05-31,ALGN,-0.00016808859304213043,160573119.69604492
2024-05-31,ALLE,-1.3443292074461323e-05,70134088.02490234
2024-05-31,AMAT,0.0007644170149999612,870099756.3522339
2024-05-31,AME,-0.00014291988729299389,203887347.34268188
2024-05-31,AOS,-8.942401353542588e-06,55718068.785476685
2024-05-31,APP,0.00023671746141351677,401114473.85406494
2024-05-31,BMY,-0.006797091360814629,612931394.4063187
2024-05-31,BX,8.522157969330715e-05,390110608.6784363
2024-05-31,CAT,-9.321520829106908e-05,781486071.4447021
2024-05-31,CBOE,-9.002483581818611e-05,114964438.17749023
2024-05-31,CDNS,0.00010555199664072454,351363561.0534668
2024-05-31,CF,-1.0659111755481057e-05,146323008.63456726
2024-05-31,CHD,-5.384382608991699e-05,100828314.84375
2024-05-31,CL,-4.483566511326916e-05,369130423.43788147
2024-05-31,CME,-0.00028185344054499836,358541202.5970459
2024-05-31,CPRT,-0.00016121448439829992,210848795.56331635
2024-05-31,CRM,-0.002817017571038225,1022706136.1083984
2024-05-31,CSCO,-0.0004137647519813145,847923822.5513458
2024-05-31,CSGP,-0.000451173097908882,135996956.38084412
2024-05-31,CSX,-1.658601826433001e-05,328642403.35292816
2024-05-31,CTAS,1.268022026199695e-05,229535894.430542
2024-05-31,DASH,-0.0006216116908365392,470996133.01467896
2024-05-31,DDOG,-0.0004542957102920144,400904382.22961426
2024-05-31,DHR,0.0002906253405672108,679820209.4604492
2024-05-31,DVN,-0.00014510582669645345,260184048.36597443
2024-05-31,DXCM,-0.0003123061782726857,257881738.67988586
2024-05-31,EXR,0.00012155346609375641,109656769.72427368
2024-05-31,FAST,-6.852283757006355e-05,185030273.7838745
2024-05-31,FDS,-5.75799648204181e-05,86519862.18719482
2024-05-31,FFIV,1.9254215452567695e-06,85865031.76956177
2024-05-31,FICO,0.00024338777506047746,272756548.0041504
2024-05-31,FTNT,-0.0002827725825695665,282237563.3073807
2024-05-31,FTV,-4.4264698285818947e-05,96409447.30528831
2024-05-31,GILD,-0.00019997606860196367,391396940.448761
2024-05-31,GRMN,0.00023205353128530944,97678301.7539978
2024-05-31,HLT,-9.55763322149335e-06,332466595.614624
2024-05-31,HSY,2.074471023301005e-06,325433126.06811523
2024-05-31,IDXX,-3.269447519113795e-05,258621390.5227661
2024-05-31,IEX,-8.927152205883489e-05,89910201.21994019
2024-05-31,INTU,-0.0012561733225427852,679865797.9736328
2024-05-31,IR,-6.140162577905357e-05,292599299.0451813
2024-05-31,ITW,-0.0001334716971538065,233193533.30307007
2024-05-31,IVZ,4.150338384933944e-05,54242236.56544685
2024-05-31,JKHY,-6.264839765264345e-06,65781822.2076416
2024-05-31,JNJ,-0.00013680773665723095,1121390625.1731873
2024-05-31,KEYS,-0.00016125441920150294,149216573.16513062
2024-05-31,KMB,-0.000144820070990306,213299136.63330078
2024-05-31,KO,-1.3051850334379334e-05,632839197.0357895
2024-05-31,KVUE,1.594490522411479e-05,455319985.7135773
2024-05-31,LEN,0.00011579069631267131,216934249.954216
2024-05-31,LIN,-0.0005038109861564104,651395326.2756348
2024-05-31,LULU,-0.0004918900097206115,705368842.3751831
2024-05-31,MAS,2.2376036114359933e-06,93558636.92817688
2024-05-31,MCHP,7.541503402973791e-05,506889612.5442505
2024-05-31,MCO,0.00026144479781369315,272812554.536438
2024-05-31,MDT,-4.182164461834746e-05,468752995.2079773
2024-05-31,META,0.005431881167145186,5489254744.32373
2024-05-31,MKC,-0.00010479278059710782,103039418.75267029
2024-05-31,MNST,-9.771120754009741e-05,371350956.23340607
2024-05-31,MPWR,0.0001868722825249555,310256672.27783203
2024-05-31,MRK,-0.0011517868729259903,866962365.9751892
2024-05-31,MRVL,0.0001022768741437809,663938968.8270569
2024-05-31,MSCI,0.00011742599040956295,363706359.08813477
2024-05-31,MSI,0.00023258891805287736,219375806.78100586
2024-05-31,MTD,0.0002365321110419389,203995797.6196289
2024-05-31,NDSN,-0.00011860046040541882,73638701.53656006
2024-05-31,NTAP,0.00025128806696935726,217928329.00238037
2024-05-31,NUE,-5.407525851001136e-05,213082918.86444092
2024-05-31,NVDA,0.0038775508647186444,35015821911.44562
2024-05-31,NVR,2.2681574373023625e-05,134998452.4658203
2024-05-31,NXPI,0.00020857036679078778,429507300.4714966
2024-05-31,ODFL,-7.951758880574188e-05,346478645.5444336
2024-05-31,ORCL,0.0002432760287230558,730995626.865387
2024-05-31,P,0.00021637493835657763,166453421.77314758
2024-05-31,PANW,-1.8423501828044447e-05,1159274494.3069458
2024-05-31,PAYX,-2.5281952636943116e-05,173164790.84472656
2024-05-31,PG,-0.00033258179572506416,831889234.3757629
2024-05-31,PH,-0.0002273876038102942,342567665.5029297
2024-05-31,PLTR,-0.00011522883256053157,820043707.5241089
2024-05-31,PTC,-4.035903032138474e-05,115323762.95776367
2024-05-31,QCOM,0.002845077706592536,1780167806.5460205
2024-05-31,REGN,0.0005992812554425214,336261682.3852539
2024-05-31,RL,0.0009074813004278389,147202610.00976562
2024-05-31,RMD,0.002215761385117914,143029859.48181152
2024-05-31,ROL,9.313375496597517e-06,63685260.631370544
2024-05-31,SLB,-0.0002619647522002829,407345989.1736984
2024-05-31,SNPS,0.00022086472997381087,398170403.4423828
2024-05-31,SPGI,7.798029600937506e-05,492141163.46440125
2024-05-31,SWKS,-0.0001863841342770432,185255614.98298645
2024-05-31,SYK,-5.473860327571446e-05,450429632.3501587
2024-05-31,TECH,0.00014677854838913247,80492258.20770264
2024-05-31,TEL,0.00012659031305269075,193793665.10162354
2024-05-31,TER,0.00024929860457648264,299114415.9629822
2024-05-31,TMO,-0.0003343078672763747,769703568.3807373
2024-05-31,TRMB,-0.00010004586739666447,65835200.7604599
2024-05-31,TROW,0.00010061411469077094,117528584.17129517
2024-05-31,TYL,3.071416061480384e-05,93228725.53863525
2024-05-31,UNP,-0.00039855252150031335,476005943.8461304
2024-05-31,VLTO,5.538624128146761e-05,126557506.35528564
2024-05-31,VRSK,0.00032002545489683443,176431682.41577148
2024-05-31,VRSN,1.1423115096788642e-05,122263796.20056152
2024-05-31,VRTX,0.0010329119337274548,482731359.7503662
2024-05-31,WSM,2.0218315821989886e-06,284040804.6951294
2024-05-31,WST,-0.00017723081674345044,169371784.84649658
2024-05-31,ZBH,-0.00011437035550520289,141049729.44641113
2024-05-31,ZTS,0.00024177257785047007,376917057.04956055
2024-07-01,A,-0.00012237702294354367,317054138.3415222
2024-07-01,ABBV,0.0004817777057128554,806045168.347168
2024-07-01,ACN,0.0004438284136352895,985522797.0092773
2024-07-01,ADBE,0.0029748500882441804,1698336276.0864258
2024-07-01,ADI,-0.000542065243279306,601502349.4567871
2024-07-01,ADSK,0.0005538981659911841,669482569.7525024
2024-07-01,AKAM,-6.18931617314102e-05,132678766.68243408
2024-07-01,ALGN,-0.00013711924224939416,226623511.92703247
2024-07-01,ALLE,-5.231906828725519e-05,70045264.12887573
2024-07-01,AMAT,0.0007229890846705226,1095547834.6939087
2024-07-01,AME,-0.00015587516894767766,208268212.6586914
2024-07-01,AOS,-5.49960837928665e-05,59665270.80535889
2024-07-01,APP,-3.5795868317377126e-05,318573185.0151062
2024-07-01,BX,-7.532682683557713e-05,298895494.2367554
2024-07-01,CAT,-0.0006621504356365913,1035211448.9181519
2024-07-01,CBOE,-7.268892502308374e-05,125656321.0647583
2024-07-01,CDNS,0.0001918951672374436,443525886.9812012
2024-07-01,CF,-0.00011604037350663099,148803126.663208
2024-07-01,CHD,-0.0001318887309722334,147994880.58395386
2024-07-01,CL,2.214935609683947e-05,355249330.58891296
2024-07-01,CME,-0.00036483671059957777,404550325.0
2024-07-01,CPRT,-6.788226641716568e-05,203466975.6729126
2024-07-01,CRM,0.0009096104796422859,2427026571.0891724
2024-07-01,CRWD,0.0016391328018814304,1837095294.2840576
2024-07-01,CSCO,-0.0002395282888497264,804515879.2528152
2024-07-01,CSGP,-0.00020458019423754423,220616398.0190277
2024-07-01,CSX,-0.00022577479206277278,341153680.89904785
2024-07-01,CTAS,-8.333725288946431e-06,262104576.50756836
2024-07-01,DASH,-0.0001575192696859841,365690661.4303589
2024-07-01,DDOG,0.0003721938511946684,491323119.84825134
2024-07-01,DHR,-0.0008908517469258456,823044925.970459
2024-07-01,DVN,-0.00016373038769222203,278927276.2796402
2024-07-01,DXCM,-0.00027370290319202054,314387464.30511475
2024-07-01,EXR,7.246907042112545e-05,163445671.1906433
2024-07-01,FAST,-0.00011575694346834995,178760471.14944458
2024-07-01,FDS,-3.221490697843336e-05,133694516.82739258
2024-07-01,FFIV,-1.4379391544066178e-05,76910630.30319214
2024-07-01,FICO,0.0002564899079657251,190782699.81079102
2024-07-01,FTNT,-7.527881938376984e-05,296854051.071167
2024-07-01,FTV,-6.12434801056667e-05,112952943.03154182
2024-07-01,GILD,0.00015616844871463222,451301023.76174927
2024-07-01,GRMN,-0.00010026717458455452,87969229.46929932
2024-07-01,HLT,0.00017133415631467907,338146461.5409851
2024-07-01,HSY,-0.0003138688203309665,258395188.87939453
2024-07-01,IDXX,-0.00017207312405983274,238241465.9790039
2024-07-01,IEX,-8.387659827808667e-05,96333775.45547485
2024-07-01,INTU,0.001139309910130247,888821018.3959961
2024-07-01,IR,-0.00016740176962360374,258655538.14353943
2024-07-01,ITW,-0.0003245786670381546,208768420.7611084
2024-07-01,IVZ,-4.3394374870467714e-05,53784141.409397125
2024-07-01,JKHY,-2.6733187247715085e-05,79430390.00091553
2024-07-01,JNJ,-0.0011403075156366446,883484820.9289551
2024-07-01,KEYS,-9.096320413387094e-05,129832426.13067627
2024-07-01,KMB,-9.46586716523692e-06,258618582.99865723
2024-07-01,KO,-0.0005430427508640312,625311461.0572815
2024-07-01,KVUE,-0.00025383782274088,365065965.1783943
2024-07-01,LEN,-0.00032466517627679657,337694155.4015503
2024-07-01,LIN,-0.0004849280434899364,718157160.4431152
2024-07-01,LULU,-0.00021853807889433237,641264627.7282715
2024-07-01,MAS,-9.342050565901128e-05,100836057.5389862
2024-07-01,MCHP,-0.000361663593985023,466796807.075119
2024-07-01,MCO,0.00010539204544529612,241776993.11523438
2024-07-01,MDT,-0.0006586160326607308,537830519.1398621
2024-07-01,META,0.003476479073177885,5512712502.168274
2024-07-01,MKC,-7.866115416657582e-05,145582956.26869202
2024-07-01,MNST,-0.00014755324786014075,652921082.9660416
2024-07-01,MPWR,0.0001915913481089957,370369493.15185547
2024-07-01,MRK,-0.0012040801179784705,1022433045.2270508
2024-07-01,MRVL,-0.00010004093658973721,731719493.6378479
2024-07-01,MSCI,-0.00018395613259536165,239199096.11206055
2024-07-01,MSI,7.740192039889376e-05,236827076.1795044
2024-07-01,MTD,-9.422285023173846e-05,202049602.95410156
2024-07-01,NDSN,-4.8492798921490076e-05,51742791.12319946
2024-07-01,NTAP,-9.457721183775067e-07,285706891.29104614
2024-07-01,NUE,-0.00030746906398896505,259566072.98583984
2024-07-01,NVDA,0.0016522477412074903,43336665088.10539
2024-07-01,NVR,-8.92007582026285e-05,141759156.54296875
2024-07-01,NXPI,-0.0002538362926506983,450461304.3960571
2024-07-01,ODFL,-4.299121168873819e-05,292245534.32159424
2024-07-01,ORCL,0.004103411309606512,1271560291.369629
2024-07-01,P,3.55689197372713e-05,221280250.9540558
2024-07-01,PANW,0.00035048312707685204,819748799.3408203
2024-07-01,PAYX,-0.00016146446377752165,234874294.2211151
2024-07-01,PG,-0.001074925285725524,931961947.164917
2024-07-01,PH,-0.00042708442810227964,355224222.40600586
2024-07-01,PLTR,0.000430787369347214,897842562.9863739
2024-07-01,PTC,-1.3164368463080547e-05,116505407.49969482
2024-07-01,QCOM,-0.0010157310883463777,2264959130.239868
2024-07-01,REGN,0.0002547196269288791,459588958.5449219
2024-07-01,RL,-8.990395618195513e-05,143400153.7689209
2024-07-01,RMD,-0.002215761385117914,207277197.39761353
2024-07-01,ROL,4.363104262910633e-05,63701912.69760132
2024-07-01,SLB,-5.358765493925378e-05,582009780.0584793
2024-07-01,SNPS,0.00012774682489332095,477871333.9477539
2024-07-01,SPGI,3.114597700304943e-05,435131829.57089233
2024-07-01,SWKS,0.00011465845374090109,254548601.87797546
2024-07-01,SYK,-0.000388080885464959,337534218.65234375
2024-07-01,TECH,-9.53118154067759e-05,65454352.90641785
2024-07-01,TEL,-0.00011625647162275638,237328493.44024658
2024-07-01,TER,1.8726968388793576e-05,251954018.10684204
2024-07-01,TMO,-0.0010235469184136127,800256803.7597656
2024-07-01,TRMB,-3.4169875992443315e-05,69055581.31885529
2024-07-01,TROW,-0.00011374776304853688,102530245.44525146
2024-07-01,TYL,9.975473919914988e-06,108685142.18902588
2024-07-01,UNP,-0.0006772650771860334,491912292.4255371
2024-07-01,VLTO,-0.00012164247341889581,108284522.78137207
2024-07-01,VRSK,6.762922679138606e-05,175515066.14074707
2024-07-01,VRSN,-2.4550522967875738e-05,115626091.81213379
2024-07-01,VRTX,-8.549613568104714e-05,570529419.6228027
2024-07-01,WSM,-5.070332481084221e-05,305584524.3652344
2024-07-01,WST,-7.844349857857847e-05,171491085.0692749
2024-07-01,ZBH,-0.0001649192655528498,180292455.40771484
2024-07-01,ZTS,-9.469377496803145e-05,374431055.16433716
2024-07-31,A,0.00022615628184889484,206781118.91479492
2024-07-31,ABBV,0.0015965259610241402,724908613.1698608
2024-07-31,ACN,0.0011420429505487918,901505408.6608887
2024-07-31,ADBE,-0.0002173540611464901,1258809028.2104492
2024-07-31,ADI,6.617074982753941e-05,733177319.733429
2024-07-31,ADSK,-1.8584967145985135e-05,305117053.51638794
2024-07-31,AKAM,8.158223285808445e-05,118517138.7638092
2024-07-31,ALGN,-5.6805951272504394e-05,189191658.53881836
2024-07-31,ALLE,0.00011023534500659315,83751529.50057983
2024-07-31,AMAT,-0.0014572762692876377,1271561273.0163574
2024-07-31,AME,9.493224562900481e-05,151564162.4862671
2024-07-31,AOS,2.981381332784242e-05,91356013.16871643
2024-07-31,APP,-0.00015580014229582486,196837565.76271057
2024-07-31,BX,0.0008891367089871819,488793923.9593506
2024-07-31,CAT,0.0003953564302112446,907135645.1812744
2024-07-31,CBOE,9.250104795904628e-05,122556676.69372559
2024-07-31,CDNS,-0.0007919506212967905,552030910.6430054
2024-07-31,CF,2.4671723530778024e-05,124468143.92204285
2024-07-31,CHD,-0.0001075912850348219,141344662.79067993
2024-07-31,CL,9.382292850376034e-05,346350333.5254669
2024-07-31,CME,-9.878232383931079e-05,392174199.23706055
2024-07-31,CPRT,-0.00014161051548450005,222441575.16880035
2024-07-31,CRM,2.2765135378549628e-05,1330301898.6175537
2024-07-31,CRWD,-0.0006521389029918371,1871822935.2752686
2024-07-31,CSCO,0.00019538882151321282,876956698.2400894
2024-07-31,CSGP,9.939954180840111e-05,183189467.5655365
2024-07-31,CSX,0.00020141202590608955,359350045.5516815
2024-07-31,CTAS,0.00010013299430547667,263796364.6118164
2024-07-31,DASH,3.740817164105516e-05,397481471.2272644
2024-07-31,DDOG,-0.00034108274945575173,401206393.3280945
2024-07-31,DHR,0.0013376785961240444,716432743.8583374
2024-07-31,DVN,-2.787590820755746e-05,262716225.91552734
2024-07-31,DXCM,-0.00124283936144031,264082578.93676758
2024-07-31,EXR,4.996547474073101e-05,133125261.75613403
2024-07-31,FAST,0.00015137151267402473,218773002.62794495
2024-07-31,FDS,7.048529061464727e-06,95245043.8156128
2024-07-31,FFIV,0.00012613564097728024,68770312.94403076
2024-07-31,FICO,0.00017899298547133756,251647713.14086914
2024-07-31,FTNT,-0.00013555615037504814,256877957.67726898
2024-07-31,FTV,-4.88002180799058e-05,102916774.29344368
2024-07-31,GILD,0.000616786143731788,434609972.95532227
2024-07-31,GRMN,0.00010001667299068366,122064986.6645813
2024-07-31,HLT,-8.301597291131887e-05,333103391.61987305
2024-07-31,HSY,0.00018097414453419882,311913114.49432373
2024-07-31,IDXX,-7.926696672624044e-05,265109561.819458
2024-07-31,IEX,3.2939267673671915e-05,89602312.9699707
2024-07-31,INTU,-0.0002614805403643849,761170066.4031982
2024-07-31,IR,0.0002557926468540247,215195654.9358368
2024-07-31,ITW,0.00018948557688788,226006465.914917
2024-07-31,IVZ,6.973065953733512e-05,64315030.44910431
2024-07-31,JKHY,2.3382015320358223e-05,53714537.689208984
2024-07-31,JNJ,0.0019522158551992658,989291816.6641235
2024-07-31,KEYS,2.6188724812315108e-05,145000500.47683716
2024-07-31,KMB,-9.14245527517091e-05,311200305.98373413
2024-07-31,KO,0.0008342463614744895,756748674.1264343
2024-07-31,KVUE,2.8565775806552608e-05,246432957.53173828
2024-07-31,LEN,0.0005032327776663395,351360995.4308624
2024-07-31,LIN,0.0004251164069590252,651978565.1473999
2024-07-31,LULU,-0.00035216250109349053,526590586.55700684
2024-07-31,MAS,0.00016684111545196378,149106294.70863342
2024-07-31,MCHP,-0.000120179252374817,527469059.8590851
2024-07-31,MCO,0.0004282480106737223,365438839.6331787
2024-07-31,MDT,0.00010922519611054025,479098795.614624
2024-07-31,META,-0.005889174174970438,7058634378.863525
2024-07-31,MKC,0.00010731135530780435,132136312.68310547
2024-07-31,MNST,4.492844757505326e-05,278685113.39416504
2024-07-31,MPWR,0.0001243080091055575,472081648.9501953
2024-07-31,MRK,-0.0020154173723824775,873885869.6136475
2024-07-31,MRVL,-0.00019897984264743897,668825143.3210373
2024-07-31,MSCI,0.00031191803698792184,250306187.31689453
2024-07-31,MSI,0.00012564166785266045,213363300.99945068
2024-07-31,MTD,0.00017447526218691226,172308778.34472656
2024-07-31,NDSN,6.833535123582795e-05,51979385.84365845
2024-07-31,NTAP,-3.602790259285538e-05,201547415.3274536
2024-07-31,NUE,7.034318248128621e-05,226633534.3170166
2024-07-31,NVDA,-0.0012351534331203513,32914065368.854523
2024-07-31,NVR,0.000218425258254737,161623871.19140625
2024-07-31,NXPI,-0.00013434979702434818,596158612.7960205
2024-07-31,ODFL,0.0002484837827752913,301147484.99679565
2024-07-31,ORCL,-0.0004810219990993986,930326042.7993774
2024-07-31,P,-0.00010735305172853457,160019524.89089966
2024-07-31,PANW,-0.0001731512743340189,763696872.7294922
2024-07-31,PAYX,0.00021881951959744524,217363091.3887024
2024-07-31,PG,-0.0008737203847346726,995300993.2342529
2024-07-31,PH,0.0004776375946002054,331704160.836792
2024-07-31,PLTR,0.00021910926349963215,1250183376.4595032
2024-07-31,PTC,-3.971955530812036e-05,167785936.40823364
2024-07-31,QCOM,-0.0015009685479616727,1470400026.2023926
2024-07-31,REGN,0.0001793703285452395,416795929.3640137
2024-07-31,RL,-1.8536381038817022e-06,116955677.0576477
2024-07-31,ROL,-3.851516943974265e-05,71421564.23091888
2024-07-31,SLB,8.571867354733274e-05,406369968.31588745
2024-07-31,SNPS,-0.00042380506885925616,422715465.713501
2024-07-31,SPGI,0.0007548775452342442,529528234.7245178
2024-07-31,SWKS,7.214098922895054e-05,326244576.5369415
2024-07-31,SYK,-0.00039150162267637123,421309116.46881104
2024-07-31,TECH,0.00010527869770380065,66011588.7802124
2024-07-31,TEL,6.868816744339023e-05,249906798.69308472
2024-07-31,TER,-0.0001911255296985013,310292982.4241638
2024-07-31,TMO,0.0015559868625454124,862306120.6665039
2024-07-31,TRMB,-2.8874048552769466e-05,49189200.04043579
2024-07-31,TROW,-2.6884538693294205e-05,104893333.09631348
2024-07-31,TYL,0.00018722071336673037,103660169.26879883
2024-07-31,UNP,0.0008207411711256881,547991125.289154
2024-07-31,VLTO,0.00018217375839413188,112271588.4010315
2024-07-31,VRSK,-9.240945262451545e-05,191386028.99475098
2024-07-31,VRSN,5.8499188635450844e-05,111349128.2371521
2024-07-31,VRTX,0.0004412832351237475,415340451.81274414
2024-07-31,WSM,5.7120328250134344e-05,201548137.58087158
2024-07-31,WST,-0.00012820142520292765,198350800.94604492
2024-07-31,ZBH,3.287405980007376e-05,140241176.13754272
2024-07-31,ZTS,0.0001844413923785754,329496914.49661255
2024-09-03,A,-9.741172830250288e-05,181301855.79833984
2024-09-03,ABBV,0.00029053203572535977,813679761.1053467
2024-09-03,ACN,-0.0001662864271878249,638331576.361084
2024-09-03,ADBE,-8.053531698552774e-05,880927338.9251709
2024-09-03,ADI,-0.0002385518429899678,777769801.31073
2024-09-03,ADSK,-7.4513810649256065e-06,264925701.65252686
2024-09-03,AKAM,-9.766643244720104e-06,121452342.56591797
2024-09-03,ALGN,-2.677804766437774e-05,148908644.61975098
2024-09-03,ALLE,-2.4963562536919524e-05,68962766.52755737
2024-09-03,AMAT,-0.001374864963665073,1240823130.001831
2024-09-03,AME,-0.0001606916852600047,169584674.08370972
2024-09-03,AOS,-5.281785673057638e-05,53059558.09288025
2024-09-03,APP,0.0002773443666027489,297603372.22366333
2024-09-03,BR,0.0016589334936533045,120903763.95187378
2024-09-03,BX,-0.00030447076163995883,393348877.620697
2024-09-03,CAT,-0.0002016693319922165,703491949.8962402
2024-09-03,CBOE,9.469694230026865e-05,181431994.34814453
2024-09-03,CDNS,-0.0002006699905596444,475037395.7687378
2024-09-03,CF,3.9981565801601015e-05,114702161.70959473
2024-09-03,CHD,-0.0016952849543134573,112566678.1299591
2024-09-03,CL,0.0001503642887651221,333649932.15522766
2024-09-03,CME,0.0003146837518758659,277358960.76278687
2024-09-03,CPRT,-0.00011383137997855817,183890877.60429382
2024-09-03,CRM,-0.001155617751815375,1228690860.4888916
2024-09-03,CRWD,0.00014088453008859257,1447513480.1971436
2024-09-03,CSCO,-3.848381065345123e-05,876021434.5092773
2024-09-03,CSGP,-0.00011756800382047711,126139477.7721405
2024-09-03,CSX,-0.0003199435550901228,315658282.3846817
2024-09-03,CTAS,1.012769947594523e-05,255162680.98754883
2024-09-03,DASH,0.00033826037291545584,373544296.7693329
2024-09-03,DDOG,-0.0001296818445497296,281481953.92456055
2024-09-03,DHR,-0.0010136260665038546,460403484.32922363
2024-09-03,DVN,-0.00018934736855701463,243162695.66173553
2024-09-03,DXCM,-4.128276258436557e-05,296127196.5293884
2024-09-03,EXR,0.00014148599839972206,120593388.35144043
2024-09-03,FAST,-0.0001094181508465358,117141593.29948425
2024-09-03,FDS,-2.356073061374089e-05,79984763.81225586
2024-09-03,FFIV,-3.902665541594748e-05,70416561.00540161
2024-09-03,FICO,9.357872943953046e-05,253427500.0
2024-09-03,FISV,0.00718155546713307,341935709.49020386
2024-09-03,FTNT,0.0008129701786653634,382685947.34306335
2024-09-03,FTV,-1.3406225830911575e-05,142756177.9918232
2024-09-03,GILD,-4.6890091463521605e-05,390176590.4678345
2024-09-03,GRMN,5.3173722906763206e-05,109895317.73986816
2024-09-03,HLT,-8.325879671463839e-05,300027465.4510498
2024-09-03,HSY,-0.0001844978154004269,238750769.2642212
2024-09-03,IDXX,-9.272107886586526e-05,187383821.9696045
2024-09-03,IEX,-5.8813870770454664e-05,96838815.47317505
2024-09-03,INTU,-0.0008784681040122765,774324865.8416748
2024-09-03,IR,-0.00036565600449963527,176847339.34020996
2024-09-03,ITW,-0.00010974099865268712,172563837.74719238
2024-09-03,IVZ,-2.8969304890391796e-05,57108068.76335144
2024-09-03,JKHY,-3.181233490915649e-05,75856220.9854126
2024-09-03,JNJ,0.00012636848469746095,1097351472.592163
2024-09-03,KEYS,9.707992396090228e-05,178483269.2100525
2024-09-03,KMB,-0.0031794073059451667,233602567.38128662
2024-09-03,KO,0.0007695705994168398,878878657.219696
2024-09-03,KVUE,0.0003335833765889117,263023619.2317009
2024-09-03,LEN,-5.531213960667655e-05,233448853.68925476
2024-09-03,LIN,0.000126925626957302,536354912.63275146
2024-09-03,LULU,-8.98109398608472e-05,477218530.79452515
2024-09-03,MAS,-2.7637168229606088e-05,105221026.63536072
2024-09-03,MCHP,-0.0003838240289629419,430352344.39849854
2024-09-03,MCO,0.00012574817404487505,288927496.88720703
2024-09-03,MDT,0.00039936392025380525,454268172.65167236
2024-09-03,META,0.004320501956291203,6202208020.715332
2024-09-03,MKC,-9.500372250654306e-06,99406082.8289032
2024-09-03,MNST,-0.00023267159319304356,283093118.0370331
2024-09-03,MPWR,0.00010210543848565698,442367602.1789551
2024-09-03,MRK,1.853294840215014e-05,944006220.9503174
2024-09-03,MRVL,0.0003569022274429994,698492366.8136597
2024-09-03,MSCI,7.88131568150237e-05,218141478.68347168
2024-09-03,MSI,0.00027464926212642654,268408552.1850586
2024-09-03,MTD,-0.00021852944231024818,114068216.71142578
2024-09-03,NDSN,-2.0180637084585024e-05,61617819.30847168
2024-09-03,NTAP,-0.00016658655514981417,183679554.0008545
2024-09-03,NUE,-0.0003099712808616994,173781238.47732544
2024-09-03,NVDA,-0.0005002761825101225,40376893501.95923
2024-09-03,NVR,3.5951141363249227e-05,158756171.43554688
2024-09-03,NXPI,-0.00033028015086784476,531150076.47094727
2024-09-03,ODFL,-0.0015999334624074322,205846529.63790894
2024-09-03,ORCL,-0.0008432851120881539,641512759.0942383
2024-09-03,P,-0.00025320322471044624,129077286.62834167
2024-09-03,PANW,0.00023710557529605346,1079268118.713379
2024-09-03,PAYX,-6.533775192024086e-05,200270955.53512573
2024-09-03,PG,0.0004223796844594792,935742002.6351929
2024-09-03,PH,0.00013111057463076597,337685156.78100586
2024-09-03,PLTR,0.0004924201736713598,1372206934.7574234
2024-09-03,PTC,-5.5178744388461806e-05,105383293.37310791
2024-09-03,QCOM,-0.00104042667137365,1232724725.4302979
2024-09-03,REGN,0.0004236234037102351,496438980.87768555
2024-09-03,RL,-0.000815723706142002,124317192.68417358
2024-09-03,RMD,0.0024037565950284826,202707644.38476562
2024-09-03,ROL,2.0414923417298204e-06,69766567.39692688
2024-09-03,SLB,-0.0006219360508268011,304349152.5751114
2024-09-03,SNPS,-0.0006545351785084202,500422827.2796631
2024-09-03,SPGI,0.00012268651840899834,489729306.90330505
2024-09-03,SWKS,-9.86746330329817e-05,185781545.2102661
2024-09-03,SYK,0.0004583422008281792,336797537.15057373
2024-09-03,TECH,-0.00011673870955171027,59514713.7676239
2024-09-03,TEL,-0.00016594859249855235,173690766.83807373
2024-09-03,TER,-4.8087496494501804e-06,202564719.3244934
2024-09-03,TMO,-0.0006872288057369058,650681196.3684082
2024-09-03,TRMB,-5.96330043029945e-06,66340797.68028259
2024-09-03,TROW,-0.00020163313524693312,86859318.58520508
2024-09-03,TYL,-1.830421142140384e-05,104175078.78417969
2024-09-03,UNP,-8.163831886916217e-05,440488979.66156006
2024-09-03,VLTO,1.582320336745405e-05,121601862.85095215
2024-09-03,VRSK,-9.444560066984489e-06,143963896.92687988
2024-09-03,VRSN,-7.931482926302916e-05,110489429.19540405
2024-09-03,VRTX,-0.00039003907300722875,506836284.82055664
2024-09-03,WSM,-0.00011770748035743784,236595139.09378052
2024-09-03,WST,-3.26070966097337e-05,117767977.83050537
2024-09-03,ZBH,-1.4271144310088997e-05,126622699.27749634
2024-09-03,ZTS,-0.00014825126251077295,301546455.00335693
2024-09-30,A,2.4594086547416114e-05,197679980.6098938
2024-09-30,ABBV,-0.0005385279796772981,832158016.7640686
2024-09-30,ACN,5.521774614023443e-05,753373861.3922119
2024-09-30,ADBE,-0.0021763335065801952,1565434974.2462158
2024-09-30,ADI,-0.0003756516698740107,565787080.4328918
2024-09-30,ADSK,0.00013010014555310317,377128586.3044739
2024-09-30,AKAM,-3.851102069889092e-05,129295212.33024597
2024-09-30,ALGN,4.8813566888012425e-05,145019608.53424072
2024-09-30,ALLE,1.5661482698364174e-05,80364271.47521973
2024-09-30,AMAT,-5.899418618668384e-05,1162108613.3392334
2024-09-30,AME,-6.649106723019592e-05,185062733.70361328
2024-09-30,ANET,0.0019429706973665437,518387549.96032715
2024-09-30,AOS,3.5388237558402224e-05,68122783.27178955
2024-09-30,APP,0.0007694775412432769,584050086.6821289
2024-09-30,BR,-3.1613169133118315e-05,120629780.14984131
2024-09-30,BX,0.00030438724362724656,480262091.51916504
2024-09-30,CAT,0.0007902543296481272,881046690.8996582
2024-09-30,CBOE,-4.554147758108326e-05,130496580.99365234
2024-09-30,CDNS,-0.0001042959868668052,444327222.89276123
2024-09-30,CF,2.835463048197085e-06,117856349.45831299
2024-09-30,CL,-0.0003124544643009902,443860819.95658875
2024-09-30,CME,-3.551005138275991e-05,461528615.17715454
2024-09-30,CPRT,-0.00011370146664947548,218207918.41506958
2024-09-30,CRM,0.0008355120687657605,1384443951.5029907
2024-09-30,CRWD,-2.005832211972769e-05,919794836.7248535
2024-09-30,CSCO,0.00010565304291513394,826398020.0860977
2024-09-30,CSGP,-0.00011022652234290086,147320480.63659668
2024-09-30,CSX,-9.674177734198507e-05,329313888.5669708
2024-09-30,CTAS,-9.205470668161974e-06,284954526.44958496
2024-09-30,DASH,0.0002594600082147327,367636547.37854004
2024-09-30,DDOG,-0.00010601064804051765,298045193.9453125
2024-09-30,DHR,3.256910656169662e-05,648348034.8220825
2024-09-30,DVN,-0.00029123549995021137,310817153.4416199
2024-09-30,DXCM,-0.00010915973905412904,273289311.7980957
2024-09-30,EXR,-2.860771136850397e-05,165426947.39990234
2024-09-30,FAST,2.0474207287484846e-05,152773513.9602661
2024-09-30,FDS,6.017138366150028e-05,164301575.9048462
2024-09-30,FFIV,4.220494456263731e-05,136446992.55599976
2024-09-30,FICO,0.00025966790681601366,240542471.27685547
2024-09-30,FISV,-6.247415777769008e-06,376996271.1608887
2024-09-30,FTNT,-7.143004320547645e-05,317919936.4906311
2024-09-30,FTV,3.961457096924529e-05,186406147.01781464
2024-09-30,GILD,0.00020073529830079255,573640411.6859436
2024-09-30,GRMN,-0.00015826156525192842,133995172.71270752
2024-09-30,HLT,7.085870652654693e-05,348302073.1933594
2024-09-30,HSY,-9.327132842501659e-05,207151931.02264404
2024-09-30,IDXX,5.13535075826136e-05,180237033.55407715
2024-09-30,IEX,9.169595486493293e-06,108492817.69180298
2024-09-30,INTU,-0.0005163196103056718,726194596.3897705
2024-09-30,IR,0.00010418343850666055,220296026.06887817
2024-09-30,ITW,2.601677530549972e-05,208045500.50048828
2024-09-30,IVZ,-1.1545643048460792e-06,55001851.43547058
2024-09-30,JKHY,-7.81181792191719e-06,74685168.11904907
2024-09-30,JNJ,-0.001452145120448757,974873996.3439941
2024-09-30,KEYS,2.4874256551554556e-06,127079155.33599854
2024-09-30,KO,-0.0007796995509217856,905301421.3153839
2024-09-30,KVUE,6.525788759425329e-05,321968668.285656
2024-09-30,LEN,-1.57741852530556e-07,308515444.2272186
2024-09-30,LIN,-0.0004996495840419637,685462702.2598267
2024-09-30,LULU,3.253633973849179e-05,520813898.8143921
2024-09-30,MAS,2.8720114287548266e-05,110464256.47125244
2024-09-30,MCHP,-0.00015034280464011705,451197070.7759857
2024-09-30,MCO,-0.00033044991648280286,348262212.21313477
2024-09-30,MDT,-0.00010131316390532118,566862009.2849731
2024-09-30,META,0.006066820564916073,6280852224.688721
2024-09-30,MKC,-2.036810369562868e-06,139451072.8225708
2024-09-30,MNST,0.00012275004930650075,287628150.04844666
2024-09-30,MPWR,-0.00011851318891258067,421462769.8730469
2024-09-30,MRK,-0.0013910754938457476,1071000687.789917
2024-09-30,MRVL,-0.00035884098343413103,819251625.9994507
2024-09-30,MSCI,-7.679461982218081e-05,230215572.47009277
2024-09-30,MSI,-6.02615658307137e-05,312572769.9996948
2024-09-30,MTD,2.471948905090381e-05,123297718.15185547
2024-09-30,NDSN,-5.8423747841153525e-06,39639650.92468262
2024-09-30,NTAP,-1.0817421789435398e-05,184364324.50408936
2024-09-30,NUE,-9.905473112287785e-05,210498442.37670898
2024-09-30,NVDA,-0.00023800407029884313,34879010430.654526
2024-09-30,NVR,7.579342011407916e-05,180657789.55078125
2024-09-30,NXPI,-0.00040669496834892967,591589687.5404358
2024-09-30,ORCL,0.004448047868458614,1714227550.8911133
2024-09-30,P,-5.56295263669424e-05,148967323.8960266
2024-09-30,PANW,-0.00013105856536797886,812833290.222168
2024-09-30,PAYX,-2.1536571278468492e-05,197008608.7539673
2024-09-30,PG,-0.0005538620972783508,1113096648.5183716
2024-09-30,PH,0.00011589991782851635,333724798.2788086
2024-09-30,PLTR,0.0006821766742875143,2050392195.1814651
2024-09-30,PTC,-2.905775009994665e-05,129265881.18209839
2024-09-30,QCOM,-0.0007568971088999267,1242576727.5138855
2024-09-30,REGN,-0.0012444429957061522,646550070.9594727
2024-09-30,RMD,-7.817609119066494e-05,242120344.45495605
2024-09-30,ROL,-3.44157275755509e-05,66567925.1039505
2024-09-30,SLB,-0.0003102542212931221,545381935.6647491
2024-09-30,SNPS,-0.00028283198194936545,560379842.8085327
2024-09-30,SPGI,-0.00022978953819354983,523255590.2897186
2024-09-30,SWKS,-0.00014571663474802275,186470208.15353394
2024-09-30,SYK,-0.0002465210392642442,361123148.6557007
2024-09-30,TECH,3.830827892224904e-05,57283496.66404724
2024-09-30,TEL,-0.000147809982998555,242280172.09625244
2024-09-30,TER,-6.809977872423143e-05,203963639.2730713
2024-09-30,TMO,-0.00037341540780686314,813169842.0318604
2024-09-30,TRMB,5.929832616753802e-05,73283655.20000458
2024-09-30,TROW,-3.9654113219353675e-06,119174121.59500122
2024-09-30,TYL,-6.0129343599199135e-05,110103713.71765137
2024-09-30,UNP,-0.0006818981466771949,585253108.8760376
2024-09-30,VLTO,-6.267767986878315e-05,157638752.81524658
2024-09-30,VRSK,-0.0001207703651290937,191459945.04089355
2024-09-30,VRSN,3.78576595962566e-06,110319257.74383545
2024-09-30,VRTX,-0.0007619837981393913,414537237.7838135
2024-09-30,WSM,6.899322232008101e-05,218196931.55441284
2024-09-30,WST,-0.00010877949077198212,112049934.21020508
2024-09-30,ZBH,-0.00014894676126995209,153123685.12153625
2024-09-30,ZTS,0.00019078776222340374,354802246.2005615
2024-10-31,A,-0.0002492332975719755,193926423.29864502
2024-10-31,ABBV,0.001636561416126163,897542478.0555725
2024-10-31,ACN,-0.014638319177157601,778903758.8989258
2024-10-31,ADBE,-0.000628666124190656,1252923425.012207
2024-10-31,ADI,4.904667880351304e-05,481635733.0192566
2024-10-31,ADSK,0.000266993076375351,350002831.31866455
2024-10-31,AKAM,3.941556360210195e-05,114121438.99726868
2024-10-31,ALGN,-0.0002015651825221451,184996588.1149292
2024-10-31,ALLE,-4.18678246194527e-06,139916166.29333496
2024-10-31,AMAT,-0.0007283846132219041,1078709303.6857605
2024-10-31,AME,0.0002797657263264061,179133465.59829712
2024-10-31,ANET,8.852793819894033e-05,559275869.0856934
2024-10-31,AOS,-0.00011595715721201346,87100058.4438324
2024-10-31,APH,0.0013515361816109203,454554815.8229828
2024-10-31,APP,0.0009997315761746894,540455728.9215088
2024-10-31,BR,2.9838053778776484e-05,89815427.1194458
2024-10-31,BX,0.0009830984406092452,425783160.99853516
2024-10-31,CAT,-1.4440506374275089e-05,847837435.0830078
2024-10-31,CBOE,0.00011576931767661499,150848879.76989746
2024-10-31,CDNS,0.000276870712435073,543346118.2739258
2024-10-31,CF,-4.957746386650497e-06,111639721.24786377
2024-10-31,CL,-0.00034595065338479964,437464465.4109955
2024-10-31,CME,0.0003119449308418825,316493571.9795227
2024-10-31,CPRT,6.558727469127426e-05,201615229.39033508
2024-10-31,CRM,0.0018179157036383072,1049297237.6556396
2024-10-31,CRWD,0.00010989291287358954,942024288.4246826
2024-10-31,CSCO,0.0009503346078523073,807641010.3948593
2024-10-31,CSGP,3.984390922324305e-06,188417722.65663147
2024-10-31,CSX,5.1333322076991574e-05,393273958.9061737
2024-10-31,CTAS,5.153341830456404e-05,231489386.038208
2024-10-31,DASH,0.0005096187200095766,378928054.09698486
2024-10-31,DDOG,0.00034542614935431735,376384773.73695374
2024-10-31,DHR,-0.0010981430746985245,576850904.1107178
2024-10-31,DVN,4.363947556940899e-05,286279257.8048706
2024-10-31,DXCM,0.00015374773650000256,279436889.38941956
2024-10-31,EXR,-0.0001453304413934959,157346075.33035278
2024-10-31,FAST,0.0001811584274263743,195524797.97172546
2024-10-31,FDS,2.6565723583990997e-05,94173422.8729248
2024-10-31,FFIV,8.707407336189992e-05,117939171.2600708
2024-10-31,FICO,0.00020283473927076596,267486672.08862305
2024-10-31,FISV,0.0010330244854594604,466325350.15335083
2024-10-31,FTNT,0.00020413170251927949,276447296.35162354
2024-10-31,FTV,-8.143733891969218e-05,144805704.3315525
2024-10-31,GILD,0.000678517531392084,393782911.61346436
2024-10-31,GRMN,0.00037249205235499825,123559516.83425903
2024-10-31,HLT,0.0002200407692182771,289544731.6986084
2024-10-31,HSY,-9.765649622394757e-05,205340779.6737671
2024-10-31,IDXX,-0.0004449997553339054,265526172.44873047
2024-10-31,IEX,4.1336038714592186e-05,78418207.21969604
2024-10-31,INTU,0.00023229489261861365,703079465.0421143
2024-10-31,IR,4.011239531322543e-05,181608694.3851471
2024-10-31,ITW,0.00017675722302256183,180480099.32556152
2024-10-31,IVZ,1.3034184090037143e-05,61878636.02256775
2024-10-31,JKHY,5.867241551428667e-05,65843012.660217285
2024-10-31,JNJ,0.0006559431987878776,931637763.1088257
2024-10-31,KEYS,-4.8601630913661705e-05,137003295.15457153
2024-10-31,KO,-0.0011359964959116418,882090903.5491943
2024-10-31,KVUE,8.472460233937109e-05,265459345.1725006
2024-10-31,LEN,-0.00018902603543898824,292939267.1799011
2024-10-31,LIN,-0.0001008772749381652,648111227.6611328
2024-10-31,LULU,0.00029852734537064553,532322994.05059814
2024-10-31,MAS,-1.3669154263730486e-05,105829385.82687378
2024-10-31,MCHP,-0.0001425886063211746,343189043.82476807
2024-10-31,MCO,-3.67637022118247e-05,323143722.1069336
2024-10-31,MDT,0.00022568015868263801,392445104.1316986
2024-10-31,META,0.002405869053089066,5617293480.432129
2024-10-31,MKC,-1.8366938739546078e-05,118613033.39424133
2024-10-31,MNST,8.567507159473351e-05,249587616.11881256
2024-10-31,MPWR,-0.00042353859528622287,409634831.07910156
2024-10-31,MRK,-0.0012062872532411298,961185133.1832886
2024-10-31,MRVL,0.0006214462886097952,692534761.0427856
2024-10-31,MSCI,5.2554793009225356e-05,207689966.34521484
2024-10-31,MSI,0.00018331588465526384,293937883.7463379
2024-10-31,MTD,-0.0002209099339573685,142623321.18530273
2024-10-31,NDSN,-1.9233110767426925e-05,49321482.58666992
2024-10-31,NTAP,-5.027638745630503e-05,139774714.44854736
2024-10-31,NUE,-4.941164983346142e-05,263822105.03616333
2024-10-31,NVDA,0.00262497302068819,32576698026.293945
2024-10-31,NVR,-6.357265951891173e-05,144034446.6796875
2024-10-31,NXPI,5.953140459498581e-05,450535911.25717163
2024-10-31,ODFL,0.0014773206737424258,255199007.3486328
2024-10-31,ORCL,0.0006963329490073493,991175601.6662598
2024-10-31,P,3.743210323022732e-05,113135885.17875671
2024-10-31,PANW,0.00034146638914780633,768956027.0080566
2024-10-31,PAYX,0.00024521229367990664,183294822.29614258
2024-10-31,PG,-0.00026686685107223454,1036905023.7045288
2024-10-31,PH,0.00022504557321463559,319366206.6192627
2024-10-31,PLTR,0.0008502064526567776,1747943283.8230133
2024-10-31,PTC,9.094670430039248e-05,108992724.00054932
2024-10-31,QCOM,-7.350684863013934e-05,1113171209.023285
2024-10-31,REGN,-0.001333029219001085,593243201.6693115
2024-10-31,RMD,7.315220557531973e-05,197774743.46923828
2024-10-31,ROL,-5.1053488554494725e-05,66795553.38630676
2024-10-31,SLB,-3.131752488872699e-05,484498592.08374023
2024-10-31,SNPS,0.00026604402225703996,470584856.942749
2024-10-31,SPGI,-0.00034260177397508335,521883797.91093445
2024-10-31,SWKS,-8.088964178277743e-05,156086415.64826965
2024-10-31,SYK,0.00021716664254028267,329993855.0918579
2024-10-31,TECH,-3.429469006902431e-05,59953457.78961182
2024-10-31,TEL,4.320895199859051e-05,196790987.12768555
2024-10-31,TER,-0.00023402743509613527,251209206.18286133
2024-10-31,TMO,-0.0012890347232144186,750054039.6881104
2024-10-31,TRMB,1.1792404390407497e-05,53923229.46681976
2024-10-31,TROW,7.517614524777706e-05,119042852.63214111
2024-10-31,TYL,0.00012527961700656135,134821324.09057617
2024-10-31,UNP,-0.0002167202150561362,498559218.15719604
2024-10-31,VLTO,-9.169098019056235e-05,125431237.35847473
2024-10-31,VRSK,0.000161052370150001,152037218.03588867
2024-10-31,VRSN,-4.149231311657885e-05,99458206.46514893
2024-10-31,VRTX,0.0004881879750753054,468042679.1290283
2024-10-31,WSM,-6.502034724777833e-05,206530462.65029907
2024-10-31,WST,9.350450333407093e-05,237680885.13946533
2024-10-31,ZBH,4.193457453118086e-05,145835611.48490906
2024-10-31,ZTS,-0.00028896952297253944,317006689.5309448
2024-12-02,A,1.0358192774919967e-05,259455439.17694092
2024-12-02,ABBV,-0.003629555633889319,1227769181.2812805
2024-12-02,ADBE,0.00034241346881569434,1231431109.7442627
2024-12-02,ADI,-0.0005453919179943412,701736152.3246765
2024-12-02,ADSK,-0.00010076794238185385,481311102.6855469
2024-12-02,AKAM,-0.00012141231810511538,221358566.14990234
2024-12-02,ALGN,7.940250645460537e-05,168147467.31643677
2024-12-02,ALLE,-3.578104537775009e-05,110180355.64727783
2024-12-02,AMAT,-0.0008921220829434442,1092669705.5770874
2024-12-02,AME,1.539356416609041e-05,219943853.37905884
2024-12-02,ANET,-8.422452040866661e-06,964115926.5609741
2024-12-02,AOS,-4.537206009565134e-05,68247224.76959229
2024-12-02,APH,3.77868228679109e-05,378356985.5998993
2024-12-02,APP,0.003432232111321467,1800179078.529358
2024-12-02,BR,0.00010182992520958072,117429863.45367432
2024-12-02,BX,0.0006520647534390064,506334361.01226807
2024-12-02,CAT,0.00029975244530934357,723510306.0806274
2024-12-02,CBOE,-6.310803794581888e-05,194700365.51132202
2024-12-02,CDNS,0.000271300501476752,456982170.15686035
2024-12-02,CF,3.5413158760412566e-05,161644913.8607025
2024-12-02,CL,-0.0001148426378853205,415785986.7099762
2024-12-02,CME,8.102131400669274e-06,445561682.68966675
2024-12-02,CPRT,0.0005604690737792744,221728767.50621796
2024-12-02,CRM,0.0014097315632041509,1969626909.5733643
2024-12-02,CRWD,0.00012802775565560033,1155427643.9605713
2024-12-02,CSCO,0.0003720271333374145,985727995.7302094
2024-12-02,CSGP,0.00011939930087533166,194566063.09661865
2024-12-02,CSX,0.00013452986241594897,379165306.75315857
2024-12-02,CTAS,5.6635905479976564e-05,292809841.3734436
2024-12-02,DASH,0.00038234942103902107,495504252.0187378
2024-12-02,DDOG,0.0004579385646636962,731687479.410553
2024-12-02,DHR,-0.0009141089209047746,614317283.6639404
2024-12-02,DVN,-0.00011639396433300907,308374145.8890915
2024-12-02,DXCM,9.026073749934956e-05,299889776.91192627
2024-12-02,EMR,0.004828520045386494,393559166.8243408
2024-12-02,EXR,-1.6777530440146605e-05,129040492.0387268
2024-12-02,FAST,2.040931589206347e-05,187291434.97123718
2024-12-02,FDS,2.8730010944824722e-05,123053172.22442627
2024-12-02,FFIV,-3.735011039268177e-06,107379794.16275024
2024-12-02,FICO,0.00037491399979841435,288057583.45947266
2024-12-02,FISV,0.0004826156381490549,487181138.3773804
2024-12-02,FTNT,0.0005881115452988691,491428550.4421234
2024-12-02,FTV,6.760270411459946e-05,243464870.93794632
2024-12-02,GILD,-8.614872197956324e-05,703046747.6699829
2024-12-02,GRMN,4.207610882117326e-05,188812501.91955566
2024-12-02,HLT,9.365717855526479e-05,321632828.77197266
2024-12-02,HSY,-0.00014530595121080335,334500506.99005127
2024-12-02,IDXX,-3.900664485488462e-05,278266536.8331909
2024-12-02,IEX,2.0781541998385073e-05,138058341.4604187
2024-12-02,INTU,-3.3019689802051e-05,1153471471.258545
2024-12-02,IR,7.562417991859634e-05,202851781.10961914
2024-12-02,ITW,4.114530192503123e-05,223212688.48876953
2024-12-02,IVZ,-5.609523592850886e-06,52885778.09486389
2024-12-02,JKHY,-7.307380015896447e-05,107067363.09280396
2024-12-02,JNJ,-0.0022181957842115664,1167152612.2055054
2024-12-02,KEYS,0.00015667384776864236,203724061.85073853
2024-12-02,KO,-0.0013275286565412082,971464363.6318207
2024-12-02,KVUE,-1.2253390124860198e-05,330012811.5287781
2024-12-02,LEN,-9.099424488354015e-05,285444844.90421295
2024-12-02,LIN,-0.0006297245479573981,858129393.9880371
2024-12-02,LULU,5.040986754521531e-05,554196412.0559692
2024-12-02,MAS,-5.222225259731762e-05,115963556.29882812
2024-12-02,MCHP,-0.0003153167079638316,508087441.41845703
2024-12-02,MCO,0.00024893470574864195,340270969.1619873
2024-12-02,MDT,-0.0006344583912136648,616178554.9861908
2024-12-02,META,-0.0035754071743529237,6260254161.282349
2024-12-02,MKC,-7.057064769525664e-05,124806489.7769928
2024-12-02,MNST,-1.404246077547867e-05,340733049.1630554
2024-12-02,MPWR,-0.0007148301927916651,721025958.0688477
2024-12-02,MRK,-0.0010180199659641544,1012843946.8723297
2024-12-02,MRVL,0.00045391224494036736,808550591.8972015
2024-12-02,MSCI,3.6806052291425435e-05,292392165.2709961
2024-12-02,MSI,0.0002743743041409494,333342133.26568604
2024-12-02,MTD,-0.000152563505638604,213595886.46240234
2024-12-02,NDSN,-1.512614621071765e-06,53812413.133239746
2024-12-02,NTAP,1.3722094094347414e-05,211722997.55439758
2024-12-02,NUE,8.182376717776789e-05,264287579.3762207
2024-12-02,NVDA,-0.0002751129970391189,30046287553.199005
2024-12-02,NVR,-8.493009706676043e-05,186546035.40039062
2024-12-02,NXPI,-0.0002990379413847287,587288262.1360779
2024-12-02,ODFL,-0.0014773206737424258,272535593.674469
2024-12-02,ORCL,0.001380956653236648,1384479559.9624634
2024-12-02,P,4.4849883406223624e-06,118531081.82258606
2024-12-02,PANW,8.14277401418248e-05,885254896.11969
2024-12-02,PAYX,-1.5098708066523664e-05,198439869.83795166
2024-12-02,PG,0.0008009927080070214,1102339418.9224243
2024-12-02,PH,0.0002849469836189158,388889267.779541
2024-12-02,PLTR,0.003267307977469874,4354271255.375671
2024-12-02,PTC,5.182992408227986e-05,153510753.18145752
2024-12-02,QCOM,-0.0009431255300792821,1351941293.2502747
2024-12-02,REGN,-0.0009706700543903211,630080930.3588867
2024-12-02,RMD,-6.257368037539818e-05,189668287.43362427
2024-12-02,ROL,1.9161712220868614e-05,76464885.8581543
2024-12-02,SLB,0.0001536259095314507,437774912.21408844
2024-12-02,SNPS,0.00016388210392489534,423951800.4180908
2024-12-02,SPGI,0.0003028748048661146,643338145.9340515
2024-12-02,SWKS,-4.629934907221891e-05,209170738.28735352
2024-12-02,SYK,0.00040296333206955685,458630992.79174805
2024-12-02,TECH,-2.4360827874037624e-05,72315850.8178711
2024-12-02,TEL,-0.000165019326253177,194541512.61901855
2024-12-02,TER,-1.9510924579581876e-05,214724637.12539673
2024-12-02,TMO,-0.0011516180192763723,936409290.234375
2024-12-02,TRMB,0.00014437652403710005,86605467.1749115
2024-12-02,TROW,0.00011470893956199487,154936643.40820312
2024-12-02,TYL,-2.5778374590213838e-05,163125866.6442871
2024-12-02,UNP,-2.450775577355138e-06,590453828.0212402
2024-12-02,VLTO,6.74096805796786e-06,127395032.71865845
2024-12-02,VRSK,4.129093841287717e-05,149032699.56359863
2024-12-02,VRSN,4.517546939054266e-06,109100134.74197388
2024-12-02,VRTX,-0.0005562687276708033,635429759.2132568
2024-12-02,WSM,0.00012526822393107387,300943027.8076172
2024-12-02,WST,4.510887604343428e-06,179151490.9500122
2024-12-02,ZBH,-8.698028054388582e-06,159240548.78692627
2024-12-02,ZTS,-0.00038866176110972754,458306483.20236206
2024-12-31,A,-0.0003077444160501522,211271333.05282593
2024-12-31,ABBV,-0.0020770674004077262,906279836.2915039
2024-12-31,ADBE,-0.0030239084867182825,1731692824.3896484
2024-12-31,ADI,-0.0006741265537318917,576484801.8386841
2024-12-31,ADSK,-0.00024795043429749666,374760914.2959595
2024-12-31,AKAM,-5.243290055428136e-05,140437499.08790588
2024-12-31,ALGN,-0.00019009014486323064,128169999.23095703
2024-12-31,ALLE,-0.00011067015410470989,93106721.27990723
2024-12-31,AMAT,-0.0014253868216404075,1106671380.039978
2024-12-31,AME,-0.0004043749861184949,173844459.35668945
2024-12-31,ANET,1.8303957308407354e-05,655287346.9207764
2024-12-31,AOS,-0.00010911294657029325,65797215.1966095
2024-12-31,APH,-0.00015921066225677407,385720297.10502625
2024-12-31,APP,-0.0007991791472025892,2149940211.3220215
2024-12-31,AVGO,0.06425972654478243,7030836053.684998
2024-12-31,BR,-0.00019835658107746176,87075794.65942383
2024-12-31,BX,-0.0014422562807768439,549375487.3069763
2024-12-31,CAT,-0.0022363677669747263,650875060.6872559
2024-12-31,CBOE,-0.00023500003094209933,148674541.59469604
2024-12-31,CDNS,-0.0004949377490033333,490234337.46795654
2024-12-31,CF,-0.00012783168639035993,122845483.89205933
2024-12-31,CL,-0.0006519962220370148,381680833.04138184
2024-12-31,CME,-0.0005259430477388529,468714867.61169434
2024-12-31,CPRT,-0.0006294451131547371,206678511.14959717
2024-12-31,CRM,-0.001260878631632975,2090927729.5715332
2024-12-31,CRWD,-0.00011304145585429499,1174144320.7748413
2024-12-31,CSCO,-0.0011205502122052687,989810610.7902527
2024-12-31,CSGP,-0.0003918002057283381,171751065.28625488
2024-12-31,CSX,-0.0008329690399273932,361328633.9916229
2024-12-31,CTAS,-0.00036581165287840104,338645009.72442627
2024-12-31,DASH,-0.0006301197487686106,415761804.36782837
2024-12-31,DDOG,-0.0004564729176158057,664472124.7169495
2024-12-31,DE,0.006811710099329355,491834337.1582031
2024-12-31,DHR,-0.0012783955035015702,722184810.5224609
2024-12-31,DVN,-0.00031304999989249555,382595112.54434586
2024-12-31,DXCM,-0.0001466754565445118,231330139.3875122
2024-12-31,EMR,-0.000648754792336571,348946110.2958679
2024-12-31,EXR,-0.000437169589669238,138914413.86108398
2024-12-31,FAST,-0.00030970132040914074,191638963.84391785
2024-12-31,FDS,-0.00011108964683986984,101590511.90185547
2024-12-31,FFIV,-6.469656197013443e-05,121747192.4621582
2024-12-31,FICO,-0.0008271983584732345,339916436.85302734
2024-12-31,FISV,-0.0012075103856823474,658297260.6742859
2024-12-31,FTNT,-0.00036656283467431487,344603122.7657318
2024-12-31,FTV,-0.00016649611223951664,159881463.52023697
2024-12-31,GILD,-0.0005591436065265562,584220991.92276
2024-12-31,GRMN,-0.0002640750241757685,153913307.24258423
2024-12-31,HLT,-0.0003969422026900379,301036948.97384644
2024-12-31,HSY,-0.0022990186252749645,352215836.0595703
2024-12-31,IDXX,-0.00020585601402588584,230208695.78857422
2024-12-31,IEX,-0.00017830444276290176,96484884.7076416
2024-12-31,INTU,-0.001066984633369598,995847436.5875244
2024-12-31,IR,-0.0005251129546917817,162171504.62646484
2024-12-31,ITW,-0.0008156416336247392,198509906.52923584
2024-12-31,IVZ,-5.4541961713486806e-05,49476464.564323425
2024-12-31,JKHY,-6.443631524516154e-05,97573929.41436768
2024-12-31,JNJ,-0.0034440490215088375,1257168362.3153687
2024-12-31,KEYS,-0.0002902299832976743,156123775.9918213
2024-12-31,KO,-0.0017775177562466514,1218175009.85775
2024-12-31,KVUE,-0.0005265757840173151,232566524.50437546
2024-12-31,LEN,-0.0008422087490405987,392173607.07312775
2024-12-31,LIN,-0.00230186694143018,983055554.9163818
2024-12-31,LULU,0.0002593105660927482,633942422.9675293
2024-12-31,MAS,-0.00018801310370692543,92023129.54902649
2024-12-31,MCHP,-0.0005158833387518698,529103850.598526
2024-12-31,MCO,-0.0007231871651876753,223358362.93945312
2024-12-31,MDT,-0.0010514257121077356,440162949.9229431
2024-12-31,META,-0.005376021031055042,6784953232.9071045
2024-12-31,MKC,-0.0001343335092203132,121741424.14855957
2024-12-31,MMM,0.0042192656597700206,335716395.2896118
2024-12-31,MNST,-0.0002144807909136711,225577234.52529907
2024-12-31,MPWR,-6.013875942991365e-05,447005982.8613281
2024-12-31,MRK,-0.0015454973186111217,1147150490.5387878
2024-12-31,MRVL,0.0005311052806950094,1768044589.7491455
2024-12-31,MSCI,-0.00027224784170308243,241517174.9572754
2024-12-31,MSI,-0.0007597673251009103,473478345.803833
2024-12-31,MTD,-0.00016197764083063313,136252713.7145996
2024-12-31,NDSN,-0.00024226619453355093,89862448.08959961
2024-12-31,NOW,0.002567450113205009,1349236136.5509033
2024-12-31,NTAP,-0.00019900021316949265,215700178.12042236
2024-12-31,NUE,-0.0007451103165576993,297854579.3495178
2024-12-31,NVDA,-0.002182619206752681,26018534632.196045
2024-12-31,NVR,-0.00033874947788244906,181772504.54101562
2024-12-31,NXPI,-0.000615241253271366,500923484.52453613
2024-12-31,ORCL,-0.005365816295427497,1453283047.5975037
2024-12-31,P,8.29679002032457e-05,205133909.75666046
2024-12-31,PANW,-0.0005268992321717557,745053786.680603
2024-12-31,PAYX,-0.0003771049892042221,294252052.2735596
2024-12-31,PG,-0.0037858971115567984,1007561563.2110596
2024-12-31,PH,-0.0009465914264327174,375474476.26953125
2024-12-31,PLTR,0.00041709262850504747,6191938309.304047
2024-12-31,PTC,-0.00022835544335402793,121528558.23059082
2024-12-31,QCOM,-0.0011548202815954579,1152422728.643036
2024-12-31,REGN,-0.0006568385866545503,610063274.6154785
2024-12-31,RMD,-0.00034905642765196325,140651397.6371765
2024-12-31,ROL,-0.0002287854149082573,63539262.62130737
2024-12-31,SLB,-0.0007684011689650292,414793963.3874893
2024-12-31,SNPS,-0.0009988340016018503,556952969.3908691
2024-12-31,SPGI,-0.0011620689600713545,610875330.1397705
2024-12-31,SWKS,-5.569940002376366e-05,202637957.995224
2024-12-31,SYK,-0.0014376817354115543,382589483.2992554
2024-12-31,TECH,-8.735727134072196e-05,44855646.24786377
2024-12-31,TEL,-0.00036903671249548546,192431760.5331421
2024-12-31,TER,6.462540589461697e-05,288204729.1191101
2024-12-31,TMO,-0.0011842341093361106,1014110808.6486816
2024-12-31,TRMB,-0.00011845359874942517,94155920.62568665
2024-12-31,TROW,-0.0002741460642143802,149490326.121521
2024-12-31,TYL,-0.0002597096048113736,126407640.0756836
2024-12-31,UNP,-0.0013024137178941075,629825677.1987915
2024-12-31,URI,0.0028029214961310667,375502766.9067383
2024-12-31,VLTO,-0.00021804063601443368,109537887.88757324
2024-12-31,VRSK,-0.0003579038331716993,196818873.01940918
2024-12-31,VRSN,2.9153207474403838e-05,113204593.08929443
2024-12-31,VRTX,-0.0015658651859913,563862499.4110107
2024-12-31,WSM,-2.073925076470943e-06,362822676.8280029
2024-12-31,WST,-0.0015286980104423189,126700295.56884766
2024-12-31,YUM,0.0022616018410954123,191054297.0161438
2024-12-31,ZBH,-0.00019104135856775652,136530818.258667
2024-12-31,ZTS,-0.0007126103894662256,379598367.14172363
