symbol,ex_date,weight,price,dividend,impure_ratio,purification_amount,nav_frac,covered
BMY,2020-01-02,0.013406431573084469,49.26997375488281,0.45,0.007668099818270466,0.00345064491822171,9.389255047972582e-07,True
CSCO,2020-01-02,0.02600550073068226,40.10418701171875,0.35,0.025200369913686807,0.008820129469790381,5.719399904661368e-06,True
KDP,2020-01-02,0.005192948448267925,24.429607391357422,0.15,,,,False
NTAP,2020-01-02,0.0019061089551736553,53.078487396240234,0.48,0.014318255776114546,0.006872762772534982,2.468087413591404e-07,True
ORCL,2020-01-08,0.022704873067751333,49.361328125,0.24,0.027641370930997822,0.006633929023439477,3.051427547415994e-06,True
ROP,2020-01-08,0.004673077844717541,350.57672119140625,0.513,,,,False
INTU,2020-01-09,0.008694733285976449,262.4505920410156,0.53,,,,False
ABBV,2020-01-14,0.01746409704360906,68.09008026123047,1.18,0.006228437089732238,0.00734955576588404,1.8850521930710363e-06,True
ABT,2020-01-14,0.019615086095536218,76.03418731689453,0.36,0.0034338413238275884,0.0012361828765779317,3.189069865749189e-07,True
IEX,2020-01-14,0.0017020807877579042,159.03756713867188,0.5,,,,False
ACN,2020-01-15,0.017468027079778573,186.75318908691406,0.8,0.002024944433083938,0.0016199555464671504,1.5152312788916387e-07,True
ZTS,2020-01-16,0.008097783247844452,130.50881958007812,0.2,,,,False
CL,2020-01-22,0.007578877193686402,60.51200866699219,0.43,0.003216675244467319,0.0013831703551209472,1.7323632928958482e-07,True
PG,2020-01-23,0.03987419641832319,105.91583251953125,0.746,0.0032503989125938185,0.0024247975887949887,9.128649894005077e-07,True
PFE,2020-01-30,0.02834681095908863,25.434589385986328,0.360531,0.006207243648293474,0.0022379037597628944,2.4941403165558684e-06,True
TXN,2020-01-30,0.01620410696193087,103.86611938476562,0.9,,,,False
PAYX,2020-01-31,0.003934987303736299,70.16717529296875,0.62,0.021831577236653212,0.013535577886724992,7.590775446013132e-07,True
GEN,2020-02-03,0.002286205943016994,14.861281394958496,12.0,,,,False
INTC,2020-02-06,0.03501972439372779,59.47097396850586,0.33,0.006711595914680748,0.002214826651844647,1.3042096631637039e-06,True
NSC,2020-02-06,0.007127654864099938,186.49166870117188,0.94,,,,False
ROL,2020-02-07,0.001057317197786884,23.729978561401367,0.08,,,,False
SWKS,2020-02-10,0.002457590971728684,99.01130676269531,0.44,,,,False
IVZ,2020-02-12,0.000881169278888028,14.106706619262695,0.31,0.004008204587794734,0.0012425434222163676,7.761493315855781e-08,True
RMD,2020-02-12,0.0029291983885909438,163.1696319580078,0.39,0.0008819918667996624,0.00034397682805186835,6.1750238592280435e-09,True
AMGN,2020-02-13,0.01744746647781598,182.9963836669922,1.6,,,,False
CHD,2020-02-13,0.002386649630516961,70.09212493896484,0.24,,,,False
MMM,2020-02-13,0.009810825903987727,106.57939910888672,1.229097,0.0021364260643979855,0.002625874866473371,2.41716517225881e-07,True
TECH,2020-02-13,0.00025541108011941884,49.96057891845703,0.08,,,,False
CTSH,2020-02-14,0.004542721174243808,61.56076431274414,0.22,0.010976744186046512,0.0024148837209302327,1.7820024710342062e-07,True
ROK,2020-02-14,0.002844318509616406,179.83767700195312,1.02,0.0016580032263846568,0.00169116329091235,2.674749324677693e-08,True
AMAT,2020-02-18,0.006813369960704347,61.54426574707031,0.21,,,,False
MSFT,2020-02-19,0.10000000000000002,177.18043518066406,0.51,,,,False
HSY,2020-02-20,0.004174259255339617,136.74671936035156,0.773,0.0010295121247161333,0.000795812872405571,2.4292569969473968e-08,True
MSCI,2020-02-20,0.00308570397499389,300.38720703125,0.68,0.013716331562974204,0.00932710546282246,9.58119577936099e-08,True
TER,2020-02-20,0.0014856723803814953,66.2088394165039,0.1,0.012711335956458533,0.0012711335956458534,2.8523201606752826e-08,True
GEN,2020-02-21,0.0023163297168980377,17.84550666809082,0.125,,,,False
JNJ,2020-02-24,0.05375967531665676,122.06208038330078,0.95,0.007489488974148392,0.007115014525440972,3.1336584593664933e-06,True
MCO,2020-02-24,0.006501098764393633,252.10877990722656,0.56,0.0033087987034911203,0.0018529272739550276,4.7781212600581066e-08,True
NDSN,2020-02-24,0.001287190844415459,153.26025390625,0.38,0.0008403874532523086,0.0003193472322358773,2.6821098298250656e-09,True
SPGI,2020-02-25,0.009275765777079344,253.21824645996094,0.633869,,,,False
NEM,2020-03-04,0.005205351018901527,42.63813018798828,0.14,0.005852156057494866,0.0008193018480492813,1.0002206219475983e-07,True
QCOM,2020-03-04,0.012941333488804009,71.07273864746094,0.62,0.013018580315576978,0.008071519795657726,1.4697088000959072e-06,True
SPGI,2020-05-26,0.009440313591508804,280.43890380859375,0.633869,,,,False
TER,2020-05-26,0.0014531792039110774,63.3450813293457,0.1,0.037859925150843965,0.0037859925150843968,8.685324059304463e-08,True
JKHY,2020-05-27,0.0017663464936850568,163.30738830566406,0.43,0.0005641817979237337,0.00024259817310720547,2.6239623135743366e-09,True
ADI,2020-05-28,0.005636336724717419,99.81898498535156,0.62,0.0017073759006119946,0.0010585730583794366,5.977294004358024e-08,True
CBOE,2020-05-28,0.0015355335817439741,94.66035461425781,0.36,0.0007611874524257842,0.0002740274828732823,4.445138664305392e-09,True
FDS,2020-05-28,0.001463668906190861,283.7276306152344,0.77,,,,False
UNP,2020-05-28,0.015441898963646557,148.734375,0.97,0.0014741109268472453,0.0014298875990418278,1.4845377764067698e-07,True
EBAY,2020-05-29,0.004426956600427162,41.102352142333984,0.16,0.011111111111111112,0.0017777777777777779,1.9147675637083778e-07,True
MCD,2020-05-29,0.020032112458460365,161.11492919921875,1.25,,,,False
NEM,2020-06-03,0.00634354882730377,47.03615951538086,0.25,0.005852156057494866,0.0014630390143737166,1.9731329087136048e-07,True
QCOM,2020-06-03,0.0124346749743315,73.64545440673828,0.65,0.013018580315576978,0.008462077205125035,1.4287803707787535e-06,True
CME,2020-06-09,0.008783376010687757,149.31085205078125,0.85,,,,False
AME,2020-06-11,0.0028211722392367995,84.59276580810547,0.18,,,,False
GILD,2020-06-11,0.013230265810250373,57.78801727294922,0.68,,,,False
GPN,2020-06-11,0.007235620844112037,165.92922973632812,0.195,0.0063952953362981105,0.0012470825905781316,5.4381116582383564e-08,True
GRMN,2020-06-12,0.002308706325898809,80.35759735107422,0.61,0.014084477589468262,0.00859153132957564,2.468381756499086e-07,True
KO,2020-06-12,0.02703950982146582,37.87833786010742,0.41,0.015107604787205495,0.006194117962754253,4.4216806478618934e-06,True
MRK,2020-06-12,0.026682555105806343,59.94969177246094,0.582061,0.005849701110162255,0.0034048828778821525,1.5154535800239294e-06,True
MSI,2020-06-12,0.003098177491203839,130.12411499023438,0.64,,,,False
NXPI,2020-06-12,0.003689283832485641,95.51773834228516,0.375,,,,False
TMO,2020-06-12,0.018895338242591823,334.078125,0.22,0.008769869234985513,0.001929371231696813,1.091245409092178e-07,True
TROW,2020-06-12,0.003818363739865788,92.17794036865234,0.9,,,,False
VRSK,2020-06-12,0.0037830989831441502,155.85897827148438,0.27,,,,False
ALLE,2020-06-15,0.001262393242503663,94.496826171875,0.32,0.0006306937631394534,0.00020182200420462509,2.6961618142927017e-09,True
ICE,2020-06-15,0.0072341448110605725,86.54800415039062,0.3,,,,False
AMT,2020-06-18,0.015352867264843828,215.88917541503906,1.1,,,,False
DHR,2020-06-25,0.01379357783104772,148.4231414794922,0.159574,0.007760550719944615,0.0012383821205844418,1.1508798422259258e-07,True
MDT,2020-06-25,0.01774628596855768,74.42086029052734,0.58,,,,False
ZBH,2020-06-26,0.003404332325656006,106.64093780517578,0.23301,,,,False
A,2020-06-29,0.003763465910287775,83.71937561035156,0.18,0.006972690296339338,0.0012550842533410808,5.642023447442083e-08,True
ITW,2020-06-29,0.007405505033298991,148.19056701660156,1.07,0.0020554256148557657,0.0021993054078956694,1.0990556008945202e-07,True
MPWR,2020-06-29,0.0012283881748371918,220.27352905273438,0.5,,,,False
CSCO,2020-07-02,0.026586873421268614,38.452213287353516,0.36,0.025200369913686807,0.00907213316892725,6.272711909212494e-06,True
INTU,2020-07-09,0.01033627621650266,295.1044616699219,0.53,,,,False
NTAP,2020-07-09,0.0013033268277790541,36.58753204345703,0.48,0.008869179600886918,0.004257206208425721,1.5165086992581224e-07,True
ABT,2020-07-14,0.021840996158997577,84.76824188232422,0.36,0.0029463390170511535,0.0010606820461384152,2.7329046800081674e-07,True
ORCL,2020-07-14,0.02273647040350785,52.63023376464844,0.24,0.01348930070646053,0.003237432169550527,1.398583579079443e-06,True
ACN,2020-07-15,0.018725892365487964,199.63868713378906,0.8,0.002024944433083938,0.0016199555464671504,1.519500735831319e-07,True
IEX,2020-07-15,0.0016206417269524257,156.04443359375,0.5,,,,False
ZTS,2020-07-16,0.008740643683752134,134.3816375732422,0.2,,,,False
CL,2020-07-17,0.008398492461053253,65.29396057128906,0.44,0.0029949659083667876,0.0013177849996813865,1.695012415892524e-07,True
PG,2020-07-23,0.04013048475820412,108.29935455322266,0.791,0.0032503989125938185,0.0025710655398617104,9.527121088155549e-07,True
AOS,2020-07-30,0.0010536322664497328,43.330780029296875,0.24,,,,False
PFE,2020-07-30,0.023615264095369515,27.10769271850586,0.360531,0.004367149758454107,0.0015744928695652174,1.3716425561248661e-06,True
TXN,2020-07-30,0.01621279434957571,109.18498229980469,0.9,,,,False
PAYX,2020-07-31,0.0033030813475987486,59.94560241699219,0.62,0.021979967624443545,0.013627579927154998,7.508975346878389e-07,True
INTC,2020-08-06,0.026209931739521974,43.59144973754883,0.33,0.006711595914680748,0.002214826651844647,1.3316936167350878e-06,True
NSC,2020-08-06,0.0063453100696485324,173.47335815429688,0.94,,,,False
ROL,2020-08-07,0.0014641204217942074,33.850135803222656,0.053333,,,,False
SWKS,2020-08-10,0.0031697367975708074,123.1290512084961,0.5,,,,False
CHD,2020-08-13,0.0031085050819643512,88.218505859375,0.24,,,,False
EMR,2020-08-13,0.004849758326308424,62.142826080322266,0.5,0.0014696276943174395,0.0007348138471587198,5.734643559561535e-08,True
ETN,2020-08-13,0.004926882022488476,91.80037689208984,0.73,,,,False
HON,2020-08-13,0.01343925302540866,139.36410522460938,0.889624,0.006946525375248576,0.006179795690430139,5.959342098538805e-07,True
IVZ,2020-08-13,0.0005825545487674483,8.40583324432373,0.155,0.004658841991695819,0.0007221205087128519,5.0045554662056576e-08,True
MSCI,2020-08-13,0.004080861069504164,337.4420471191406,0.78,0.010529620052946598,0.008213103641298347,9.93253069548373e-08,True
AMGN,2020-08-14,0.018521630094040724,199.3310546875,1.6,,,,False
ROK,2020-08-14,0.0032306196777083314,209.98141479492188,1.02,0.0016580032263846568,0.00169116329091235,2.6018995115236005e-08,True
TECH,2020-08-17,0.00033401931460676725,63.97875213623047,0.08,,,,False
AMAT,2020-08-19,0.007542689063613184,62.67013168334961,0.22,,,,False
MCO,2020-08-19,0.006898940280365845,267.82025146484375,0.56,0.003520397597846345,0.0019714226547939535,5.078304231436777e-08,True
MSFT,2020-08-19,0.1,199.4248809814453,0.51,,,,False
RMD,2020-08-19,0.0037237786869043464,174.02330017089844,0.39,0.0008819918667996624,0.00034397682805186835,7.36047172896167e-09,True
HSY,2020-08-20,0.00388689816260616,127.62398529052734,0.804,0.0010013458127792613,0.0008050820334745261,2.451946528339318e-08,True
MMM,2020-08-21,0.009262822253274966,109.94197845458984,1.229097,0.0024894199651481204,0.0030597386109036595,2.577888381914946e-07,True
JNJ,2020-08-24,0.05008256486110903,129.0175323486328,1.01,0.00435052827843381,0.004394033561218148,1.70569431011079e-06,True
NDSN,2020-08-24,0.001427618960674735,176.03659057617188,0.39,0.0008403874532523086,0.00032775110676840037,2.657991119194243e-09,True
SPGI,2020-08-25,0.010349279977147883,322.4845275878906,0.633869,,,,False
ADI,2020-08-27,0.005419914265142787,107.64148712158203,0.62,0.0017073759006119946,0.0010585730583794366,5.3300779961597145e-08,True
CBOE,2020-08-27,0.0012434689836625912,85.62821197509766,0.42,0.0007611874524257842,0.00031969873001882934,4.6425756853400825e-09,True
FDS,2020-08-28,0.0016913662862608522,331.19305419921875,0.77,,,,False
UNP,2020-08-28,0.015372695670247401,171.06362915039062,0.97,0.0014741109268472453,0.0014298875990418278,1.28497372655446e-07,True
EBAY,2020-08-31,0.005263931583942936,49.58816909790039,0.16,0.011111111111111112,0.0017777777777777779,1.8871639675183252e-07,True
MCD,2020-08-31,0.019715980523800736,185.71551513671875,1.25,,,,False
QCOM,2020-09-02,0.016462371297338234,108.43221282958984,0.65,0.013018580315576978,0.008462077205125035,1.284727603193353e-06,True
TER,2020-09-02,0.0017069476230044758,86.42052459716797,0.1,0.037859925150843965,0.0037859925150843968,7.477958453110137e-08,True
JKHY,2020-09-08,0.001536319259256426,146.8665313720703,0.43,0.0006699794410002669,0.00028809115963011477,3.013620549395178e-09,True
CME,2020-09-09,0.007605710060789623,131.941650390625,0.85,,,,False
GPN,2020-09-09,0.006401219587153588,160.1854248046875,0.195,0.0063952953362981105,0.0012470825905781316,4.983505531380514e-08,True
NEM,2020-09-09,0.00656254789130521,57.45608901977539,0.25,0.005852156057494866,0.0014630390143737166,1.6710611116205452e-07,True
AME,2020-09-11,0.0027850288390218513,96.1198501586914,0.18,,,,False
GILD,2020-09-14,0.010201408199710466,53.18264389038086,0.68,,,,False
GRMN,2020-09-14,0.002385039824009403,87.93278503417969,0.61,0.014084477589468262,0.00859153132957564,2.33031904565486e-07,True
KO,2020-09-14,0.025794291776490372,42.464012145996094,0.41,0.015107604787205495,0.006194117962754253,3.7625480484502033e-06,True
MRK,2020-09-14,0.025341354625037615,66.60630798339844,0.582061,0.005849701110162255,0.0034048828778821525,1.295438030984041e-06,True
MSI,2020-09-14,0.0031851522110789903,144.97967529296875,0.64,,,,False
NXPI,2020-09-14,0.004340587852473486,113.42924499511719,0.375,,,,False
TMO,2020-09-14,0.020869750267614402,427.05841064453125,0.22,0.008769869234985513,0.001929371231696813,9.428568733317304e-08,True
TROW,2020-09-14,0.0039528357797753945,97.81739807128906,0.9,,,,False
VRSK,2020-09-14,0.0036767790541425995,177.59469604492188,0.27,,,,False
ALLE,2020-09-15,0.0011769699523128641,93.20508575439453,0.32,0.0006306937631394534,0.00020182200420462509,2.5485565808108767e-09,True
ICE,2020-09-15,0.0071044769574120465,93.06525421142578,0.3,,,,False
MDT,2020-09-24,0.01739864316414047,85.2947006225586,0.58,,,,False
AMT,2020-09-25,0.013320849002611705,201.95458984375,1.14,,,,False
DHR,2020-09-25,0.015368099306101776,178.76583862304688,0.159574,0.007760550719944615,0.0012383821205844418,1.0646094105358346e-07,True
ITW,2020-09-29,0.007626594400021448,169.23971557617188,1.14,0.0020554256148557657,0.0023431852009355727,1.0559296363048516e-07,True
MPWR,2020-09-29,0.0014065126947179153,265.4528503417969,0.5,,,,False
ZBH,2020-09-29,0.003412932957194855,123.46002960205078,0.23301,,,,False
CSCO,2020-10-01,0.020602649726869565,32.99818420410156,0.36,0.01866087908967364,0.00671791647228251,4.194378669951188e-06,True
A,2020-10-05,0.003962498143977254,99.0801773071289,0.18,0.006972690296339338,0.0012550842533410808,5.019438963035928e-08,True
ORCL,2020-10-07,0.02260303479482037,55.97513961791992,0.24,0.01348930070646053,0.003237432169550527,1.3072909236798904e-06,True
INTU,2020-10-08,0.010540130739004809,321.6248779296875,0.59,,,,False
NTAP,2020-10-08,0.0011852045300172014,40.467288970947266,0.48,0.008869179600886918,0.004257206208425721,1.2468490506161546e-07,True
ACN,2020-10-09,0.01813919851109406,208.56454467773438,0.88,0.002024944433083938,0.0017819511011138655,1.5497919270080884e-07,True
ABT,2020-10-14,0.0239271623772694,96.64860534667969,0.36,0.0029463390170511535,0.0010606820461384152,2.625915962012389e-07,True
IEX,2020-10-14,0.0017215811752718595,175.10595703125,0.5,,,,False
ZTS,2020-10-20,0.009707594800889452,150.316650390625,0.2,,,,False
CL,2020-10-22,0.008140089647144496,69.22496795654297,0.44,0.0029949659083667876,0.0013177849996813865,1.5495692305416068e-07,True
PG,2020-10-22,0.04505301471134354,122.09894561767578,0.791,0.0021846370683579986,0.001728047921071177,6.376285070774254e-07,True
TXN,2020-10-29,0.016780827091526774,124.7298355102539,1.02,,,,False
PAYX,2020-10-30,0.0035332197473345616,69.07511901855469,0.62,0.021979967624443545,0.013627579927154998,6.970561208019123e-07,True
CLX,2020-11-03,0.002993246505091607,174.9867706298828,1.11,0.00029757476565987203,0.00033030798988245796,5.650102763543773e-09,True
ETN,2020-11-05,0.004909240498560854,100.07463836669922,0.73,,,,False
INTC,2020-11-05,0.02173993691966573,41.295867919921875,0.33,0.006711595914680748,0.002214826651844647,1.165980862600264e-06,True
NSC,2020-11-05,0.0061723228620232246,200.92971801757812,0.94,,,,False
PFE,2020-11-05,0.0218626223606423,25.725183486938477,0.360531,0.004367149758454107,0.0015744928695652174,1.3380873661914147e-06,True
AAPL,2020-11-06,0.09999999999999998,115.22541809082031,0.205,0.013707811959273628,0.0028101014516510934,2.4387860753398866e-06,True
ROL,2020-11-09,0.0014451904072352124,35.250755310058594,0.14,,,,False
IVZ,2020-11-10,0.0006801141123914193,11.535131454467773,0.155,0.004658841991695819,0.0007221205087128519,4.257639808973826e-08,True
RMD,2020-11-10,0.0031826496079633794,201.58897399902344,0.39,0.00034528086281663287,0.00013465953649848683,2.1259799707473864e-09,True
HON,2020-11-12,0.013269063866654053,173.71401977539062,0.919278,0.006946525375248576,0.006385787953907761,4.877754156450419e-07,True
MSCI,2020-11-12,0.0033949449227356067,365.9257507324219,0.78,0.010529620052946598,0.008213103641298347,7.619861256311592e-08,True
AMGN,2020-11-13,0.014682984762259835,198.71768188476562,1.6,,,,False
CHD,2020-11-13,0.002550171358377753,81.58030700683594,0.24,,,,False
ROK,2020-11-13,0.003139748947285829,217.9683837890625,1.07,0.0016580032263846568,0.001774063452231583,2.555468715110912e-08,True
TECH,2020-11-13,0.0002776966920812843,73.83203887939453,0.08,,,,False
AMAT,2020-11-18,0.006209127675530084,72.24583435058594,0.22,,,,False
MSFT,2020-11-18,0.09999999999999998,201.2628173828125,0.56,,,,False
SWKS,2020-11-18,0.00275048388828566,118.41996765136719,0.5,,,,False
HSY,2020-11-19,0.003285197300501732,129.7504119873047,0.804,0.0010013458127792613,0.0008050820334745261,2.0384161271963758e-08,True
MMM,2020-11-19,0.00880402017639659,117.68199920654297,1.229097,0.0024894199651481204,0.0030597386109036595,2.2890502070428605e-07,True
MCO,2020-11-20,0.005764736593080934,260.0322265625,0.56,0.003520397597846345,0.0019714226547939535,4.370509174480301e-08,True
JNJ,2020-11-23,0.04212050518133844,122.84414672851562,1.01,0.00435052827843381,0.004394033561218148,1.5066156451986807e-06,True
SPGI,2020-11-24,0.008526043616511016,301.2334289550781,0.633869,,,,False
TER,2020-11-24,0.0016730717496649331,106.68414306640625,0.1,0.037859925150843965,0.0037859925150843968,5.937374514493503e-08,True
CBOE,2020-11-27,0.0010294588316291865,85.3700942993164,0.42,0.0007611874524257842,0.00031969873001882934,3.8551753255021785e-09,True
FDS,2020-11-27,0.0013339915212076969,303.6058044433594,0.77,,,,False
UNP,2020-11-27,0.014034658806453196,181.12509155273438,0.97,0.0014741109268472453,0.0014298875990418278,1.1079627020250716e-07,True
EBAY,2020-11-30,0.004235843920697816,45.793155670166016,0.16,0.011111111111111112,0.0017777777777777779,1.6444355236382366e-07,True
KO,2020-11-30,0.023489173738604603,43.548095703125,0.41,0.015107604787205495,0.006194117962754253,3.3410120611566853e-06,True
MCD,2020-11-30,0.01755019781078186,190.2491455078125,1.29,,,,False
JKHY,2020-12-01,0.0013058830647088007,149.88934326171875,0.43,0.0006699794410002669,0.00028809115963011477,2.509940722045783e-09,True
QCOM,2020-12-02,0.017563853258842632,132.59336853027344,0.65,0.006629552505205898,0.004309209128383834,5.708152498993062e-07,True
ADI,2020-12-03,0.005422496641072343,126.92790222167969,0.62,0.0007683307109548789,0.0004763650407920249,2.0350827425696203e-08,True
WM,2020-12-03,0.005333742855998755,106.90799713134766,0.545,,,,False
AME,2020-12-04,0.0028654397403202287,112.58470916748047,0.18,,,,False
CME,2020-12-09,0.006616423025269127,143.89364624023438,0.85,,,,False
NEM,2020-12-10,0.005015038706943008,50.21387481689453,0.4,0.005852156057494866,0.0023408624229979465,2.337902761292845e-07,True
GILD,2020-12-14,0.008104861506586415,48.514766693115234,0.68,,,,False
GRMN,2020-12-14,0.0023493667261677313,103.90906524658203,0.61,0.014084477589468262,0.00859153132957564,1.9425309798171406e-07,True
MRK,2020-12-14,0.020883263272369296,64.0692367553711,0.620229,0.005849701110162255,0.0036281542698548253,1.1825909695076445e-06,True
MSI,2020-12-14,0.0030860458806657542,154.85179138183594,0.71,,,,False
NXPI,2020-12-14,0.004779459425538838,143.33338928222656,0.375,,,,False
TMO,2020-12-14,0.019773212796284034,459.76715087890625,0.22,0.008769869234985513,0.001929371231696813,8.297649767809889e-08,True
TROW,2020-12-14,0.0035594305617276402,114.1960678100586,0.9,,,,False
VRSK,2020-12-14,0.003414289790774837,187.15325927734375,0.27,,,,False
ALLE,2020-12-15,0.0011347673079255903,103.46279907226562,0.32,0.0006306937631394534,0.00020182200420462509,2.213559022615127e-09,True
ICE,2020-12-15,0.006167956571550686,103.02623748779297,0.3,,,,False
GPN,2020-12-16,0.006183625608958017,184.53883361816406,0.195,0.0063952953362981105,0.0012470825905781316,4.178790822716895e-08,True
NDSN,2020-12-17,0.0012387563046572182,184.51544189453125,0.39,0.0008403874532523086,0.00032775110676840037,2.2003781672636817e-09,True
MDT,2020-12-21,0.016089825752606136,96.87702178955078,0.58,,,,False
AMT,2020-12-24,0.010804921329224063,185.16539001464844,1.21,,,,False
CME,2020-12-24,0.006616423025269127,142.79617309570312,2.5,,,,False
DHR,2020-12-24,0.014614828142812071,191.28781127929688,0.159574,0.007760550719944615,0.0012383821205844418,9.461523840140056e-08,True
ZBH,2020-12-24,0.0031577450943619098,138.35189819335938,0.23301,,,,False
ITW,2020-12-30,0.007123345716302333,177.86184692382812,1.14,0.0020554256148557657,0.0023431852009355727,9.384428730651678e-08,True
MPWR,2020-12-30,0.0014725817752084204,346.67193603515625,0.5,,,,False
A,2021-01-04,0.0037403743600531963,114.1791000366211,0.194,0.0014984079415620902,0.0002906911406630455,9.522703269529543e-09,True
CSCO,2021-01-04,0.019559757079541915,37.68980407714844,0.36,0.01866087908967364,0.00671791647228251,3.486375625872998e-06,True
ORCL,2021-01-06,0.020467410343900296,58.025535583496094,0.24,0.01348930070646053,0.003237432169550527,1.1419429740443543e-06,True
NTAP,2021-01-07,0.0014964988166712818,57.49366760253906,0.48,0.008869179600886918,0.004257206208425721,1.1081053477537012e-07,True
INTU,2021-01-08,0.010256382026728699,360.0964660644531,0.59,,,,False
ACN,2021-01-13,0.017455836786106883,235.25732421875,0.88,0.0015640792068245298,0.0013763897020055863,1.0212661421732233e-07,True
IEX,2021-01-13,0.0015710915499872091,189.30633544921875,0.5,,,,False
ABT,2021-01-14,0.020116402651726376,99.10032653808594,0.45,0.0029463390170511535,0.001325852557673019,2.6913517683235335e-07,True
ZTS,2021-01-19,0.008118695203217648,153.26478576660156,0.25,,,,False
PG,2021-01-21,0.03768995285985242,113.76930236816406,0.791,0.0021846370683579986,0.001728047921071177,5.724746775186686e-07,True
CL,2021-01-22,0.0075395161938385654,68.64559173583984,0.44,0.0029949659083667876,0.0013177849996813865,1.4473560637846555e-07,True
CLX,2021-01-26,0.0026287291705850997,176.5212860107422,1.11,0.00029757476565987203,0.00033030798988245796,4.918898269461426e-09,True
PFE,2021-01-28,0.021549820283104953,27.010112762451172,0.39,0.004367149758454107,0.0017031884057971017,1.358876372564419e-06,True
PAYX,2021-01-29,0.0034489515619961293,73.84691619873047,0.62,0.021979967624443545,0.013627579927154998,6.364634502746688e-07,True
TXN,2021-01-29,0.016118955041042753,142.22450256347656,1.02,,,,False
INTC,2021-02-04,0.023670382861075628,53.47024917602539,0.348,0.003493135731439506,0.001215611234540948,5.381307133446184e-07,True
NSC,2021-02-04,0.0064062705836010906,219.41404724121094,0.99,,,,False
AAPL,2021-02-05,0.1,132.96633911132812,0.205,0.013707811959273628,0.0028101014516510934,2.1133931116944515e-06,True
ROL,2021-02-09,0.0012481174126075822,35.28943634033203,0.08,,,,False
RMD,2021-02-10,0.0030906369618352966,190.8321533203125,0.39,0.00034528086281663287,0.00013465953649848683,2.1808889829339533e-09,True
AMGN,2021-02-11,0.015110007478771567,198.23849487304688,1.76,,,,False
EMR,2021-02-11,0.005021578366120771,76.35084533691406,0.505,0.0011319630622579685,0.000571641346440274,3.759672608466564e-08,True
MMM,2021-02-11,0.008940077082829937,122.52361297607422,1.237458,0.0024894199651481204,0.0030805526512322624,2.2477608593790404e-07,True
TECH,2021-02-11,0.00033054148745222936,96.3812484741211,0.08,,,,False
CHD,2021-02-12,0.002252484309462831,77.67257690429688,0.253,,,,False
IVZ,2021-02-12,0.0009877208166085847,18.12168312072754,0.155,0.004658841991695819,0.0007221205087128519,3.935911768260902e-08,True
ROK,2021-02-12,0.003056167011760822,227.49937438964844,1.07,0.0008689058106101299,0.0009297292173528391,1.2489738802874012e-08,True
SWKS,2021-02-12,0.00296606830237369,163.5663604736328,0.5,,,,False
MSFT,2021-02-17,0.1,233.37867736816406,0.56,,,,False
HSY,2021-02-18,0.0032229363742998945,133.57818603515625,0.804,0.0010013458127792613,0.0008050820334745261,1.9424789683080984e-08,True
MSCI,2021-02-18,0.003556909672176931,411.8197021484375,0.78,0.010529620052946598,0.008213103641298347,7.093703294893828e-08,True
TER,2021-02-18,0.002003894761898215,133.70809936523438,0.1,0.037859925150843965,0.0037859925150843968,5.6740994790747194e-08,True
JNJ,2021-02-22,0.04646661648747894,139.07537841796875,1.01,0.00435052827843381,0.004394033561218148,1.4680950333898582e-06,True
NDSN,2021-02-22,0.0011031612950323586,173.133544921875,0.39,0.000792513318561124,0.0003090801942388384,1.9693774970022562e-09,True
SPGI,2021-02-23,0.007834001846146842,293.773193359375,0.728477,,,,False
AMAT,2021-02-24,0.009460027588944878,117.41316223144531,0.22,,,,False
MCO,2021-02-24,0.0054614883610566885,265.9742736816406,0.62,0.003520397597846345,0.002182646510664734,4.481823880667776e-08,True
ADI,2021-02-25,0.00582770355244114,140.177734375,0.69,0.0007683307109548789,0.0005301481905588664,2.2040208505404073e-08,True
CBOE,2021-02-25,0.0010866744140252008,93.47816467285156,0.42,0.0007611874524257842,0.00031969873001882934,3.716466100117052e-09,True
FDS,2021-02-25,0.0012309328752327917,277.60064697265625,0.77,,,,False
HON,2021-02-25,0.0147015128722248,181.16188049316406,0.919278,0.006946525375248576,0.006385787953907761,5.182146682740771e-07,True
UNP,2021-02-25,0.014631200128726683,184.64208984375,0.97,0.0014741109268472453,0.0014298875990418278,1.1330553960296631e-07,True
EBAY,2021-02-26,0.004869692615114469,51.394744873046875,0.18,0.011111111111111112,0.002,1.895015775306747e-07,True
MCD,2021-02-26,0.017210638135895424,181.4719696044922,1.29,,,,False
ODFL,2021-03-02,0.0013701143430740969,108.22441101074219,0.1,,,,False
NEM,2021-03-03,0.004741791017368607,47.406211853027344,0.55,0.0020875010872401494,0.0011481255979820823,1.1484089182660004e-07,True
QCOM,2021-03-03,0.016788853653607154,116.95187377929688,0.65,0.006629552505205898,0.004309209128383834,6.186021572920813e-07,True
JKHY,2021-03-05,0.0012447509797797766,141.44956970214844,0.46,0.0006699794410002669,0.0003081905428601228,2.7120653741951424e-09,True
CME,2021-03-09,0.007803860585714715,168.49880981445312,0.9,,,,False
FIS,2021-03-11,0.009431045455822027,126.1467514038086,0.39,0.0003983428935627788,0.00015535372848948374,1.1614631838006407e-08,True
GPN,2021-03-11,0.006438089152131811,199.12359619140625,0.195,0.005866593889345244,0.0011439858084223227,3.698749301572908e-08,True
AME,2021-03-12,0.0029638466163605056,117.3349380493164,0.2,,,,False
GRMN,2021-03-12,0.0025896119611365557,113.53816223144531,0.61,0.014084477589468262,0.00859153132957564,1.9595818584939688e-07,True
KO,2021-03-12,0.02308372547103918,42.855350494384766,0.42,0.011207366571757436,0.004707093960138123,2.5354422140696802e-06,True
MSI,2021-03-12,0.0032400687987446846,167.82940673828125,0.71,,,,False
NXPI,2021-03-12,0.005647044613823017,166.4530029296875,0.563,,,,False
VRSK,2021-03-12,0.0029077751727504125,165.31985473632812,0.29,,,,False
TMO,2021-03-15,0.019573829831904897,445.9400329589844,0.26,0.0020175057421317278,0.0005245514929542492,2.3024355075343712e-08,True
TROW,2021-03-15,0.004085932686926574,134.8212127685547,1.08,,,,False
DHR,2021-03-25,0.015091918629086116,189.0504913330078,0.18617,0.0031861425237838807,0.0005931641536528451,4.7352350567821425e-08,True
MDT,2021-03-25,0.0170978177090972,99.1760025024414,0.58,,,,False
ITW,2021-03-30,0.006979100474593466,198.7346954345703,1.14,0.0013519961825990139,0.0015412756481628757,5.4126017523267984e-08,True
MPWR,2021-03-30,0.0017804674849933098,329.8200378417969,0.6,,,,False
SYK,2021-03-30,0.010059848081719077,230.24020385742188,0.63,,,,False
CSCO,2021-04-05,0.02293442974674139,45.25669860839844,0.37,0.01866087908967364,0.0069045252631792465,3.498959368494452e-06,True
ORCL,2021-04-07,0.022527873208969776,68.98750305175781,0.32,0.01348930070646053,0.00431657622606737,1.4095782223737287e-06,True
NTAP,2021-04-08,0.0016659202838513242,65.35738372802734,0.48,0.008869179600886918,0.004257206208425721,1.0851361805831967e-07,True
INTU,2021-04-09,0.010495227370117832,402.1681823730469,0.59,,,,False
AMT,2021-04-12,0.011119045294963357,205.5765380859375,1.24,,,,False
ACN,2021-04-14,0.018732518627554297,261.1004333496094,0.88,0.0015640792068245298,0.0013763897020055863,9.874838352746121e-08,True
RVTY,2021-04-15,0.0015052706839648472,132.96743774414062,0.07,0.0002670018729784852,1.8690131108493964e-05,2.1158342910398094e-10,True
CL,2021-04-20,0.0070131164141224505,71.80435180664062,0.45,0.0029949659083667876,0.0013477346587650544,1.3163296958267086e-07,True
CLX,2021-04-20,0.0025479841262349874,162.11962890625,1.11,0.00029757476565987203,0.00033030798988245796,5.191348639687417e-09,True
ZTS,2021-04-20,0.00783545787136045,159.31854248046875,0.25,,,,False
PG,2021-04-22,0.037224720963894765,117.66095733642578,0.87,0.0021846370683579986,0.001900634249471459,6.013088894789527e-07,True
PNR,2021-04-22,0.0010833198848706402,59.91546630859375,0.2,,,,False
AOS,2021-04-29,0.0011507938033627515,62.024173736572266,0.26,,,,False
BX,2021-04-30,0.006188122935954631,73.85726165771484,0.82,0.02052318882215405,0.01682901483416632,1.4100172460692262e-06,True
TXN,2021-04-30,0.016890945276910638,155.80087280273438,1.02,,,,False
INTC,2021-05-06,0.023437179275593013,52.33538818359375,0.348,0.003493135731439506,0.001215611234540948,5.443830536503487e-07,True
NSC,2021-05-06,0.007060135652817017,257.2919616699219,0.99,,,,False
PFE,2021-05-06,0.021831482075637385,29.809154510498047,0.39,0.001741910852343228,0.0006793452324138589,4.97535522498289e-07,True
AAPL,2021-05-07,0.1,126.81309509277344,0.22,0.013707811959273628,0.003015718631040198,2.3780814030553944e-06,True
ROL,2021-05-07,0.0018381014387753166,34.61985397338867,0.08,,,,False
IVZ,2021-05-10,0.0012432031878509835,22.694120407104492,0.17,0.003335719864618589,0.0005670723769851602,3.1064706371677084e-08,True
PAYX,2021-05-11,0.0035081936118705028,84.30409240722656,0.66,0.021979967624443545,0.01450677863213274,6.036787381593953e-07,True
RMD,2021-05-12,0.0027314266792212616,183.50540161132812,0.39,0.00034528086281663287,0.00013465953649848683,2.0043696118688553e-09,True
CHD,2021-05-13,0.0021687006456044405,83.2515869140625,0.253,,,,False
MSCI,2021-05-13,0.0040229250618848645,434.7122497558594,0.78,0.0029668689799987025,0.0023141578043989882,2.1415737499234476e-08,True
AMGN,2021-05-14,0.013899000171360433,213.51083374023438,1.76,,,,False
TECH,2021-05-14,0.0004121618250530881,98.00965881347656,0.08,,,,False
SWKS,2021-05-17,0.0030116261297181515,142.12371826171875,0.5,,,,False
CTSH,2021-05-19,0.004273689686431923,64.72970581054688,0.24,0.007146288734085996,0.0017151092961806389,1.1323772939188003e-07,True
MCO,2021-05-19,0.006202747300687425,309.8702087402344,0.62,0.0020480357475330477,0.0012697821634704896,2.541753826206062e-08,True
MSFT,2021-05-19,0.1,232.883056640625,0.56,,,,False
MMM,2021-05-20,0.009551120420790968,140.44749450683594,1.237458,0.0009010688540889883,0.0011150348620432512,7.582785494430291e-08,True
IEX,2021-05-21,0.0017179084626490464,205.70797729492188,0.54,,,,False
JNJ,2021-05-24,0.04358768238496527,147.447265625,1.06,0.0013440860215053765,0.0014247311827956992,4.211724782851824e-07,True
NDSN,2021-05-24,0.0012314893972600904,190.4882049560547,0.39,0.000792513318561124,0.0003090801942388384,1.9981761190727226e-09,True
SPGI,2021-05-25,0.008912311681400019,342.72076416015625,0.728477,,,,False
TER,2021-05-25,0.0020839567548854086,125.99979400634766,0.1,0.007881755225516754,0.0007881755225516754,1.3035923726781278e-08,True
AMAT,2021-05-26,0.0121652468286143,131.11282348632812,0.24,,,,False
ADI,2021-05-27,0.00567561750515884,149.4999237060547,0.69,0.0007683307109548789,0.0005301481905588664,2.0126554422731965e-08,True
CBOE,2021-05-27,0.0011231718335028079,103.4342041015625,0.42,0.00032097108342330253,0.00013480785503778705,1.4638521853438298e-09,True
FDS,2021-05-27,0.0012824008781709706,314.1305236816406,0.82,,,,False
FTV,2021-05-27,0.0018086071542815366,53.253353118896484,0.052751,,,,False
JKHY,2021-05-27,0.0012563880559358545,145.40902709960938,0.46,0.0006699794410002669,0.0003081905428601228,2.6628808728401533e-09,True
UNP,2021-05-27,0.01495374354020759,199.0699920654297,1.07,0.0006143449546920596,0.0006573491015205038,4.93787626077398e-08,True
EBAY,2021-05-28,0.0038272208895069036,55.62575149536133,0.18,0.003797098627202804,0.0006834777528965047,4.7025348207958603e-08,True
MCD,2021-05-28,0.017760264260127407,207.03839111328125,1.29,,,,False
ODFL,2021-06-01,0.0015278204467796294,130.43368530273438,0.1,,,,False
NEM,2021-06-02,0.005780677573000167,62.7553825378418,0.55,0.0020875010872401494,0.0011481255979820823,1.0575895846448422e-07,True
QCOM,2021-06-02,0.01496351415077707,119.47711944580078,0.68,0.006629552505205898,0.004508095703540011,5.646014413963104e-07,True
GEN,2021-06-08,0.0015776103943213257,25.345951080322266,0.125,,,,False
CME,2021-06-09,0.007712687391491095,173.86978149414062,0.9,,,,False
FIS,2021-06-10,0.009185759918538554,126.76569366455078,0.39,0.0003983428935627788,0.00015535372848948374,1.1257320581785166e-08,True
GPN,2021-06-10,0.005682928029827566,182.0491180419922,0.195,0.005866593889345244,0.0011439858084223227,3.571118106108361e-08,True
AME,2021-06-11,0.0030622869982406976,131.31976318359375,0.2,,,,False
CCI,2021-06-11,0.00803167407571048,150.62269592285156,1.33,0.0038461538461538464,0.005115384615384616,2.7276833514994645e-07,True
GRMN,2021-06-14,0.002679607093169244,127.68670654296875,0.67,0.014084477589468262,0.009436599984943736,1.9803455613875293e-07,True
KO,2021-06-14,0.023504522063039955,47.62812805175781,0.42,0.011207366571757436,0.004707093960138123,2.3229549084658037e-06,True
MSI,2021-06-14,0.0034201337949778254,198.75038146972656,0.71,,,,False
NXPI,2021-06-14,0.0059005408349605765,185.20718383789062,0.563,,,,False
TMO,2021-06-14,0.018421631236675857,463.1868591308594,0.26,0.0020175057421317278,0.0005245514929542492,2.0862194117473743e-08,True
TROW,2021-06-14,0.004350467235723262,150.5420684814453,1.08,,,,False
VRSK,2021-06-14,0.0027671957246226185,167.05459594726562,0.29,,,,False
ICE,2021-06-15,0.00622729505546129,106.47853088378906,0.33,,,,False
AMT,2021-06-17,0.011162157546194096,230.51841735839844,1.27,,,,False
DHR,2021-06-24,0.015909736164700844,231.29632568359375,0.18617,0.0031861425237838807,0.0005931641536528451,4.0800843502738905e-08,True
MDT,2021-06-24,0.016729287541729032,106.95249938964844,0.63,,,,False
TROW,2021-06-24,0.004359547274928961,154.86758422851562,3.0,,,,False
ITW,2021-06-29,0.007232885942374607,198.184326171875,1.14,0.0013519961825990139,0.0015412756481628757,5.625001322886454e-08,True
MPWR,2021-06-29,0.0015305686783685373,363.9155578613281,0.6,,,,False
SYK,2021-06-29,0.009566458512427359,247.26126098632812,0.63,,,,False
CSCO,2021-07-02,0.021892536911119708,46.554786682128906,0.37,0.01866087908967364,0.0069045252631792465,3.2468750251182095e-06,True
DGX,2021-07-06,0.0017497495322532709,121.0986557006836,0.62,0.0003178976369608986,0.00019709653491575713,2.8478397863473533e-09,True
INTU,2021-07-09,0.012507732786788125,485.86279296875,0.59,,,,False
ACN,2021-07-14,0.01861716085498908,289.4075622558594,0.88,0.0015640792068245298,0.0013763897020055863,8.854111579411464e-08,True
IEX,2021-07-14,0.0016389907196594224,209.91873168945312,0.54,,,,False
ORCL,2021-07-14,0.02135446310922281,82.52572631835938,0.32,0.002495120926900368,0.0007984386966081178,2.0660502430380737e-07,True
RVTY,2021-07-15,0.0016873456625181036,151.34815979003906,0.07,0.0002670018729784852,1.8690131108493964e-05,2.0837195312821732e-10,True
CL,2021-07-20,0.006740371994840674,73.39839935302734,0.45,0.0029949659083667876,0.0013477346587650544,1.2376609068439368e-07,True
ZTS,2021-07-20,0.008635718830954327,189.17608642578125,0.25,,,,False
PG,2021-07-22,0.03454076068947477,121.1888198852539,0.87,0.0021846370683579986,0.001900634249471459,5.417112967299492e-07,True
PNR,2021-07-22,0.0010926359655056461,63.813907623291016,0.2,,,,False
TXN,2021-07-23,0.017491324297300794,162.1724853515625,1.02,,,,False
CLX,2021-07-27,0.0022134597397933673,153.3744659423828,1.16,0.00029757476565987203,0.00034518672816545153,4.981643592436387e-09,True
AOS,2021-07-29,0.0011423195852739332,64.09571838378906,0.26,,,,False
PFE,2021-07-29,0.021501417127199607,32.84222412109375,0.39,0.001741910852343228,0.0006793452324138589,4.447593184203107e-07,True
BX,2021-07-30,0.006603186195874309,96.78947448730469,0.7,0.02052318882215405,0.014366232175507835,9.80095268525105e-07,True
PAYX,2021-07-30,0.0037533055905599926,97.46086120605469,0.66,0.021979967624443545,0.01450677863213274,5.586691177075038e-07,True
INTC,2021-08-05,0.01982549156722454,49.63597869873047,0.348,0.003493135731439506,0.001215611234540948,4.855367197591166e-07,True
AAPL,2021-08-06,0.10000000000000003,142.54075622558594,0.22,0.013707811959273628,0.003015718631040198,2.1156886710124527e-06,True
NSC,2021-08-06,0.005905352557748907,230.52122497558594,1.09,,,,False
ROL,2021-08-09,0.0017120222269640945,35.21596145629883,0.08,,,,False
CTAS,2021-08-12,0.0009316917374091252,92.73328399658203,0.2375,6.562362113108705e-05,1.5585610018633176e-05,1.5658869664722137e-10,True
IVZ,2021-08-12,0.0010169252022317412,20.32772445678711,0.17,0.003335719864618589,0.0005670723769851602,2.8368654488187293e-08,True
MSCI,2021-08-12,0.004471007135226592,590.378662109375,1.04,0.0029668689799987025,0.0030855437391986507,2.3367186111911204e-08,True
CHD,2021-08-13,0.0019838585534721494,80.16732025146484,0.253,,,,False
TECH,2021-08-13,0.0004211938384723691,114.09978485107422,0.08,,,,False
AMGN,2021-08-16,0.01269083721869221,197.77598571777344,1.76,,,,False
SWKS,2021-08-16,0.0027760562370656235,157.7649688720703,0.56,,,,False
MSFT,2021-08-18,0.10000000000000003,279.021484375,0.56,,,,False
RMD,2021-08-18,0.003577893498215844,267.15643310546875,0.42,0.00034528086281663287,0.0001450179623829858,1.9421535865833268e-09,True
CTSH,2021-08-19,0.003540694527700757,69.56842803955078,0.24,0.007146288734085996,0.0017151092961806389,8.729071894427553e-08,True
MCO,2021-08-19,0.006466756232036358,358.911865234375,0.62,0.0020480357475330477,0.0012697821634704896,2.287851841729792e-08,True
GEN,2021-08-20,0.0013079098086634141,23.207080841064453,0.125,,,,False
MMM,2021-08-20,0.008687405951969353,136.26307678222656,1.237458,0.0009010688540889883,0.0011150348620432512,7.108866705431208e-08,True
JNJ,2021-08-23,0.04178364059522624,154.46339416503906,1.06,0.0013440860215053765,0.0014247311827956992,3.854017063948545e-07,True
NDSN,2021-08-23,0.001193274359060988,217.83119201660156,0.51,0.000792513318561124,0.00040418179246617323,2.2140987472190697e-09,True
AMAT,2021-08-25,0.011619970848605275,127.43803405761719,0.24,,,,False
SPGI,2021-08-25,0.008866300044440353,397.06488037109375,0.728477,,,,False
ADI,2021-08-26,0.005620203713045733,153.94900512695312,0.69,0.0007683307109548789,0.0005301481905588664,1.9354076543634415e-08,True
CBOE,2021-08-30,0.0011549305652551753,116.82120513916016,0.48,0.00032097108342330253,0.0001540661200431852,1.5231453133545957e-09,True
FDS,2021-08-30,0.0012344853455262545,360.1253356933594,0.82,,,,False
UNP,2021-08-30,0.013343378585088259,195.73028564453125,1.07,0.0006143449546920596,0.0006573491015205038,4.481298280065515e-08,True
EBAY,2021-08-31,0.004580483639418394,70.28008270263672,0.18,0.003797098627202804,0.0006834777528965047,4.454546074305393e-08,True
MCD,2021-08-31,0.015543295118664952,211.35093688964844,1.29,,,,False
ODFL,2021-08-31,0.0014746206076162783,140.69244384765625,0.1,,,,False
TER,2021-08-31,0.0017604552276127507,119.14606475830078,0.1,0.007881755225516754,0.0007881755225516754,1.1645770439563253e-08,True
QCOM,2021-09-01,0.014477599970587661,131.36239624023438,0.68,0.006629552505205898,0.004508095703540011,4.968423848299676e-07,True
TPR,2021-09-03,0.0009834126356568905,35.72273254394531,0.25,,,,False
JKHY,2021-09-08,0.0011644950819576054,162.39405822753906,0.46,8.531331314251589e-05,3.924412404555731e-05,2.8141170893551743e-10,True
NEM,2021-09-08,0.004048336089389025,50.159759521484375,0.55,0.0020875010872401494,0.0011481255979820823,9.266388710399206e-08,True
CME,2021-09-09,0.006311035847444463,155.99807739257812,0.9,,,,False
FIS,2021-09-09,0.006990848265530746,111.09849548339844,0.39,0.0003983428935627788,0.00015535372848948374,9.775599018050898e-09,True
FTV,2021-09-09,0.0016414166487643995,55.89250946044922,0.052751,,,,False
GPN,2021-09-09,0.004234102073672596,163.68312072753906,0.25,0.005866593889345244,0.001466648472336311,3.79387887429441e-08,True
AME,2021-09-13,0.002734937983979903,126.3810043334961,0.2,,,,False
CCI,2021-09-14,0.007322415564651192,147.71263122558594,1.33,0.0038461538461538464,0.005115384615384616,2.535800196373557e-07,True
GRMN,2021-09-14,0.002915978923387872,152.25726318359375,0.67,0.014084477589468262,0.009436599984943736,1.807265288313897e-07,True
KO,2021-09-14,0.0212424314399383,48.108524322509766,0.42,0.011207366571757436,0.004707093960138123,2.078428347942421e-06,True
MSI,2021-09-14,0.0036101736067263336,227.06744384765625,0.71,,,,False
NXPI,2021-09-14,0.0053279556647850695,192.9093780517578,0.563,,,,False
TMO,2021-09-14,0.019322361932705274,554.4227905273438,0.26,0.0020175057421317278,0.0005245514929542492,1.828130800604782e-08,True
TROW,2021-09-14,0.004516657627211758,169.7925262451172,1.08,,,,False
VRSK,2021-09-14,0.00286661692415092,198.467041015625,0.29,,,,False
ICE,2021-09-15,0.005851581094397165,111.19325256347656,0.33,,,,False
AMT,2021-09-27,0.011328560515701934,235.53778076171875,1.31,,,,False
DHR,2021-09-29,0.017830083386001803,265.44525146484375,0.18617,0.0031861425237838807,0.0005931641536528451,3.9843117414432815e-08,True
ITW,2021-09-29,0.006435412791460133,190.61546325683594,1.22,0.0013519961825990139,0.0016494353427707969,5.568696852915443e-08,True
MPWR,2021-09-29,0.001955054812056144,467.86767578125,0.6,,,,False
SYK,2021-09-29,0.009195943886195712,254.93392944335938,0.63,,,,False
CSCO,2021-10-04,0.021327641228632684,47.47332763671875,0.37,0.012405154763338552,0.004589907262435264,2.0620398914315708e-06,True
DGX,2021-10-04,0.0018362647298020259,128.71493530273438,0.62,0.0003178976369608986,0.00019709653491575713,2.8118059072225614e-09,True
INTU,2021-10-07,0.013697355417146298,519.111328125,0.68,,,,False
ORCL,2021-10-08,0.022782043782471444,88.54441833496094,0.32,0.002495120926900368,0.0007984386966081178,2.0543435357983934e-07,True
ACN,2021-10-13,0.01925667197315913,304.8451232910156,0.97,0.0015640792068245298,0.0015171568306197938,9.58368338114863e-08,True
ABT,2021-10-14,0.019603902646410428,107.08692169189453,0.45,0.0013291724456773,0.000598127600554785,1.0949642651175945e-07,True
IEX,2021-10-14,0.0014691281204720873,200.46932983398438,0.54,,,,False
CL,2021-10-20,0.005968598235349929,67.0648193359375,0.45,0.0029949659083667876,0.0013477346587650544,1.1994495453318132e-07,True
PG,2021-10-21,0.03378690586411357,123.29400634765625,0.87,0.0005911873669828424,0.0005143330092750729,1.4094538316958082e-07,True
PNR,2021-10-21,0.0011207048123530257,70.64173126220703,0.2,,,,False
RVTY,2021-10-21,0.0018048505360139127,174.46983337402344,0.07,0.0002670018729784852,1.8690131108493964e-05,1.9334513306389206e-10,True
FAST,2021-10-25,0.0013766938394631566,25.014272689819336,0.14,0.00010624546243337524,1.4874364740672536e-05,8.186304898141641e-10,True
AOS,2021-10-28,0.0009226998061509485,64.61394500732422,0.28,,,,False
ZTS,2021-10-28,0.008574325104017597,201.28993225097656,0.25,,,,False
BX,2021-10-29,0.00753743577656817,117.14415740966797,1.09,0.02052318882215405,0.02237027581614792,1.439376243739282e-06,True
PAYX,2021-10-29,0.003759425610867396,106.1290054321289,0.66,0.014834271419637274,0.009790619136960601,3.4681474852109894e-07,True
TXN,2021-10-29,0.01666320457993775,163.721435546875,1.15,,,,False
INTC,2021-11-04,0.01770964352756549,46.66083908081055,0.348,0.003493135731439506,0.001215611234540948,4.613727926010976e-07,True
NSC,2021-11-04,0.006573246235011465,257.19439697265625,1.09,,,,False
PFE,2021-11-04,0.021918723688341614,33.95121383666992,0.39,0.001741910852343228,0.0006793452324138589,4.3858168105285333e-07,True
AAPL,2021-11-05,0.1,147.76947021484375,0.22,0.007771645385534297,0.0017097619848175454,1.1570468394667063e-06,True
IR,2021-11-09,0.0020024475135912334,59.17478561401367,0.02,,,,False
RMD,2021-11-09,0.0034071128972706314,250.4310302734375,0.42,0.000113237352685868,4.755968812806456e-05,6.470493158710011e-10,True
ROL,2021-11-09,0.0015410225196388727,33.29945373535156,0.18,,,,False
IVZ,2021-11-10,0.0010379723281878567,20.803707122802734,0.17,0.003335719864618589,0.0005670723769851602,2.8293295609086138e-08,True
MSCI,2021-11-10,0.004884918214349504,607.2492065429688,1.04,0.0029668689799987025,0.0030855437391986507,2.482115851347272e-08,True
TECH,2021-11-10,0.00045375723394475446,123.15103912353516,0.08,,,,False
CHD,2021-11-12,0.0019603405840941794,84.94595336914062,0.253,,,,False
CTAS,2021-11-12,0.001002516769041174,104.87872314453125,0.2375,6.562362113108705e-05,1.5585610018633176e-05,1.4898003075307864e-10,True
AMGN,2021-11-15,0.010649627439275,179.00686645507812,1.76,,,,False
MSFT,2021-11-17,0.1,326.0581359863281,0.62,,,,False
CTSH,2021-11-18,0.0036825198155772104,74.60855102539062,0.24,0.007146288734085996,0.0017151092961806389,8.465415669199183e-08,True
MMM,2021-11-18,0.007679947858211848,126.48323822021484,1.237458,0.0009010688540889883,0.0011150348620432512,6.77039086054328e-08,True
GEN,2021-11-19,0.0013133776261166105,22.645374298095703,0.125,,,,False
JNJ,2021-11-22,0.03870496690835455,139.79718017578125,1.06,0.0013440860215053765,0.0014247311827956992,3.944584090613987e-07,True
MCO,2021-11-22,0.00680717649319554,369.11395263671875,0.62,0.0020480357475330477,0.0012697821634704896,2.3417243463463267e-08,True
SWKS,2021-11-22,0.002462569967590599,136.4083251953125,0.56,,,,False
TER,2021-11-23,0.0020433244333559228,146.38156127929688,0.1,0.007881755225516754,0.0007881755225516754,1.1002057150695848e-08,True
AMAT,2021-11-24,0.01111295697040251,143.20277404785156,0.24,,,,False
FTV,2021-11-24,0.0017153168015942072,57.60347366333008,0.052751,,,,False
SPGI,2021-11-24,0.00960327537354802,421.06024169921875,0.728477,,,,False
CBOE,2021-11-29,0.0012596496169996081,122.62824249267578,0.48,0.00032097108342330253,0.0001540661200431852,1.5825826511099601e-09,True
EL,2021-11-29,0.010625385817620915,315.39813232421875,0.6,,,,False
FDS,2021-11-29,0.0014856451853369026,445.581298828125,0.82,,,,False
EBAY,2021-11-30,0.00410646750179972,61.939308166503906,0.18,0.003797098627202804,0.0006834777528965047,4.531337632844949e-08,True
KO,2021-11-30,0.02017886300544391,45.660980224609375,0.42,0.011207366571757436,0.004707093960138123,2.0801963450663576e-06,True
MCD,2021-11-30,0.016328323139417456,218.9127960205078,1.38,,,,False
ODFL,2021-11-30,0.0018500021170325788,173.1702880859375,0.1,,,,False
QCOM,2021-12-01,0.01807756868012699,158.1317138671875,0.68,0.0024727402728951914,0.0016814633855687304,1.922243748098966e-07,True
ADI,2021-12-02,0.005927040901236651,166.7920684814453,0.69,0.0007683307109548789,0.0005301481905588664,1.8839085322025106e-08,True
JKHY,2021-12-02,0.0010209535019407871,143.0362091064453,0.46,8.531331314251589e-05,3.924412404555731e-05,2.801138685456462e-10,True
TPR,2021-12-02,0.0009979497703020588,36.290679931640625,0.25,,,,False
AME,2021-12-07,0.0028000741912353622,136.11087036132812,0.2,,,,False
NEM,2021-12-08,0.00391008734204018,49.59779357910156,0.55,0.0020875010872401494,0.0011481255979820823,9.051352981221413e-08,True
CME,2021-12-09,0.007036102911149223,185.23182678222656,0.9,,,,False
FIS,2021-12-10,0.005831090593661742,91.73485565185547,0.39,0.0003983428935627788,0.00015535372848948374,9.874999621989224e-09,True
CCI,2021-12-14,0.006967526277521191,153.25672912597656,1.47,0.0038461538461538464,0.005653846153846154,2.5704138324395535e-07,True
GRMN,2021-12-14,0.0022767066383736997,121.1091079711914,0.67,0.014084477589468262,0.009436599984943736,1.7739681341315066e-07,True
MSI,2021-12-14,0.0038168821113815977,245.45558166503906,0.79,,,,False
NXPI,2021-12-14,0.0056415380692248634,201.18276977539062,0.563,,,,False
TMO,2021-12-14,0.02247118235778661,623.3947143554688,0.26,0.0020175057421317278,0.0005245514929542492,1.8908232589702175e-08,True
VRSK,2021-12-14,0.003258356651700544,217.3184356689453,0.29,,,,False
GPN,2021-12-15,0.0031605261417409457,122.04907989501953,0.25,0.005866593889345244,0.001466648472336311,3.7979645905978595e-08,True
TROW,2021-12-15,0.004114103271894486,155.3696746826172,1.08,,,,False
ICE,2021-12-16,0.006526357533047286,127.63719940185547,0.33,,,,False
UNP,2021-12-17,0.014078774195863964,217.8590850830078,1.18,0.0006143449546920596,0.0007249270465366303,4.68471819422867e-08,True
NDSN,2021-12-20,0.0013138884895701382,231.9984893798828,0.51,0.000792513318561124,0.00040418179246617323,2.2890226838743378e-09,True
AMT,2021-12-23,0.010379294381372112,240.71466064453125,1.39,,,,False
CME,2021-12-27,0.007036102911149223,189.37646484375,3.25,,,,False
DHR,2021-12-29,0.01804249172126577,282.9178466796875,0.18617,0.0031861425237838807,0.0005931641536528451,3.782779862505383e-08,True
ITW,2021-12-30,0.006543087038639085,220.440185546875,1.22,0.0013519961825990139,0.0016494353427707969,4.895840105370394e-08,True
MPWR,2021-12-30,0.0022296357887131193,475.09173583984375,0.6,,,,False
SYK,2021-12-30,0.008008701291115267,258.2605895996094,0.695,,,,False
A,2022-01-03,0.004062944761639521,151.41087341308594,0.21,0.0003165057762304162,6.64662130083874e-05,1.783547943955687e-09,True
CSCO,2022-01-04,0.022519169480007147,53.93464279174805,0.37,0.012405154763338552,0.004589907262435264,1.916410199273805e-06,True
ORCL,2022-01-06,0.020680233766418903,81.29383087158203,0.32,0.002495120926900368,0.0007984386966081178,2.0311379986624272e-07,True
INTU,2022-01-07,0.014810199817766819,548.5444946289062,0.68,,,,False
ACN,2022-01-12,0.022563857043885385,349.15093994140625,0.97,0.000660256528609233,0.000640448832750956,4.1388964636729797e-08,True
ABT,2022-01-13,0.02118185968518743,118.50634765625,0.47,0.0013291724456773,0.0006247110494683309,1.1166103803998627e-07,True
IEX,2022-01-13,0.0015214543233385029,213.12986755371094,0.54,,,,False
DGX,2022-01-18,0.0019827829207561434,127.07233428955078,0.62,0.0003178976369608986,0.00019709653491575713,3.0754109095115266e-09,True
ZTS,2022-01-19,0.009774449787472795,190.15174865722656,0.325,,,,False
PG,2022-01-20,0.035853836157023256,144.12884521484375,0.87,0.0005911873669828424,0.0005143330092750729,1.2794670919071498e-07,True
PNR,2022-01-20,0.0010219759656268964,60.69807815551758,0.21,,,,False
RVTY,2022-01-20,0.0018991427535446912,173.19403076171875,0.07,0.0002670018729784852,1.8690131108493964e-05,2.0494486386965056e-10,True
AOS,2022-01-28,0.001176351155017767,69.26620483398438,0.28,,,,False
PAYX,2022-01-28,0.00413865170340732,99.87567901611328,0.66,0.014834271419637274,0.009790619136960601,4.057040008915191e-07,True
TXN,2022-01-28,0.01481797800276701,155.84803771972656,1.15,,,,False
FAST,2022-02-01,0.0015153575482668995,25.313095092773438,0.155,0.00010624546243337524,1.6468046677173163e-05,9.85852529925916e-10,True
NSC,2022-02-03,0.006385574135729587,250.41232299804688,1.24,,,,False
AAPL,2022-02-04,0.10000000000000002,168.6041717529297,0.22,0.007771645385534297,0.0017097619848175454,1.0140686123253274e-06,True
BX,2022-02-04,0.008640897693141846,113.14601135253906,1.45,0.02052318882215405,0.029758623792123372,2.2726494783385444e-06,True
RMD,2022-02-09,0.003126596106888708,236.32322692871094,0.42,0.000113237352685868,4.755968812806456e-05,6.292226865660753e-10,True
ROL,2022-02-09,0.0014241890861818544,29.545330047607422,0.1,,,,False
SPGI,2022-02-09,0.008875418857020595,370.6870422363281,0.728477,,,,False
PH,2022-02-10,0.003808797426730227,287.65972900390625,1.03,,,,False
TECH,2022-02-10,0.0003442387233538853,103.47496032714844,0.08,,,,False
IVZ,2022-02-15,0.0009769158314235102,19.153671264648438,0.17,0.003335719864618589,0.0005670723769851602,2.8923018202898672e-08,True
MSFT,2022-02-16,0.10000000000000002,288.5596618652344,0.62,,,,False
DHR,2022-03-24,0.015890052326703943,248.43946838378906,0.221631,0.00037347638610667845,8.277394492920925e-05,5.2941761821072595e-09,True
MDT,2022-03-24,0.012904109172868952,92.5073471069336,0.63,,,,False
ZBH,2022-03-28,0.0023735038197913267,121.00833892822266,0.24,,,,False
MPWR,2022-03-30,0.001938319156136049,472.78741455078125,0.75,,,,False
SYK,2022-03-30,0.009197421559277094,257.43719482421875,0.695,,,,False
KDP,2022-03-31,0.004693739385896235,33.76390075683594,0.188,,,,False
A,2022-04-04,0.003490054992821813,130.64768981933594,0.21,0.0003165057762304162,6.64662130083874e-05,1.775544128523494e-09,True
CSCO,2022-04-05,0.020534936383439454,48.69183349609375,0.38,0.012405154763338552,0.00471395881006865,1.9880303806320915e-06,True
DGX,2022-04-05,0.0015298664335381,122.95247650146484,0.66,9.269558769002595e-05,6.117908787541713e-05,7.61235850129162e-10,True
ORCL,2022-04-07,0.020330784817431866,77.07471466064453,0.32,0.002495120926900368,0.0007984386966081178,2.1061233119217967e-07,True
INTU,2022-04-08,0.011473711441180505,467.30487060546875,0.68,,,,False
EBAY,2022-11-30,0.0025167484109748415,42.5068473815918,0.22,0.0018234165067178502,0.00040115163147792706,2.375141402557318e-08,True
JKHY,2022-11-30,0.0012974331209226783,179.87747192382812,0.49,1.6470360556780538e-05,8.070476672822464e-06,5.82113125393923e-11,True
KO,2022-11-30,0.025741282319108678,57.01477813720703,0.44,0.0071400853705859526,0.003141637563057819,1.4184003182538642e-06,True
MCD,2022-11-30,0.01912255106364886,249.61036682128906,1.52,,,,False
QCOM,2022-11-30,0.013221381788448798,116.34696197509766,0.75,0.002058823529411765,0.0015441176470588236,1.754697208373653e-07,True
LIN,2022-12-01,0.015959516537910896,321.1217041015625,1.17,,,,False
ADI,2022-12-02,0.008163688273396663,158.65953063964844,0.76,0.0005748316145401934,0.000436872027050547,2.247887050862313e-08,True
ABBV,2023-01-12,0.02787995666332575,134.4974822998047,1.48,0.0006939872235172697,0.0010271010908055591,2.1290758318198777e-07,True
ABT,2023-01-12,0.019068194093221937,103.5996322631836,0.51,0.0009982588508415553,0.0005091120139291932,9.370541656104762e-08,True
FCX,2023-01-12,0.005467241208643149,43.062110900878906,0.15,,,,False
IEX,2023-01-12,0.0016935295282295532,225.296875,0.6,,,,False
DGX,2023-01-17,0.001943990858505044,137.73020935058594,0.66,9.269558769002595e-05,6.117908787541713e-05,8.635112668619617e-10,True
CL,2023-01-20,0.006428876313818054,69.43313598632812,0.47,0.0029949659083667876,0.0014076339769323902,1.303340919904304e-07,True
PFE,2023-01-26,0.028394193288269212,35.698341369628906,0.41,0.0004428697962798937,0.0001815766164747564,1.4442468044749262e-07,True
AOS,2023-01-30,0.0008964457693649613,55.73933792114258,0.3,,,,False
TXN,2023-01-30,0.015013256495832124,156.5728759765625,1.24,,,,False
NSC,2023-02-02,0.005591785986714864,236.18228149414062,1.35,,,,False
BX,2023-02-03,0.0064020303332209,86.7982406616211,0.91,0.007115291975762395,0.0064749156979437795,4.775742732492161e-07,True
PAYX,2023-02-08,0.003949668549848802,102.17620086669922,0.79,0.01267018006148441,0.010009442248572684,3.869196438639571e-07,True
ROL,2023-02-09,0.00169602906937385,33.78657913208008,0.13,,,,False
AAPL,2023-02-10,0.1,148.5884246826172,0.23,0.007164086750116654,0.0016477399525268305,1.1089288792490937e-06,True
TECH,2023-02-10,0.000295480131680475,74.95977020263672,0.08,,,,False
AMGN,2023-02-14,0.01334757121376564,216.49627685546875,2.13,,,,False
CF,2023-02-14,0.0016653509387637446,78.97679138183594,0.4,,,,False
CHD,2023-02-14,0.0019117169905834416,79.40902709960938,0.273,,,,False
CTAS,2023-02-14,0.001068766171552262,107.33296203613281,0.2875,3.0810524314914624e-05,8.858025740537954e-06,8.820364293160094e-11,True
MSFT,2023-02-15,0.1,262.0277099609375,0.68,,,,False
GEN,2023-02-16,0.0012684836866985163,19.852664947509766,0.125,,,,False
HSY,2023-02-16,0.0043848226065971874,213.1331329345703,1.036,0.0002707511712022411,0.00028049821336552177,5.77073536216839e-09,True
MMM,2023-02-16,0.005211858710248481,83.69581604003906,1.254181,0.0007353981049356527,0.0009223223306463018,5.743433662605059e-08,True
MSCI,2023-02-16,0.004150808045971378,529.4556884765625,1.38,0.0007325509017667346,0.0010109202444380937,7.925376902688133e-09,True
JNJ,2023-02-17,0.04139156840415315,145.1263885498047,1.13,0.0005651826179685417,0.000638656358304452,1.82151492954943e-07,True
MCHP,2023-02-17,0.004076813959377111,76.43179321289062,0.358,7.330410942837455e-05,2.624287117535809e-05,1.3997748717452713e-09,True
NDSN,2023-02-17,0.0013161553629193355,235.6416473388672,0.65,0.0007821554288767461,0.0005084010287698849,2.8396285125563333e-09,True
EFX,2023-02-21,0.0025796369881320837,198.0897216796875,0.39,,,,False
AMAT,2023-02-22,0.008946995864885293,107.34173583984375,0.26,,,,False
LH,2023-02-22,0.002007972691935115,199.75445556640625,0.618557,,,,False
FTV,2023-02-23,0.0017504263430090858,49.808937072753906,0.052751,,,,False
HON,2023-02-23,0.013418097997904124,179.25181579589844,1.018125,0.0029658060013956736,0.00301956123517097,2.2603268136669878e-07,True
MCO,2023-02-23,0.005766229370862469,285.9877624511719,0.77,0.0014474107430041815,0.0011145062721132197,2.2471237038916706e-08,True
SPGI,2023-02-23,0.00812835613708291,319.9293212890625,0.851466,,,,False
ADI,2023-02-24,0.008374738489277599,172.92446899414062,0.86,0.0005748316145401934,0.0004943551885045664,2.3941640235330477e-08,True
CBOE,2023-02-27,0.0012567262327084483,123.1275405883789,0.5,0.00017168364427148908,8.584182213574454e-05,8.761619798947311e-10,True
CSX,2023-02-27,0.006529346097891408,29.293386459350586,0.11,,,,False
FDS,2023-02-27,0.0015430729396610308,402.8114929199219,0.89,,,,False
SWKS,2023-02-27,0.0016848577373487778,99.73039245605469,0.62,0.0002348750269127635,0.00014562251668591336,2.460165030219603e-09,True
UNP,2023-02-27,0.012509518387435315,196.1154327392578,1.3,0.0002293157218858925,0.00029811043845166026,1.9015423514658183e-08,True
IR,2023-02-28,0.0018249353449782957,57.86723709106445,0.02,,,,False
MCD,2023-02-28,0.01517624337725458,242.879150390625,1.52,,,,False
ODFL,2023-02-28,0.001450402763156991,166.3086395263672,0.2,,,,False
MOS,2023-03-01,0.0013990576088896165,48.623966217041016,0.2,0.0016208980821115597,0.00032417961642231197,9.327621629590568e-09,True
QCOM,2023-03-01,0.010742181340146017,114.45720672607422,0.75,0.002058823529411765,0.0015441176470588236,1.4492046634444717e-07,True
EXE,2023-03-06,0.0009149900123652462,71.4672622680664,1.29,,,,False
JKHY,2023-03-07,0.0009362632763140577,155.95550537109375,0.52,1.6470360556780538e-05,8.56458748952588e-06,5.141664428031249e-11,True
AME,2023-03-09,0.0025268042279594305,135.85626220703125,0.25,,,,False
CME,2023-03-09,0.005164684627326396,154.3983154296875,1.1,,,,False
EBAY,2023-03-09,0.0019191808209374547,40.40581512451172,0.25,0.007452782031648801,0.0018631955079122001,8.849738765133069e-08,True
FIS,2023-03-09,0.0029691700295488544,54.06780242919922,0.52,0.0017208149779735682,0.0008948237885462555,4.913985505806424e-08,True
CCI,2023-03-14,0.004391814858069539,108.31089782714844,1.565,0.00430416068866571,0.006736011477761836,2.731333216291209e-07,True
DVN,2023-03-14,0.0027313507851904856,43.54758071899414,0.89,,,,False
GILD,2023-03-14,0.0077900200550840475,71.18414306640625,0.75,,,,False
MOS,2023-03-14,0.0013990576088896165,41.96217727661133,0.25,0.0016208980821115597,0.0004052245205278899,1.3510558449243887e-08,True
MRK,2023-03-14,0.020949710661908812,96.31427001953125,0.73,0.0026483140191960594,0.0019332692340131234,4.2051329544346716e-07,True
MSI,2023-03-14,0.003414846002698609,256.2222595214844,0.88,,,,False
NXPI,2023-03-14,0.00381641567811282,167.82220458984375,1.014,,,,False
TMO,2023-03-14,0.01655837049878784,549.8616943359375,0.35,0.00605588333518869,0.0021195591673160413,6.382777041580771e-08,True
TROW,2023-03-14,0.0019780349605652055,90.05635070800781,1.22,,,,False
VRSK,2023-03-14,0.0020534461836222272,176.4340057373047,0.34,,,,False
KO,2023-03-16,0.020081383252952327,54.46254348754883,0.46,0.010440889219607478,0.00480280904101944,1.770887712313793e-06,True
NDAQ,2023-03-16,0.002137828065977041,50.57194137573242,0.2,0.0011243173787343398,0.00022486347574686796,9.505655436345999e-09,True
MDT,2023-03-23,0.00854749984961815,69.73793029785156,0.68,,,,False
COP,2023-03-28,0.010247339994972638,87.82161712646484,0.6,0.003194155514422841,0.0019164933086537044,2.2362328518255433e-07,True
ZBH,2023-03-28,0.002020783790923491,122.46273040771484,0.24,,,,False
DHR,2023-03-30,0.01239776695201765,217.4630889892578,0.239362,0.0013027866925105654,0.00031183762829271395,1.777814460565282e-08,True
ITW,2023-03-30,0.005516559701476984,222.19236755371094,1.31,0.0013808686919407481,0.00180893798644238,4.491204854760227e-08,True
KDP,2023-03-30,0.003774737263868904,31.993824005126953,0.2,,,,False
NUE,2023-03-30,0.0038108245867839413,144.53335571289062,0.51,0.00011695557324553141,5.964734235522102e-05,1.5726858181797722e-09,True
STLD,2023-03-30,0.0016918029443026739,106.36224365234375,0.425,,,,False
RSG,2023-03-31,0.003083088342171369,130.20460510253906,0.495,0.00024424000651306684,0.00012089880322396808,2.8627381536063476e-09,True
A,2023-04-03,0.0029345800438972496,134.490478515625,0.225,0.001314252336448598,0.00029570677570093455,6.452317014518951e-09,True
CSCO,2023-04-04,0.015450892634093077,47.51557540893555,0.39,0.00923249995150998,0.0036006749810888923,1.1708506540069681e-06,True
MRVL,2023-04-05,0.0026655606576175433,39.68012619018555,0.06,,,,False
NTAP,2023-04-05,0.001010089266256988,58.85248947143555,0.5,0.0011079455523899967,0.0005539727761949984,9.507872310222998e-09,True
BMY,2023-04-06,0.010695517070926416,60.88570785522461,0.57,0.0037045863211941335,0.002111614203080656,3.709377217057653e-07,True
DGX,2023-04-06,0.0012004753016145264,134.03506469726562,0.71,0.0010118385105737124,0.0007184053425073357,6.43434516315472e-09,True
GIS,2023-04-06,0.00376457592335547,75.13370513916016,0.54,0.00020007581820479339,0.00010804094183058843,5.413393730533498e-09,True
INTU,2023-04-06,0.009038364093103882,435.5720520019531,0.78,,,,False
ORCL,2023-04-10,0.017806665068162773,90.19113159179688,0.4,0.0022148916116870878,0.0008859566446748351,1.7491667925888345e-07,True
ACN,2023-04-12,0.013211615911730281,267.6944580078125,1.12,0.0007327463147769912,0.0008206758725502302,4.050309631677666e-08,True
ABBV,2023-04-13,0.02037579206555627,145.0708770751953,1.48,0.0032039135976849142,0.004741792124573673,6.660039030323439e-07,True
ABT,2023-04-13,0.012844366732582388,96.87142181396484,0.51,0.004192151742148306,0.0021379973884956363,2.834811548846556e-07,True
PG,2023-04-20,0.02714799484862166,138.5223388671875,0.941,0.000636013318867148,0.0005984885330539863,1.172934542195883e-07,True
RVTY,2023-04-20,0.0012102617998486537,131.30880737304688,0.07,0.001083693507682478,7.585854553777347e-05,6.991815834228033e-10,True
ZTS,2023-04-20,0.005551012280030219,167.0275115966797,0.375,,,,False
WST,2023-04-25,0.0018461204350985574,353.7825012207031,0.19,,,,False
BX,2023-04-28,0.004486381464416647,80.58625793457031,0.82,0.03188805205365362,0.02614820268399597,1.4557173252111576e-06,True
NSC,2023-05-04,0.003274601248422238,190.26502990722656,1.35,,,,False
TXN,2023-05-05,0.010948763755397469,151.11654663085938,1.24,,,,False
ROL,2023-05-09,0.0014713124900138754,39.78830337524414,0.13,,,,False
PAYX,2023-05-10,0.0027960135829379414,97.3744888305664,0.89,0.01267018006148441,0.011276460254721125,3.2379257050089825e-07,True
EMR,2023-05-11,0.0034820545539324755,77.34362030029297,0.52,0.0017830760609302563,0.0009271995516837333,4.174306049819423e-08,True
HON,2023-05-11,0.009325679958425342,179.23138427734375,1.018125,0.0038910505836575876,0.0039615758754863815,2.061267835137439e-07,True
MSCI,2023-05-11,0.0027279906692863802,451.6899108886719,1.38,0.005233927985349093,0.007222820619781748,4.3622376284491056e-08,True
PFE,2023-05-11,0.015766587712849597,30.645427703857422,0.41,0.002501744243994817,0.001025715140037875,5.277142117278835e-07,True
PH,2023-05-11,0.0029948263926971646,313.70660400390625,1.48,,,,False
AAPL,2023-05-12,0.1,170.03750610351562,0.24,0.007164086750116654,0.0017193808200279968,1.0111773922285535e-06,True
CF,2023-05-12,0.0009901207608825667,61.800514221191406,0.4,,,,False
CHD,2023-05-12,0.0016915737260962563,93.16834259033203,0.273,,,,False
CTAS,2023-05-12,0.0008195442525274902,115.19223022460938,0.2875,3.0810524314914624e-05,8.858025740537954e-06,6.302112625342273e-11,True
TECH,2023-05-12,0.0002212068429176364,79.96048736572266,0.08,,,,False
COP,2023-05-15,0.009299877742360182,90.40168762207031,0.51,0.003194155514422841,0.001629019312355649,1.6758183219084735e-07,True
XOM,2023-05-15,0.03416035576274873,94.43496704101562,0.91,0.0010781280216592536,0.0009810964997099209,3.5489614194625715e-07,True
AMGN,2023-05-17,0.009053147600886878,204.0229034423828,2.13,,,,False
EXE,2023-05-17,0.0008534049013152049,71.42402648925781,1.18,,,,False
MSFT,2023-05-17,0.1,306.16571044921875,0.68,,,,False
CVX,2023-05-18,0.0231273363878285,134.5572967529297,1.51,,,,False
HLT,2023-05-18,0.0027280291405937405,145.0321502685547,0.15,,,,False
HSY,2023-05-18,0.00395781073715844,242.72409057617188,1.036,0.0002435865616230812,0.00025235567784151215,4.11486148314807e-09,True
MCO,2023-05-18,0.004089738407867841,305.89300537109375,0.77,0.0027432333577176297,0.002112289685442575,2.8240960412342658e-08,True
GEN,2023-05-19,0.0007272393486155331,15.181574821472168,0.125,,,,False
MCHP,2023-05-19,0.0028620890686608725,71.82658386230469,0.383,7.330410942837455e-05,2.8075473911067454e-05,1.1187293430574877e-09,True
JNJ,2023-05-22,0.030837873478038222,143.01231384277344,1.19,0.00516099133164109,0.006141579684652896,1.3243143347700346e-06,True
NDSN,2023-05-22,0.0008736031476440337,207.5709686279297,0.65,0.0007821554288767461,0.0005084010287698849,2.1397054796952716e-09,True
IR,2023-05-23,0.0016335268551259721,57.826812744140625,0.02,,,,False
TER,2023-05-23,0.0010065193397655872,94.42533111572266,0.11,0.0020218412098718086,0.00022240253308589895,2.3706821900308885e-09,True
AMAT,2023-05-24,0.006746119075730095,118.65216064453125,0.32,,,,False
FTV,2023-05-25,0.0011864763858552604,48.39225769042969,0.052751,,,,False
JKHY,2023-05-25,0.0008488187865893002,141.8413848876953,0.52,1.6470360556780538e-05,8.56458748952588e-06,5.1252903137213443e-11,True
SPGI,2023-05-25,0.0078085009247246765,330.1278991699219,0.851466,,,,False
SWKS,2023-05-26,0.0012008016771928372,94.70044708251953,0.62,0.0002348750269127635,0.00014562251668591336,1.846493524165888e-09,True
CBOE,2023-05-30,0.001047647256720877,128.17152404785156,0.5,0.0009094353921940128,0.0004547176960970064,3.716767436740575e-09,True
CSX,2023-05-30,0.004480555664756637,29.589426040649414,0.11,,,,False
FDS,2023-05-30,0.0011086078039527023,374.9220886230469,0.98,,,,False
UNP,2023-05-30,0.00848269929868513,180.7218780517578,1.3,0.0002293157218858925,0.00029811043845166026,1.3992667818892327e-08,True
EXPD,2023-05-31,0.0012269427387427245,106.50369262695312,0.69,0.0014968997059623635,0.0010328607971140308,1.189875227697386e-08,True
MOS,2023-05-31,0.0007810967888604423,28.965267181396484,0.2,0.0016208980821115597,0.00032417961642231197,8.742044594848777e-09,True
QCOM,2023-05-31,0.009163552710761915,105.68187713623047,0.8,0.002058823529411765,0.001647058823529412,1.4281455587396108e-07,True
LIN,2023-06-01,0.012848609557664164,340.97698974609375,1.275,,,,False
ADI,2023-06-02,0.006522890882865005,170.7704315185547,0.86,0.0005748316145401934,0.0004943551885045664,1.888280613522419e-08,True
MCD,2023-06-02,0.01523397832006151,268.2235107421875,1.52,,,,False
ODFL,2023-06-06,0.0012331789473962978,150.94680786132812,0.2,,,,False
CME,2023-06-08,0.004627711868624421,162.31898498535156,1.1,,,,False
IEX,2023-06-08,0.001090994655660344,198.4325714111328,0.64,,,,False
AME,2023-06-09,0.0024060306582850176,147.19903564453125,0.25,,,,False
NXPI,2023-06-13,0.0034087379206447915,185.3511199951172,1.014,,,,False
ALLE,2023-06-14,0.0006632464894765674,111.99468994140625,0.45,0.00039732265656040834,0.00017879519545218375,1.058847395184356e-09,True
DVN,2023-06-14,0.002169806458624441,43.93648147583008,0.72,,,,False
GILD,2023-06-14,0.006915531351309844,70.23147583007812,0.75,,,,False
MRK,2023-06-14,0.020229766769878983,98.48958587646484,0.73,0.0026483140191960594,0.0019332692340131234,3.9709361512112667e-07,True
MSI,2023-06-14,0.0034036713894558036,268.6724548339844,0.88,,,,False
TMO,2023-06-14,0.014439757937230594,514.75732421875,0.35,0.00605588333518869,0.0021195591673160413,5.945699044910619e-08,True
TROW,2023-06-14,0.0017541097368880534,94.95399475097656,1.22,,,,False
VRSK,2023-06-14,0.002443220187612324,215.1787109375,0.34,,,,False
KO,2023-06-15,0.0187059345369784,55.72369384765625,0.46,0.010440889219607478,0.00480280904101944,1.6122590824745977e-06,True
NDAQ,2023-06-15,0.001961235559966565,49.9870491027832,0.22,0.0011243173787343398,0.00024734982332155476,9.704739086562124e-09,True
MDT,2023-06-22,0.00793819417239486,79.20317840576172,0.69,,,,False
ZBH,2023-06-23,0.0019302386659011306,140.0247802734375,0.24,,,,False
COP,2023-06-26,0.009148342354616193,91.86984252929688,0.6,0.003194155514422841,0.0019164933086537044,1.9084322368686e-07,True
DHR,2023-06-29,0.010686065290966336,207.22869873046875,0.239362,0.0013027866925105654,0.00031183762829271395,1.6080384987844752e-08,True
ITW,2023-06-29,0.004808560550030074,231.4080352783203,1.31,0.0013808686919407481,0.00180893798644238,3.758896197617293e-08,True
KDP,2023-06-29,0.0031591537441706765,28.196447372436523,0.2,,,,False
NUE,2023-06-29,0.002505096568225366,156.45877075195312,0.51,0.0011730211071290944,0.0005982407646358381,9.578567435108454e-09,True
STLD,2023-06-29,0.001145534683144122,104.66710662841797,0.425,,,,False
A,2023-06-30,0.002426325619912414,117.53492736816406,0.225,0.001314252336448598,0.00029570677570093455,6.104406085328561e-09,True
RSG,2023-06-30,0.003321884587728754,147.97247314453125,0.495,0.00024424000651306684,0.00012089880322396808,2.7140985250160613e-09,True
CSCO,2023-07-05,0.014544883376249946,47.58948516845703,0.39,0.00923249995150998,0.0036006749810888923,1.1004825433671932e-06,True
BMY,2023-07-06,0.009386685229917318,55.087703704833984,0.57,0.0037045863211941335,0.002111614203080656,3.5980911380049977e-07,True
MRVL,2023-07-06,0.0035004379361330174,58.27708053588867,0.06,,,,False
NTAP,2023-07-06,0.0011078251266212497,71.42657470703125,0.5,0.010845646023263125,0.005422823011631562,8.410790541400522e-08,True
INTU,2023-07-07,0.008835516942216556,437.7224426269531,0.78,,,,False
DGX,2023-07-10,0.0011344509711808477,131.78131103515625,0.71,0.0010118385105737124,0.0007184053425073357,6.18445538374963e-09,True
ORCL,2023-07-11,0.02209871691693711,110.89503479003906,0.4,0.005705248828922609,0.0022820995315690437,4.5476762435669473e-07,True
ACN,2023-07-12,0.01356788262631601,297.1838684082031,1.12,0.0007327463147769912,0.0008206758725502302,3.746782748556363e-08,True
ABBV,2023-07-13,0.016384682708736893,120.4429702758789,1.48,0.0032039135976849142,0.004741792124573673,6.450584808226583e-07,True
ABT,2023-07-13,0.013153663520049196,101.21592712402344,0.51,0.004192151742148306,0.0021379973884956363,2.7784657073343817e-07,True
IEX,2023-07-13,0.0011189711775798936,203.9932861328125,0.64,,,,False
PG,2023-07-20,0.026352503757100118,139.12713623046875,0.941,0.000636013318867148,0.0005984885330539863,1.1336157519809946e-07,True
RVTY,2023-07-20,0.0010261839533666267,125.70764923095703,0.07,0.001083693507682478,7.585854553777347e-05,6.192528667334624e-10,True
ZTS,2023-07-20,0.005463093798752996,164.71690368652344,0.375,,,,False
WST,2023-07-25,0.0019384632333542568,373.9200134277344,0.19,,,,False
PFE,2023-07-27,0.014383125018843734,29.848966598510742,0.41,0.002501744243994817,0.001025715140037875,4.942546015519893e-07,True
BX,2023-07-28,0.004516609298228774,95.49803924560547,0.79,0.03188805205365362,0.025191561122386363,1.1914426735992337e-06,True
TXN,2023-07-28,0.011401808364685186,163.6958465576172,1.24,,,,False
NSC,2023-08-03,0.0035249113760382885,213.3011932373047,1.35,,,,False
PAYX,2023-08-09,0.0029926694883931643,111.9935302734375,0.89,0.020337048886352984,0.018099973508854155,4.836639967364232e-07,True
ROL,2023-08-09,0.0013303115425375102,39.1387939453125,0.13,,,,False
EMR,2023-08-10,0.003574402450580316,90.59898376464844,0.52,0.0017830760609302563,0.0009271995516837333,3.658081152791579e-08,True
HON,2023-08-10,0.008475913223545224,175.3441619873047,1.018125,0.0038910505836575876,0.0039615758754863815,1.9149752674140295e-07,True
MSCI,2023-08-10,0.002899547837942767,526.4388427734375,1.38,0.005233927985349093,0.007222820619781748,3.9782235295562655e-08,True
AAPL,2023-08-11,0.1,175.41746520996094,0.24,0.007164086750116654,0.0017193808200279968,9.801651266423403e-07,True
CF,2023-08-14,0.0010622569241381214,72.8757553100586,0.4,,,,False
CHD,2023-08-14,0.0015590274504082178,91.79420471191406,0.273,,,,False
CTAS,2023-08-14,0.0008447926679846639,120.1590576171875,0.3375,0.00019465119832427552,6.5694779434443e-05,4.6187502708200877e-10,True
COP,2023-08-15,0.009955202168243187,105.20256042480469,0.51,0.003194155514422841,0.001629019312355649,1.541522993830983e-07,True
XOM,2023-08-15,0.0289629891519325,98.00910186767578,0.91,0.0010781280216592536,0.0009810964997099209,2.899270244967835e-07,True
EXE,2023-08-16,0.0008144866916025873,75.89327239990234,0.575,,,,False
MSFT,2023-08-16,0.1,313.06744384765625,0.68,,,,False
AMGN,2023-08-17,0.008272732705846195,241.1679229736328,2.13,,,,False
CVX,2023-08-17,0.021006701828027916,140.91363525390625,1.51,,,,False
HSY,2023-08-17,0.0031368019251289724,198.94183349609375,1.192,0.0002435865616230812,0.00029035518145471275,4.578155715932911e-09,True
MCO,2023-08-17,0.00431069705132199,320.61041259765625,0.77,0.0027432333577176297,0.002112289685442575,2.8400328126590998e-08,True
TECH,2023-08-17,0.00021608385852456548,78.99488067626953,0.08,,,,False
CTSH,2023-08-18,0.0022236818747229724,65.17272186279297,0.29,0.003036854025118386,0.0008806876672843319,3.004890922240667e-08,True
MCHP,2023-08-21,0.003390212429162556,74.65637969970703,0.41,0.0002488534963916243,0.00010202993352056597,4.633269790999649e-09,True
NDSN,2023-08-21,0.0009507388656433117,222.0916748046875,0.68,0.0007821554288767461,0.0005318656916361873,2.2768317848270443e-09,True
IR,2023-08-22,0.0017494776716055597,66.65888977050781,0.02,,,,False
AMAT,2023-08-23,0.008464992421886905,144.57083129882812,0.32,,,,False
HLT,2023-08-24,0.0027556522827329923,146.0311737060547,0.15,,,,False
JNJ,2023-08-25,0.02952732387723008,152.6641387939453,1.19,0.00516099133164109,0.006141579684652896,1.1878651653177558e-06,True
PH,2023-08-25,0.0035362167726686513,391.1437683105469,1.48,,,,False
SPGI,2023-08-25,0.007949093067572712,358.55535888671875,0.851466,,,,False
SWKS,2023-08-28,0.0012122389326744813,96.35887145996094,0.68,0.0002348750269127635,0.0001597150183006792,2.009288406800723e-09,True
CBOE,2023-08-30,0.0009791600006287802,145.73509216308594,0.55,0.0009094353921940128,0.0005001894657067071,3.3606560388887862e-09,True
CSX,2023-08-30,0.004554585828368192,29.465532302856445,0.11,,,,False
FDS,2023-08-30,0.001095059170310613,419.2381286621094,0.98,,,,False
QCOM,2023-08-30,0.00980284376744556,106.29882049560547,0.8,0.002058823529411765,0.001647058823529412,1.5189124627698955e-07,True
UNP,2023-08-30,0.009400900594958206,208.63453674316406,1.3,0.0002293157218858925,0.00029811043845166026,1.3432611119670192e-08,True
FTV,2023-08-31,0.0014181596387263038,58.647193908691406,0.052751,,,,False
MCD,2023-08-31,0.014095314653734791,261.51727294921875,1.52,,,,False
TER,2023-08-31,0.0011363092361411375,106.70964050292969,0.11,0.0020218412098718086,0.00022240253308589895,2.3682776110538355e-09,True
ADI,2023-09-01,0.006261220633498498,174.0919952392578,0.86,0.0005748316145401934,0.0004943551885045664,1.777949010399903e-08,True
LIN,2023-09-01,0.013193555153348144,374.2654113769531,1.275,,,,False
ODFL,2023-09-05,0.0015928990122711633,208.03054809570312,0.2,,,,False
MOS,2023-09-06,0.0008908916564993039,34.78791427612305,0.2,0.0016208980821115597,0.00032417961642231197,8.301989972305085e-09,True
CME,2023-09-07,0.004923420524915132,180.66009521484375,1.1,,,,False
JKHY,2023-09-07,0.0007750450828354375,144.8850860595703,0.52,0.004311975442099011,0.002242227229891486,1.1994520874374903e-08,True
TPR,2023-09-07,0.0005124342457713566,29.768096923828125,0.35,,,,False
NXPI,2023-09-12,0.0036737561060405438,189.18106079101562,1.014,,,,False
AME,2023-09-13,0.0024822596938640852,149.6003875732422,0.25,,,,False
BR,2023-09-14,0.0014872898360421918,178.1155548095703,0.8,0.0013529343826824399,0.001082347506145952,9.037753309516086e-09,True
DVN,2023-09-14,0.0022562737040970646,46.160255432128906,0.49,,,,False
GILD,2023-09-14,0.006449960403039669,70.38268280029297,0.75,,,,False
KO,2023-09-14,0.017601552273238372,53.6248893737793,0.46,0.010440889219607478,0.00480280904101944,1.5764488352533764e-06,True
MRK,2023-09-14,0.018735490167800007,98.7777328491211,0.73,0.0026483140191960594,0.0019332692340131234,3.666893912303983e-07,True
MSI,2023-09-14,0.003212312609261944,275.8333740234375,0.88,,,,False
NDAQ,2023-09-14,0.0017447843603436732,49.434818267822266,0.22,0.0011243173787343398,0.00024734982332155476,8.73012419965009e-09,True
TMO,2023-09-14,0.014844721624636056,510.6734924316406,0.35,0.00605588333518869,0.0021195591673160413,6.161327398438226e-08,True
TROW,2023-09-14,0.0017237282797398226,95.08642578125,1.22,,,,False
VRSK,2023-09-14,0.0025342310136178855,243.072021484375,0.34,,,,False
ALLE,2023-09-15,0.0006762053533567435,101.7890853881836,0.45,0.00039732265656040834,0.00017879519545218375,1.1877724203745242e-09,True
MDT,2023-09-21,0.0073352690240023844,73.5283432006836,0.69,,,,False
COP,2023-09-27,0.010289289040387542,112.66883850097656,0.6,0.003194155514422841,0.0019164933086537044,1.7502047468551566e-07,True
ITW,2023-09-28,0.005102164555654636,217.39039611816406,1.4,0.0013808686919407481,0.0019332161687170472,4.537268982703886e-08,True
KDP,2023-09-28,0.0032051771761098615,29.03522300720215,0.215,,,,False
NUE,2023-09-28,0.003063161283828074,151.6196746826172,0.51,0.0011730211071290944,0.0005982407646358381,1.2086214750665832e-08,True
STLD,2023-09-28,0.0012466512098353573,102.01516723632812,0.425,,,,False
ZBH,2023-09-28,0.0016942077501956733,109.60057830810547,0.24,,,,False
RSG,2023-09-29,0.00309076472883726,138.18411254882812,0.535,0.00024424000651306684,0.00013066840348449076,2.9226608270225833e-09,True
A,2023-10-02,0.0023015485500385673,108.61459350585938,0.225,0.001314252336448598,0.00029570677570093455,6.266041043686737e-09,True
CSCO,2023-10-03,0.015251243626086895,49.92459487915039,0.39,0.016877785185445103,0.00658233622232359,2.0108087726796583e-06,True
BMY,2023-10-05,0.00869031994998015,49.48918151855469,0.57,0.0037045863211941335,0.002111614203080656,3.708002935714986e-07,True
DGX,2023-10-05,0.0010032792290391517,116.6443099975586,0.71,0.0010118385105737124,0.0007184053425073357,6.179136883603267e-09,True
INTU,2023-10-05,0.009996755660687903,505.1202697753906,0.9,,,,False
MRVL,2023-10-05,0.003233264028374292,52.66916275024414,0.06,,,,False
NTAP,2023-10-05,0.001122384874117244,71.70442962646484,0.5,0.010845646023263125,0.005422823011631562,8.488310352619787e-08,True
ACN,2023-10-11,0.01377447053096248,297.1424255371094,1.29,0.0007327463147769912,0.0009452427460623187,4.381810617149787e-08,True
DHR,2023-10-11,0.011176520296679175,213.03744506835938,0.27,0.0013027866925105654,0.00035175240697785267,1.8453882202409196e-08,True
ORCL,2023-10-11,0.020049631556690845,106.22409057617188,0.4,0.005705248828922609,0.0022820995315690437,4.307427301610609e-07,True
ABBV,2023-10-12,0.018491472852761426,135.04367065429688,1.48,0.0032039135976849142,0.004741792124573673,6.492915952311022e-07,True
ABT,2023-10-12,0.01192001595881445,85.19766235351562,0.51,0.004192151742148306,0.0021379973884956363,2.991274911396672e-07,True
IEX,2023-10-12,0.0011030554153145444,197.8831787109375,0.64,,,,False
PG,2023-10-19,0.025278363599043077,137.85719299316406,0.941,0.0037436285149867084,0.0035227544326024924,6.459544510084591e-07,True
RVTY,2023-10-19,0.0009755052191541005,100.6811294555664,0.07,0.001083693507682478,7.585854553777347e-05,7.349977844874657e-10,True
CLX,2023-10-24,0.0011322430673628382,109.50020599365234,1.2,0.002165380971714711,0.002598457166057653,2.6868306642990384e-08,True
NSC,2023-11-02,0.0031712902013726917,181.346923828125,1.35,,,,False
WST,2023-11-07,0.0017188628644273427,327.78460693359375,0.2,,,,False
MSCI,2023-11-08,0.002747897181706492,487.4754638671875,1.38,0.005233927985349093,0.007222820619781748,4.071501007992735e-08,True
RMD,2023-11-08,0.0015135739020118257,144.91671752929688,0.48,0.000113237352685868,5.435392928921664e-05,5.67696331013865e-10,True
HON,2023-11-09,0.008813490396783669,171.6473846435547,1.067549,0.0038910505836575876,0.0041538871595330745,2.132875176973601e-07,True
PFE,2023-11-09,0.012768365295606763,24.802806854248047,0.41,0.002501744243994817,0.001025715140037875,5.280332050400547e-07,True
ROL,2023-11-09,0.0013497823061074778,36.49787521362305,0.15,,,,False
TECH,2023-11-09,0.0006276288857892272,56.054115295410156,0.08,,,,False
AAPL,2023-11-10,0.1,184.1548309326172,0.24,0.007164086750116654,0.0017193808200279968,9.336604482871935e-07,True
PH,2023-11-10,0.003490350387597237,408.3617858886719,1.48,,,,False
COP,2023-11-13,0.011066306851082702,106.12569427490234,0.58,0.003194155514422841,0.0018526101983652476,1.931818026787075e-07,True
PAYX,2023-11-13,0.0029175872934307226,104.17351531982422,0.89,0.020337048886352984,0.018099973508854155,5.069258972277012e-07,True
CF,2023-11-14,0.0011372937931622557,75.10986328125,0.4,,,,False
CHD,2023-11-14,0.0016323729458587025,88.80036163330078,0.273,,,,False
CTAS,2023-11-14,0.0009399591344408135,133.42279052734375,0.3375,0.00019465119832427552,6.5694779434443e-05,4.6281754241846736e-10,True
XOM,2023-11-14,0.03148936271920767,95.36647033691406,0.95,0.0010781280216592536,0.001024221620576291,3.3819104346884397e-07,True
EXE,2023-11-15,0.0009156702677975068,77.05237579345703,0.575,,,,False
MSFT,2023-11-15,0.1,361.9430847167969,0.75,,,,False
AMGN,2023-11-16,0.00995112072130348,247.80844116210938,2.13,,,,False
CVX,2023-11-16,0.02060395995398243,126.36454772949219,1.51,,,,False
EMR,2023-11-16,0.003834642945096857,83.49689483642578,0.525,0.0017830760609302563,0.0009361149319883846,4.299161695511436e-08,True
HLT,2023-11-16,0.0029580600577574366,166.09451293945312,0.15,,,,False
HSY,2023-11-16,0.00279854847438831,180.2110595703125,1.192,0.0002435865616230812,0.00029035518145471275,4.509007671495254e-09,True
IR,2023-11-17,0.001791541275582901,70.13894653320312,0.02,,,,False
JNJ,2023-11-20,0.02879891969509605,138.76182556152344,1.19,0.00516099133164109,0.006141579684652896,1.2746363016169175e-06,True
SWKS,2023-11-20,0.0010127026207388194,86.58584594726562,0.68,0.0002348750269127635,0.0001597150183006792,1.868016831561073e-09,True
MCHP,2023-11-21,0.0028339448562261253,76.89997863769531,0.439,0.0002488534963916243,0.00010924668491592307,4.025996967253709e-09,True
AMAT,2023-11-22,0.008140787665997799,146.3302764892578,0.32,,,,False
FTV,2023-11-22,0.001265204950107406,50.510658264160156,0.060286,,,,False
MCO,2023-11-22,0.00414588858594476,356.5492858886719,0.77,0.0027432333577176297,0.002112289685442575,2.4561310437793396e-08,True
TER,2023-11-24,0.0009452391749331344,91.60408782958984,0.11,0.0020218412098718086,0.00022240253308589895,2.2949149089092077e-09,True
SPGI,2023-11-27,0.00775277185891298,381.5273742675781,0.851466,,,,False
CBOE,2023-11-29,0.0012654889123319781,175.05654907226562,0.55,0.0009094353921940128,0.0005001894657067071,3.615884274376904e-09,True
CSX,2023-11-29,0.004494430542886586,30.529159545898438,0.11,,,,False
FDS,2023-11-29,0.0011968690858579895,438.9180603027344,0.98,0.00614190882988701,0.00601907065328927,1.6413176494829464e-08,True
QCOM,2023-11-29,0.008904145984164157,120.80120849609375,0.8,0.002058823529411765,0.001647058823529412,1.2140319117491103e-07,True
JKHY,2023-11-30,0.0007841770773433257,152.7931365966797,0.52,0.004311975442099011,0.002242227229891486,1.1507736767766151e-08,True
KO,2023-11-30,0.017185826314734264,54.033390045166016,0.46,0.010440889219607478,0.00480280904101944,1.5275784460830776e-06,True
MCD,2023-11-30,0.01412432132187665,263.7298889160156,1.67,,,,False
ADI,2023-12-01,0.006152245878395218,175.52590942382812,0.86,0.003355155755469143,0.0028854339497034628,1.0113549152211313e-07,True
LIN,2023-12-01,0.014099159766240493,397.4219970703125,1.275,,,,False
ODFL,2023-12-05,0.001449536189496242,194.14743041992188,0.2,,,,False
MOS,2023-12-06,0.0008226888365571581,32.137821197509766,0.2,0.0016208980821115597,0.00032417961642231197,8.298600886194583e-09,True
AME,2023-12-07,0.0024147002582230507,153.20033264160156,0.25,,,,False
CME,2023-12-07,0.005302215884419711,186.4044952392578,1.1,,,,False
NDAQ,2023-12-07,0.0018557591716963579,52.19527816772461,0.22,0.0011243173787343398,0.00024734982332155476,8.79431472271162e-09,True
UNP,2023-12-07,0.009326201126504943,217.9004364013672,1.3,0.0002293157218858925,0.00029811043845166026,1.2759212201804071e-08,True
NXPI,2023-12-12,0.003643028089531508,208.75547790527344,1.014,,,,False
BR,2023-12-14,0.0015474601274572523,184.19207763671875,0.8,0.0013529343826824399,0.001082347506145952,9.093168562423362e-09,True
DVN,2023-12-14,0.0019852127006357127,41.499183654785156,0.77,,,,False
GILD,2023-12-14,0.006457526228390495,75.08174896240234,0.75,,,,False
MRK,2023-12-14,0.017611065873174788,97.32368469238281,0.77,0.0026483140191960594,0.002039201794780966,3.69000796158662e-07,True
MSI,2023-12-14,0.003656061250008865,306.76397705078125,0.98,,,,False
TMO,2023-12-14,0.0132050082804399,516.845458984375,0.35,0.00605588333518869,0.0021195591673160413,5.415312424392756e-08,True
TROW,2023-12-14,0.0015372776134346664,93.83683013916016,1.22,,,,False
VRSK,2023-12-14,0.002524966894700422,230.61392211914062,0.34,,,,False
NDSN,2023-12-18,0.0009086287439164306,245.9475555419922,0.68,0.0007821554288767461,0.0005318656916361873,1.96492481601884e-09,True
MDT,2023-12-19,0.007131740711506958,75.62791442871094,0.69,,,,False
ZBH,2023-12-26,0.0016535878921387721,118.56877136230469,0.24,,,,False
CME,2023-12-27,0.005302215884419711,190.90234375,5.25,,,,False
DHR,2023-12-28,0.01099485335075076,229.71243286132812,0.24,0.0013027866925105654,0.00031266880620253566,1.4965440175484428e-08,True
ITW,2023-12-28,0.004994164984981711,246.64547729492188,1.4,0.0013808686919407481,0.0019332161687170472,3.9144445720618755e-08,True
NUE,2023-12-28,0.003024053872448313,168.88397216796875,0.54,0.0011730211071290944,0.000633431397849711,1.1342288122478647e-08,True
STLD,2023-12-28,0.0013927652261903245,115.06201171875,0.425,,,,False
A,2023-12-29,0.002548730080126586,136.3951873779297,0.236,0.001314252336448598,0.0003101635514018691,5.795828932192574e-09,True
RSG,2023-12-29,0.0034691707323552747,160.42654418945312,0.535,0.00024424000651306684,0.00013066840348449076,2.8256608237889553e-09,True
CSCO,2024-01-03,0.013267118608725722,47.368370056152344,0.39,0.016877785185445103,0.00658233622232359,1.8436065095876393e-06,True
BMY,2024-01-04,0.007111768899259935,46.17699432373047,0.6,0.0037045863211941335,0.00222275179271648,3.423284105369265e-07,True
KDP,2024-01-04,0.003030924630622965,30.073486328125,0.215,,,,False
MRVL,2024-01-04,0.0033347227093101215,57.65979766845703,0.06,,,,False
NTAP,2024-01-04,0.0012071280789039578,82.18802642822266,0.5,0.010845646023263125,0.005422823011631562,7.964714823738763e-08,True
INTU,2024-01-09,0.011320283641356363,592.9675903320312,0.9,,,,False
ORCL,2024-01-10,0.01847395550111523,101.07242584228516,0.4,0.005705248828922609,0.0022820995315690437,4.1712074132967344e-07,True
ABT,2024-01-11,0.012540459146955828,107.7353515625,0.55,0.004192151742148306,0.0023056834581815684,2.683829290366576e-07,True
IEX,2024-01-11,0.001065710666318295,201.3465576171875,0.64,,,,False
ABBV,2024-01-12,0.01779611832779668,149.2962188720703,1.55,0.0032039135976849142,0.004966066076411617,5.919553769490089e-07,True
DGX,2024-01-16,0.0010508220785837626,127.6136703491211,0.71,0.0010118385105737124,0.0007184053425073357,5.915637354634222e-09,True
ACN,2024-01-17,0.014473209655681465,337.45489501953125,1.29,0.00437375398220716,0.005642142637047237,2.419876389362135e-07,True
PG,2024-01-18,0.023509108829262673,138.6248779296875,0.941,0.0037436285149867084,0.0035227544326024924,5.974167016170455e-07,True
RVTY,2024-01-18,0.0008916802075681284,105.2076187133789,0.07,0.001083693507682478,7.585854553777347e-05,6.429340808028043e-10,True
ZTS,2024-01-18,0.005912420478580315,183.70166015625,0.432,,,,False
CLX,2024-01-23,0.0011403175972376062,130.28607177734375,1.2,0.002165380971714711,0.002598457166057653,2.274277205308272e-08,True
PFE,2024-01-25,0.010660302096845086,23.301414489746094,0.42,0.002501744243994817,0.001050732582477823,4.807058711882449e-07,True
TXN,2024-01-30,0.010194815710682299,151.26602172851562,1.3,,,,False
WST,2024-01-30,0.0016852129460930038,373.31451416015625,0.2,,,,False
NSC,2024-02-01,0.00342751241121824,242.6369171142578,1.35,,,,False
BX,2024-02-02,0.005646899677706137,114.90966033935547,0.94,0.03188805205365362,0.029974768930434405,1.4730224814233e-06,True
SLB,2024-02-06,0.004462644496974551,44.914363861083984,0.275,0.003017956843217142,0.0008299381318847141,8.246178991958834e-08,True
RMD,2024-02-07,0.0017957137600137364,182.20346069335938,0.48,0.000113237352685868,5.435392928921664e-05,5.35687403323933e-10,True
PH,2024-02-08,0.003871270322403937,503.3310852050781,1.48,,,,False
AAPL,2024-02-09,0.1,186.8134307861328,0.24,0.0097838423105522,0.0023481221545325276,1.2569343353159108e-06,True
TECH,2024-02-09,0.0007116554169420917,67.06586456298828,0.08,,,,False
PAYX,2024-02-12,0.0028172286940821843,111.91710662841797,0.89,0.020337048886352984,0.018099973508854155,4.5562082748057307e-07,True
XOM,2024-02-13,0.026941858402236358,93.5301284790039,0.95,0.0010781280216592536,0.001024221620576291,2.9503256675489345e-07,True
CF,2024-02-14,0.0009482051532327783,73.26793670654297,0.5,,,,False
CHD,2024-02-14,0.0015788165653829417,94.1240005493164,0.284,,,,False
CTAS,2024-02-14,0.0009871065216094104,149.9005584716797,0.3375,0.00019465119832427552,6.5694779434443e-05,4.326050941810331e-10,True
MSFT,2024-02-14,0.1,401.6720886230469,0.75,,,,False
COP,2024-02-15,0.00932298638438973,102.84315490722656,0.78,0.008490993776019126,0.006622975145294919,6.003890794621798e-07,True
CVX,2024-02-15,0.01864844970448968,139.17788696289062,1.63,,,,False
MSCI,2024-02-15,0.0031208946193468567,557.3201293945312,1.6,0.013633883238694779,0.021814213181911648,1.2215575385492505e-07,True
TEL,2024-02-15,0.002938891031685744,138.12673950195312,0.59,,,,False
TER,2024-02-15,0.00098093551729499,101.69778442382812,0.12,0.0020218412098718086,0.00024262094518461702,2.340223080764664e-09,True
HSY,2024-02-16,0.0025864553679016637,177.16488647460938,1.37,0.0002435865616230812,0.00033371358942362126,4.871932141192992e-09,True
JNJ,2024-02-16,0.027599229514166854,146.00827026367188,1.19,0.014807595204264962,0.017621038293075306,3.3308187217769587e-06,True
NDSN,2024-02-16,0.0009356233928395917,255.56956481933594,0.68,0.0010195417236037604,0.000693288372050557,2.538083199901834e-09,True
ROK,2024-02-16,0.001895823678295615,268.7777099609375,1.25,0.0010708765731949658,0.0013385957164937072,9.441785389728464e-09,True
SWKS,2024-02-16,0.0010863402347349007,95.43510437011719,0.68,0.0002348750269127635,0.0001597150183006792,1.8180401395964414e-09,True
ROL,2024-02-20,0.0013906048268808792,39.621482849121094,0.15,,,,False
AMAT,2024-02-21,0.008923551462871387,186.63531494140625,0.32,,,,False
META,2024-02-21,0.06873231951376856,464.4480285644531,0.5,0.012149560421639413,0.006074780210819706,8.989891414040865e-07,True
FTV,2024-02-22,0.0013591953754832253,63.87092971801758,0.060286,,,,False
HLT,2024-02-22,0.003343922995146929,201.2992706298828,0.15,,,,False
MCHP,2024-02-22,0.0030374272955671034,78.61927795410156,0.45,0.0002488534963916243,0.00011198407337623094,4.3264640682700135e-09,True
MCO,2024-02-22,0.0047337223288971145,374.3650817871094,0.85,0.010649087221095335,0.009051724137931033,1.1445605039389794e-07,True
SPGI,2024-02-26,0.009003531110761683,401.94500732421875,0.860927,,,,False
CBOE,2024-02-28,0.0012844560121377457,191.47393798828125,0.55,0.0031800715516099114,0.0017490393533854515,1.1733002081249065e-08,True
CSX,2024-02-28,0.0048634925399366835,36.36894989013672,0.12,,,,False
FDS,2024-02-28,0.0011933206364377331,451.0808410644531,0.98,0.00614190882988701,0.00601907065328927,1.5923268223490188e-08,True
QCOM,2024-02-28,0.010909141736411993,147.93601989746094,0.8,0.008738135120044668,0.006990508096035734,5.154961156995291e-07,True
UNP,2024-02-28,0.009850207056405625,240.31297302246094,1.3,0.002155976615945935,0.0028027696007297156,1.1488294015657091e-07,True
ADI,2024-03-04,0.006834697474028332,187.51779174804688,0.92,0.003355155755469143,0.0030867432950316114,1.1250642621620027e-07,True
ODFL,2024-03-05,0.0017308809343177275,211.74893188476562,0.26,,,,False
IR,2024-03-06,0.0026448885396991167,90.02767944335938,0.02,,,,False
AME,2024-03-07,0.0029870682862825682,178.70162963867188,0.28,,,,False
CME,2024-03-07,0.005687568165487279,194.63229370117188,1.15,,,,False
JKHY,2024-03-07,0.0009119753016623843,167.85198974609375,0.55,0.004311975442099011,0.0023715864931544563,1.2885330169661004e-08,True
KMB,2024-03-07,0.00293183587902542,113.45732116699219,1.22,0.003230385198962361,0.00394106994273408,1.0184067578018907e-07,True
CRM,2024-03-13,0.022415769767667838,299.36309814453125,0.4,0.006842905602994502,0.002737162241197801,2.0495378019444927e-07,True
LIN,2024-03-13,0.0158946249440655,459.7760314941406,1.39,,,,False
ALLE,2024-03-14,0.0008049279035679069,126.20496368408203,0.48,0.0018626054563383367,0.0008940506190424016,5.7022027459301685e-09,True
DVN,2024-03-14,0.0020348696604386494,44.56004333496094,0.44,,,,False
EXR,2024-03-14,0.002142593057530989,127.60164642333984,1.62,0.832045574882827,1.34791383131018,2.263317831757172e-05,True
GILD,2024-03-14,0.006462645888231096,68.82968139648438,0.77,,,,False
GRMN,2024-03-14,0.0018948824166423242,141.19432067871094,0.73,0.014084477589468262,0.01028166864031183,1.3798397149841756e-07,True
KO,2024-03-14,0.01873452587706496,56.38549041748047,0.485,0.01982340341828037,0.009614350657865978,3.1944441709622216e-06,True
MRK,2024-03-14,0.023297127519205846,111.47406005859375,0.77,0.006071695916160692,0.004675205855443733,9.77078137600441e-07,True
MSI,2024-03-14,0.003950162800140472,333.8154602050781,0.98,,,,False
TMO,2024-03-14,0.01591478448341102,580.048583984375,0.39,0.020510068366894556,0.007998926663088877,2.1946643342740875e-07,True
TROW,2024-03-14,0.001833052432504886,101.54396057128906,1.24,,,,False
VRSK,2024-03-14,0.00249382264289684,228.4638214111328,0.39,,,,False
NXPI,2024-03-20,0.004695518000327384,230.83749389648438,1.014,,,,False
MDT,2024-03-21,0.00798050754073464,77.49903106689453,0.69,,,,False
DHR,2024-03-27,0.013461076583948758,245.38983154296875,0.27,0.012683131017161993,0.003424445374633738,1.8785098451572194e-07,True
ITW,2024-03-27,0.005644346034596739,253.94635009765625,1.4,0.003166325200223505,0.004432855280312907,9.852698853026869e-08,True
MPWR,2024-03-27,0.002487758244038984,661.9544067382812,1.25,,,,False
NUE,2024-03-27,0.0034641085317669742,191.94691467285156,0.54,0.007938870815709426,0.00428699024048309,7.736826347519121e-08,True
SYK,2024-03-27,0.009635214701129486,351.0904541015625,0.8,,,,False
VLTO,2024-03-27,0.001531835106451974,88.81492614746094,0.09,,,,False
ZBH,2024-03-27,0.0018760145749039047,129.73953247070312,0.24,,,,False
A,2024-04-01,0.003012709896980566,143.03343200683594,0.236,0.007463778720913215,0.0017614517781355187,3.710141839279414e-08,True
CSCO,2024-04-03,0.014383127236314363,46.08190155029297,0.4,0.016877785185445103,0.006751114074178041,2.1071641891730505e-06,True
BMY,2024-04-04,0.007986997040054483,46.139644622802734,0.6,0.009976447584766476,0.005985868550859886,1.0361829786232318e-06,True
NTAP,2024-04-04,0.0015772460290396275,100.55707550048828,0.5,0.010845646023263125,0.005422823011631562,8.505742652827113e-08,True
MKC,2024-04-05,0.0014687844842426793,71.02345275878906,0.42,,,,False
INTU,2024-04-09,0.012918802825866422,631.9737548828125,0.9,,,,False
ORCL,2024-04-09,0.024153072833481955,120.24009704589844,0.4,0.005705248828922609,0.0022820995315690437,4.584137700604291e-07,True
ACN,2024-04-10,0.015687822321160866,310.742919921875,1.29,0.00437375398220716,0.005642142637047237,2.8484295385682943e-07,True
MRVL,2024-04-11,0.004347996078858691,71.08441925048828,0.06,,,,False
ABBV,2024-04-12,0.022883216812796647,150.57913208007812,1.55,0.009941455870981995,0.015409256600022092,2.341714650837562e-06,True
PG,2024-04-18,0.028563879510451827,148.1375732421875,1.007,0.0037436285149867084,0.003769833914591615,7.268991880592234e-07,True
WSM,2024-04-18,0.0007218659821044471,135.17486572265625,0.565,,,,False
ZTS,2024-04-18,0.005497156542838211,148.06698608398438,0.432,,,,False
CAT,2024-04-19,0.012969938937065948,344.6151428222656,1.3,,,,False
CL,2024-04-19,0.005242561829352241,82.71641540527344,0.5,0.0029949659083667876,0.0014974829541833938,9.49103867381442e-08,True
LEN,2024-04-23,0.00334311795037398,144.98023986816406,0.484027,,,,False
WST,2024-04-23,0.0020614021974858015,387.52691650390625,0.2,,,,False
FAST,2024-04-24,0.0015636179793480456,32.277469635009766,0.195,0.0005580736929505764,0.0001088243701253624,5.2717807078247295e-09,True
BX,2024-04-26,0.006697916203565288,113.94843292236328,0.83,0.06437831685808057,0.053434002992206873,3.140863505395505e-06,True
AOS,2024-04-29,0.0009575225412862368,80.57970428466797,0.32,,,,False
KVUE,2024-05-07,0.002682988756862836,18.288427352905273,0.2,,,,False
PAYX,2024-05-09,0.003188421883119561,112.09024047851562,0.98,0.020337048886352984,0.019930307908625922,5.669202742530798e-07,True
PH,2024-05-09,0.005266121337860601,549.0565795898438,1.63,,,,False
ROL,2024-05-09,0.0016057571821718158,45.63163375854492,0.15,,,,False
AAPL,2024-05-10,0.1,181.32156372070312,0.25,0.0097838423105522,0.00244596057763805,1.3489628742699688e-06,True
TECH,2024-05-10,0.0007417798099806945,79.93754577636719,0.08,,,,False
IVZ,2024-05-13,0.00047415143995167965,14.435091972351074,0.205,0.008361906094744945,0.0017141907494227135,5.630625795439586e-08,True
CF,2024-05-14,0.0011062990056286209,70.72197723388672,0.5,,,,False
CHD,2024-05-14,0.0019886087964104296,103.93803405761719,0.284,,,,False
CTAS,2024-05-14,0.001246424592077282,168.5877685546875,0.3375,0.00019465119832427552,6.5694779434443e-05,4.857030219936789e-10,True
IR,2024-05-15,0.00280202179599237,92.59190368652344,0.02,,,,False
MSFT,2024-05-15,0.1,415.75115966796875,0.75,,,,False
HLT,2024-05-16,0.003722703777792471,204.7704315185547,0.15,,,,False
HSY,2024-05-16,0.0029505704213086256,194.2249298095703,1.37,0.0008711157159808086,0.001193428530893708,1.8129984274692592e-08,True
IEX,2024-05-16,0.0012456301664421463,215.1951446533203,0.69,,,,False
MCO,2024-05-16,0.0050725253672274356,404.7301330566406,0.85,0.010649087221095335,0.009051724137931033,1.1344621157815891e-07,True
MSCI,2024-05-16,0.002742432356908185,483.187255859375,1.6,0.013633883238694779,0.021814213181911648,1.2381122089854645e-07,True
JNJ,2024-05-20,0.02755900860446285,142.22425842285156,1.24,0.014807595204264962,0.01836141805328855,3.5579196104243123e-06,True
NDSN,2024-05-20,0.0010956835302082886,260.42169189453125,0.68,0.0010195417236037604,0.000693288372050557,2.9169023725118635e-09,True
SWKS,2024-05-20,0.0012655947361197724,87.14546966552734,0.68,0.0002348750269127635,0.0001597150183006792,2.3195065356400537e-09,True
MCHP,2024-05-21,0.0037348546614459368,90.17408752441406,0.452,0.0002488534963916243,0.0001124817803690142,4.658800696211209e-09,True
TER,2024-05-21,0.0013222247016536099,139.2104949951172,0.12,0.01021859299674401,0.0012262311596092812,1.164677368060225e-08,True
AMAT,2024-05-22,0.01231830867685843,214.30526733398438,0.4,,,,False
MAS,2024-05-23,0.0011240780473740063,66.08612060546875,0.29,,,,False
TEL,2024-05-23,0.0033386571667806844,145.3390350341797,0.65,,,,False
JKHY,2024-05-24,0.0008852623674451731,163.39222717285156,0.55,0.004311975442099011,0.0023715864931544563,1.2849303237111077e-08,True
SPGI,2024-05-29,0.009198696261641848,394.94232177734375,0.860927,,,,False
QCOM,2024-05-30,0.013753657585232622,195.1970672607422,0.85,0.008738135120044668,0.007427414852037967,5.233383987370313e-07,True
CBOE,2024-05-31,0.001333033799040826,169.71949768066406,0.55,0.0031800715516099114,0.0017490393533854515,1.3737541094436945e-08,True
CSX,2024-05-31,0.004825470525789414,32.69351577758789,0.12,,,,False
FDS,2024-05-31,0.001122502860023671,392.3296813964844,1.04,0.00614190882988701,0.006387585183082491,1.8275656868818215e-08,True
FTV,2024-05-31,0.0014365621251857428,55.54588317871094,0.060286,,,,False
UNP,2024-05-31,0.01036555148186768,221.53927612304688,1.3,0.002155976615945935,0.0028027696007297156,1.3113815796726467e-07,True
ADI,2024-06-04,0.00849744337315105,223.05169677734375,0.92,0.003355155755469143,0.0030867432950316114,1.1759348499001884e-07,True
LIN,2024-06-04,0.015656053947689482,418.7585754394531,1.39,,,,False
ODFL,2024-06-05,0.0013944408913208791,173.272705078125,0.26,,,,False
SLB,2024-06-05,0.004783165169416586,40.67216491699219,0.275,0.003017956843217142,0.0008299381318847141,9.760314390206316e-08,True
CME,2024-06-07,0.005328504493951687,182.7594757080078,1.15,,,,False
KMB,2024-06-07,0.0032802977258621128,122.27825927734375,1.22,0.003230385198962361,0.00394106994273408,1.0572511292699982e-07,True
GOOG,2024-06-10,0.10000000000000002,175.1718292236328,0.2,,,,False
NVDA,2024-06-11,0.01972582687824357,120.57612609863281,0.01,0.01421489773809133,0.0001421489773809133,2.325506888852561e-08,True
NXPI,2024-06-13,0.005193229220166411,264.5064697265625,1.014,,,,False
ALLE,2024-06-14,0.0007784003865465633,113.36770629882812,0.48,0.0018626054563383367,0.0008940506190424016,6.138691256753364e-09,True
AME,2024-06-14,0.0028592476390621588,164.6374969482422,0.28,,,,False
DVN,2024-06-14,0.0023008738113571314,42.745574951171875,0.35,,,,False
EXR,2024-06-14,0.0022335090552948523,141.8372344970703,1.62,0.832045574882827,1.34791383131018,2.1225581270414923e-05,True
GILD,2024-06-14,0.00584762510829875,61.08306121826172,0.77,,,,False
KO,2024-06-14,0.0199388720575811,58.748416900634766,0.485,0.01982340341828037,0.009614350657865978,3.2630548667914677e-06,True
META,2024-06-14,0.08961950352749622,500.7982177734375,0.5,0.012149560421639413,0.006074780210819706,1.0871020846536188e-06,True
MSI,2024-06-14,0.004428636054247725,366.641845703125,0.98,,,,False
TMO,2024-06-14,0.01609229393767299,567.6821899414062,0.39,0.020510068366894556,0.007998926663088877,2.267484894349108e-07,True
TROW,2024-06-14,0.001934217881586686,102.6268081665039,1.24,,,,False
VRSK,2024-06-14,0.002645261154139231,259.7764587402344,0.39,,,,False
GRMN,2024-06-17,0.002294542917067524,154.6647491455078,0.75,0.014084477589468262,0.010563358192101196,1.56713658762217e-07,True
MRK,2024-06-17,0.023348784406646683,118.6455078125,0.77,0.006071695916160692,0.004675205855443733,9.20054838889966e-07,True
ZBH,2024-06-26,0.0017632568559618957,106.00492858886719,0.24,,,,False
DHR,2024-06-28,0.013861497775502803,246.71975708007812,0.27,0.012683131017161993,0.003424445374633738,1.9239619276785237e-07,True
ITW,2024-06-28,0.005305412521643693,225.6892547607422,1.4,0.003166325200223505,0.004432855280312907,1.0420578478908315e-07,True
MDT,2024-06-28,0.007907392096674667,73.78315734863281,0.7,,,,False
MPWR,2024-06-28,0.002579925348086114,809.27392578125,1.25,,,,False
NUE,2024-06-28,0.0030875174455081886,153.35037231445312,0.54,0.007938870815709426,0.00428699024048309,8.631317261541066e-08,True
RL,2024-06-28,0.0009074813004278389,170.65579223632812,0.825,,,,False
SYK,2024-06-28,0.00955683271800146,333.8067321777344,0.8,,,,False
VLTO,2024-06-28,0.001773710463454626,94.57307434082031,0.09,,,,False
A,2024-07-02,0.0026594506308758926,123.82613372802734,0.236,0.007463778720913215,0.0017614517781355187,3.783122271191174e-08,True
CSCO,2024-07-05,0.013566651665608394,44.483741760253906,0.4,0.016877785185445103,0.006751114074178041,2.058954786060628e-06,True
LEN,2024-07-05,0.0028867580731105607,133.27520751953125,0.484027,,,,False
NTAP,2024-07-05,0.001863388361448125,124.3601303100586,0.52,0.017868538608806637,0.009291640076579451,1.3922415435152305e-07,True
MKC,2024-07-08,0.0013441676199196285,65.7382583618164,0.42,,,,False
CRM,2024-07-09,0.01753240933733443,248.4109649658203,0.4,0.006842905602994502,0.002737162241197801,1.931841005568274e-07,True
INTU,2024-07-10,0.01294300133891241,621.7957763671875,0.9,,,,False
ACN,2024-07-11,0.0136073449076564,286.6966247558594,1.29,0.00437375398220716,0.005642142637047237,2.6779031997978443e-07,True
ORCL,2024-07-11,0.02731974085252943,139.68951416015625,0.4,0.00851570023224637,0.0034062800928985485,6.661823542633626e-07,True
IEX,2024-07-12,0.0010724820461052247,198.6523895263672,0.69,,,,False
MRVL,2024-07-12,0.004248782917953738,73.19242095947266,0.06,,,,False
ABBV,2024-07-15,0.021357174659723227,157.34678649902344,1.55,0.009941455870981995,0.015409256600022092,2.0915469067123737e-06,True
ZTS,2024-07-18,0.005580625344689409,173.73890686035156,0.432,,,,False
CL,2024-07-19,0.00559799526286958,93.58675384521484,0.5,0.0029949659083667876,0.0014974829541833938,8.957360031539555e-08,True
PG,2024-07-19,0.028769195249879365,159.1381072998047,1.007,0.0037436285149867084,0.003769833914591615,6.815155074339403e-07,True
WSM,2024-07-19,0.0006360807700485301,142.6025848388672,0.57,,,,False
CAT,2024-07-22,0.011682706428894706,339.3940734863281,1.41,,,,False
FAST,2024-07-26,0.0012621445818788955,33.721073150634766,0.195,0.0005580736929505764,0.0001088243701253624,4.073182621340276e-09,True
BX,2024-07-29,0.0062544062474220955,131.91079711914062,0.82,0.06437831685808057,0.05279021982362606,2.5029905654308547e-06,True
AOS,2024-07-31,0.000897153307481152,81.58293914794922,0.32,,,,False
WST,2024-07-31,0.0015720692068856203,304.2757263183594,0.2,,,,False
MAS,2024-08-02,0.0011997362607783948,72.35090637207031,0.29,,,,False
PAYX,2024-08-08,0.0032204949863025413,115.84852600097656,0.98,0.028507404520654714,0.02793725643024162,7.766330515407951e-07,True
AAPL,2024-08-12,0.1,215.72543334960938,0.25,0.0097838423105522,0.00244596057763805,1.133830415662706e-06,True
ROL,2024-08-12,0.001620186430857777,46.525089263916016,0.15,,,,False
KVUE,2024-08-14,0.0024736616151526235,19.477394104003906,0.205,,,,False
CF,2024-08-15,0.0010042712438972869,76.3302001953125,0.5,,,,False
CHD,2024-08-15,0.0016952849543134573,97.5589370727539,0.284,,,,False
CTAS,2024-08-15,0.0013509040813558092,188.59487915039062,0.39,0.0005983359757581189,0.0002333510305456664,1.6714921474689039e-09,True
IR,2024-08-15,0.0028290110474437375,92.0433578491211,0.02,,,,False
MSFT,2024-08-15,0.1,414.482421875,0.75,,,,False
HSY,2024-08-16,0.002819750216535159,181.79478454589844,1.37,0.0008711157159808086,0.001193428530893708,1.851081903593968e-08,True
IVZ,2024-08-16,0.0005419911084678865,15.603108406066895,0.205,0.008361906094744945,0.0017141907494227135,5.954429849655884e-08,True
MCO,2024-08-16,0.005867610221160147,459.2980651855469,0.85,0.010649087221095335,0.009051724137931033,1.156373019977561e-07,True
MSCI,2024-08-16,0.002987820251710308,547.0447387695312,1.6,0.013633883238694779,0.021814213181911648,1.1914372500253672e-07,True
TECH,2024-08-19,0.0008985252406668517,74.16832733154297,0.08,,,,False
SWKS,2024-08-20,0.0012660100448125809,99.0638198852539,0.7,0.0002348750269127635,0.00016441251883893445,2.1011495476767137e-09,True
AMAT,2024-08-22,0.012348438507241277,197.0485382080078,0.4,,,,False
MCHP,2024-08-22,0.0033284268491158347,75.52461242675781,0.454,0.0009954940794299487,0.0004519543120611967,1.9917968705857304e-08,True
HLT,2024-08-23,0.003801464327974338,216.16470336914062,0.15,,,,False
TEL,2024-08-23,0.003417679175654009,148.96591186523438,0.65,,,,False
JNJ,2024-08-27,0.02823410920736824,154.36866760253906,1.24,0.014807595204264962,0.01836141805328855,3.358312866011708e-06,True
NDSN,2024-08-27,0.0009969256221172076,249.03933715820312,0.78,0.0010195417236037604,0.0007952425444109332,3.1834234597938764e-09,True
SPGI,2024-08-27,0.010062700079888517,470.5439453125,0.860927,,,,False
PH,2024-08-28,0.0050892869005482325,577.4046630859375,1.63,,,,False
CBOE,2024-08-30,0.0013528459219767886,202.13168334960938,0.63,0.0031800715516099114,0.002003445077514244,1.3408845452158821e-08,True
CSX,2024-08-30,0.004801107759632731,33.31502151489258,0.12,,,,False
FDS,2024-08-30,0.0010973364821067024,411.3857727050781,1.04,0.00614190882988701,0.006387585183082491,1.703833899716706e-08,True
UNP,2024-08-30,0.010509027575807335,244.97825622558594,1.34,0.002155976615945935,0.002889008665367553,1.2393210809344898e-07,True
ADI,2024-09-03,0.007782997036709316,212.3553009033203,0.92,0.003355155755469143,0.0030867432950316114,1.1313168927791878e-07,True
LIN,2024-09-04,0.015723167938115873,459.9200134277344,1.39,,,,False
SLB,2024-09-04,0.0041933601371978635,39.15679931640625,0.275,0.003017956843217142,0.0008299381318847141,8.887931443180155e-08,True
QCOM,2024-09-05,0.013041608984143457,156.83050537109375,0.85,0.008738135120044668,0.007427414852037967,6.176441250003947e-07,True
TER,2024-09-05,0.0013943159952709346,125.26612091064453,0.12,0.01021859299674401,0.0012262311596092812,1.3648971544049468e-08,True
JKHY,2024-09-06,0.0008438340208433954,164.91395568847656,0.55,0.011289331780064752,0.006209132479035614,3.177097537840488e-08,True
CME,2024-09-09,0.005179569211388665,201.3927001953125,1.15,,,,False
GOOG,2024-09-09,0.09999999999999998,148.50070190429688,0.2,,,,False
BR,2024-09-12,0.0016589334936533045,202.71795654296875,0.88,0.0018595930411262065,0.0016364418761910617,1.339175021851002e-08,True
NVDA,2024-09-12,0.019642645003820586,118.82118225097656,0.01,0.01421489773809133,0.0001421489773809133,2.3499024731564256e-08,True
NXPI,2024-09-12,0.00447476297962352,217.13323974609375,1.014,,,,False
DVN,2024-09-13,0.0019199201469003373,37.42457580566406,0.44,,,,False
FTV,2024-09-13,0.0013131122011692587,54.9790153503418,0.060286,,,,False
GILD,2024-09-13,0.006573689609281648,78.47467041015625,0.77,,,,False
GRMN,2024-09-13,0.0023474661383804164,167.2960662841797,0.75,0.014084477589468262,0.010563358192101196,1.4822300496545425e-07,True
KO,2024-09-13,0.020999646267608398,67.52974700927734,0.485,0.01982340341828037,0.009614350657865978,2.989763353921592e-06,True
MSI,2024-09-13,0.004906328904625706,432.4056701660156,0.98,,,,False
TMO,2024-09-13,0.015937505076067882,606.888671875,0.39,0.020510068366894556,0.007998926663088877,2.1005983503071746e-07,True
TROW,2024-09-13,0.0015919524445979218,94.50877380371094,1.24,,,,False
VRSK,2024-09-13,0.0026110363682391173,264.50262451171875,0.39,,,,False
AME,2024-09-16,0.002637613030483481,166.22637939453125,0.28,,,,False
EXR,2024-09-16,0.002497429598856431,162.3943634033203,1.62,0.832045574882827,1.34791383131018,2.072929028122407e-05,True
META,2024-09-16,0.09152731038199487,530.2294921875,0.5,0.012149560421639413,0.006074780210819706,1.0486181965553126e-06,True
MRK,2024-09-16,0.020147819864687885,110.50242614746094,0.77,0.006071695916160692,0.004675205855443733,8.524265818391601e-07,True
CRM,2024-09-18,0.016399556720897605,248.8009490966797,0.4,0.006842905602994502,0.002737162241197801,1.8041831267846073e-07,True
ALLE,2024-09-20,0.0008113531007289817,137.24777221679688,0.48,0.0018626054563383367,0.0008940506190424016,5.285264236004424e-09,True
DHR,2024-09-27,0.013294698558197147,272.25457763671875,0.27,0.012683131017161993,0.003424445374633738,1.6722205143421568e-07,True
MDT,2024-09-27,0.007757365180378282,84.38941955566406,0.7,,,,False
NUE,2024-09-27,0.0025404202831388104,146.162353515625,0.54,0.007938870815709426,0.00428699024048309,7.451136834203431e-08,True
VLTO,2024-09-27,0.001850064951797316,109.35218048095703,0.09,,,,False
ITW,2024-09-30,0.005086595208146231,251.03143310546875,1.5,0.003166325200223505,0.004749487800335257,9.623783598520198e-08,True
MPWR,2024-09-30,0.0028794169548737435,911.7736206054688,1.25,,,,False
SYK,2024-09-30,0.008989071371424065,355.2076416015625,0.8,,,,False
ZBH,2024-09-30,0.0014679937446290786,106.08331298828125,0.24,,,,False
A,2024-10-01,0.0028127892709697007,144.51303100585938,0.236,0.007463778720913215,0.0017614517781355187,3.4284746699895884e-08,True
CSCO,2024-10-02,0.01382920971938329,50.55997848510742,0.4,0.02537033250933963,0.010148133003735852,2.775726251746644e-06,True
NTAP,2024-10-04,0.00164995648191602,119.37484741210938,0.52,0.017868538608806637,0.009291640076579451,1.2842572873879773e-07,True
MKC,2024-10-07,0.0014399417926072157,75.54196166992188,0.42,,,,False
LEN,2024-10-09,0.003334520969317693,169.08120727539062,0.484027,,,,False
ACN,2024-10-10,0.014638319177157601,348.7999572753906,1.48,0.004195236276663702,0.006208949689462279,2.605751102128217e-07,True
INTU,2024-10-10,0.011286733084230076,609.5119018554688,1.04,,,,False
ORCL,2024-10-10,0.030443481609800493,172.0232696533203,0.4,0.00851570023224637,0.0034062800928985485,6.028197555770905e-07,True
IEX,2024-10-11,0.0010557770384949353,206.16513061523438,0.69,,,,False
MRVL,2024-10-11,0.004047864319315167,73.67111206054688,0.06,,,,False
ABBV,2024-10-15,0.02270570467679543,181.09642028808594,1.55,0.009941455870981995,0.015409256600022092,1.9319985955132676e-06,True
CL,2024-10-18,0.005529728015837472,96.33686828613281,0.5,0.0029949659083667876,0.0014974829541833938,8.595539373765313e-08,True
PG,2024-10-18,0.02776399245232582,163.23788452148438,1.007,0.005628339223455777,0.005667737598019967,9.639859298254934e-07,True
WSM,2024-10-18,0.0006444868402613076,140.39761352539062,0.57,,,,False
CAT,2024-10-21,0.01266664785676186,382.3345947265625,1.41,,,,False
FAST,2024-10-25,0.0013245721509938693,36.535491943359375,0.195,0.0005580736929505764,0.0001088243701253624,3.945361683947544e-09,True
BX,2024-10-28,0.007143459438396565,159.85667419433594,0.86,0.06437831685808057,0.05536535249794929,2.4740921944918212e-06,True
AOS,2024-10-31,0.0007637665310969644,72.37117004394531,0.34,,,,False
ZTS,2024-10-31,0.005518633713808075,173.71336364746094,0.432,,,,False
PAYX,2024-11-07,0.0033788329567837386,137.42449951171875,0.98,0.028507404520654714,0.02793725643024162,6.868886048995167e-07,True
RMD,2024-11-07,0.0023987327094131374,244.34597778320312,0.53,0.000113237352685868,6.0015796923510046e-05,5.891721912838302e-10,True
AAPL,2024-11-08,0.1,225.32479858398438,0.25,0.0097838423105522,0.00244596057763805,1.0855265789692372e-06,True
MAS,2024-11-08,0.0011871500525726065,78.4053726196289,0.29,,,,False
PH,2024-11-08,0.00556134296622215,684.65234375,1.63,,,,False
TECH,2024-11-08,0.0007858001199683662,75.2064208984375,0.08,,,,False
ROL,2024-11-12,0.0015367587070694612,49.90024185180664,0.165,,,,False
KVUE,2024-11-13,0.0029572274816751596,21.465900421142578,0.205,,,,False
WST,2024-11-13,0.0015241871228379754,342.09088134765625,0.21,,,,False
IR,2024-11-14,0.0026076508767639882,102.81242370605469,0.02,,,,False
IVZ,2024-11-14,0.0005249014233626858,16.610429763793945,0.205,0.008361906094744945,0.0017141907494227135,5.416964985748898e-08,True
CF,2024-11-15,0.0010421305263604345,83.79364013671875,0.5,,,,False
CTAS,2024-11-15,0.0014033597284681565,211.8356475830078,0.39,0.0005983359757581189,0.0002333510305456664,1.5458939163485673e-09,True
HLT,2024-11-15,0.0040091050070045235,247.4996795654297,0.15,,,,False
MSCI,2024-11-15,0.003042393581712376,579.9376831054688,1.6,0.013633883238694779,0.021814213181911648,1.1443888560468624e-07,True
HSY,2024-11-18,0.002444324576485768,161.00575256347656,1.37,0.0008711157159808086,0.001193428530893708,1.811815194114084e-08,True
AMAT,2024-11-21,0.010186194744167616,173.3902130126953,0.4,,,,False
MSFT,2024-11-21,0.1,407.26287841796875,0.83,,,,False
MCHP,2024-11-22,0.002651671409191601,63.56769561767578,0.455,0.0009954940794299487,0.00045294980614062665,1.8894409166029368e-08,True
MCO,2024-11-22,0.005626144776510395,473.85919189453125,0.85,0.010649087221095335,0.009051724137931033,1.0747139941176579e-07,True
TEL,2024-11-22,0.003147129552155492,148.81057739257812,0.65,,,,False
TER,2024-11-25,0.001092188781450568,110.0602035522461,0.12,0.01021859299674401,0.0012262311596092812,1.216857567735296e-08,True
JNJ,2024-11-26,0.027564275770404822,147.55715942382812,1.24,0.014807595204264962,0.01836141805328855,3.429987353597735e-06,True
SPGI,2024-11-26,0.009612995286128882,486.8226013183594,0.860927,,,,False
CBOE,2024-11-29,0.001517770704372589,213.03147888183594,0.63,0.0031800715516099114,0.002003445077514244,1.4273807150150055e-08,True
CSX,2024-11-29,0.004435755749277614,35.64842987060547,0.12,,,,False
FDS,2024-11-29,0.0011605128587384528,478.3947448730469,1.04,0.006557708927961886,0.0068200172850803615,1.6544324202922892e-08,True
FTV,2024-11-29,0.0012712894332188118,59.31907653808594,0.060286,,,,False
KO,2024-11-29,0.01908395022077497,61.05765151977539,0.485,0.01982340341828037,0.009614350657865978,3.0050253292228877e-06,True
JKHY,2024-12-02,0.0008216208182768004,171.301025390625,0.55,0.011289331780064752,0.006209132479035614,2.9781214073768747e-08,True
LIN,2024-12-03,0.014492916531178346,447.6258239746094,1.39,,,,False
SWKS,2024-12-03,0.0008944297861765801,82.36849975585938,0.7,0.0002348750269127635,0.00016441251883893445,1.78533607514686e-09,True
SLB,2024-12-04,0.004005414300547465,40.75925064086914,0.275,0.003017956843217142,0.0008299381318847141,8.155807601348474e-08,True
NVDA,2024-12-05,0.021754500957170814,144.68179321289062,0.01,0.01421489773809133,0.0001421489773809133,2.1373664203509544e-08,True
NXPI,2024-12-05,0.003828561474484847,210.22616577148438,1.014,,,,False
QCOM,2024-12-05,0.01126807949653411,154.4632110595703,0.85,0.01732457266054104,0.014725886761459882,1.0742523190269276e-06,True
AME,2024-12-06,0.002866281253745782,189.39723205566406,0.28,,,,False
ADI,2024-12-09,0.006911000127644477,213.5762176513672,0.92,0.008360633009506471,0.007691782368745954,2.48894326890785e-07,True
CME,2024-12-09,0.0054641062222484564,219.1992950439453,1.15,,,,False
GOOG,2024-12-09,0.1,176.0686798095703,0.2,,,,False
UNP,2024-12-09,0.009526320119627486,224.69580078125,1.34,0.002155976615945935,0.002889008665367553,1.2248391504860578e-07,True
BR,2024-12-13,0.0017589883035085433,225.7064971923828,0.88,0.0018595930411262065,0.0016364418761910617,1.2753208947893756e-08,True
DVN,2024-12-13,0.0015559301581865258,32.34907150268555,0.22,,,,False
GILD,2024-12-13,0.007366793716994962,87.78255462646484,0.77,,,,False
GRMN,2024-12-13,0.0026037727343046595,209.4113311767578,0.75,0.014084477589468262,0.010563358192101196,1.3134238672152398e-07,True
MSI,2024-12-13,0.005303757527591205,460.9112548828125,1.09,,,,False
TMO,2024-12-13,0.013123436925770228,523.5880737304688,0.39,0.020510068366894556,0.007998926663088877,2.0048854204984534e-07,True
TROW,2024-12-13,0.0017778721180857584,109.16788482666016,1.24,,,,False
VRSK,2024-12-13,0.002692609311672902,279.2120056152344,0.39,,,,False
EXR,2024-12-16,0.0023067139156542843,143.7257080078125,1.62,0.832045574882827,1.34791383131018,2.1633232042364084e-05,True
META,2024-12-16,0.09642459282564708,621.1695556640625,0.5,0.012149560421639413,0.006074780210819706,9.429924615468038e-07,True
MRK,2024-12-16,0.016532437151636853,94.48440551757812,0.81,0.006071695916160692,0.004918073692090161,8.605414171386461e-07,True
ALLE,2024-12-17,0.0007870467555876505,134.0400390625,0.48,0.0018626054563383367,0.0008940506190424016,5.2496227542902404e-09,True
APH,2024-12-17,0.0013893230044788312,36.718345642089844,0.0825,,,,False
CRM,2024-12-18,0.020462716056505823,332.7611083984375,0.4,0.006842905602994502,0.002737162241197801,1.683182689581482e-07,True
CME,2024-12-27,0.0054641062222484564,221.5904083251953,5.8,,,,False
DHR,2024-12-27,0.011315015669155545,228.6943817138672,0.27,0.012683131017161993,0.003424445374633738,1.6942984249008536e-07,True
MDT,2024-12-27,0.007247273783941934,76.94308471679688,0.7,,,,False
MKC,2024-12-30,0.001351004206172413,72.22379302978516,0.45,,,,False
ZBH,2024-12-30,0.0015012302911058708,103.81053924560547,0.24,,,,False
A,2024-12-31,0.002266169750122493,132.70855712890625,0.248,0.01228878648233487,0.0030476190476190477,5.204202536014964e-08,True
DE,2024-12-31,0.006811710099329355,415.6854248046875,1.62,0.03855297943967895,0.0624558266922799,1.0234445570028308e-06,True
ITW,2024-12-31,0.004488856099469085,244.31796264648438,1.5,0.003166325200223505,0.004749487800335257,8.726238157420109e-08,True
MPWR,2024-12-31,0.001680909407365942,584.7657470703125,1.25,,,,False
NUE,2024-12-31,0.0017286673528025397,114.16752624511719,0.55,0.007938870815709426,0.004366378948640184,6.611351744867454e-08,True
SYK,2024-12-31,0.00817151961062235,354.8406982421875,0.84,,,,False
VLTO,2024-12-31,0.0014843966237815048,101.08377838134766,0.11,,,,False
